job_url,ref_nr
https://www.arbeitsagentur.de/jobsuche/jobdetail/20263-2248762-S,20263-2248762-S
https://www.arbeitsagentur.de/jobsuche/jobdetail/12811-2248822-S,12811-2248822-S
https://www.arbeitsagentur.de/jobsuche/jobdetail/10001-1003040076-S,10001-1003040076-S
https://www.arbeitsagentur.de/jobsuche/jobdetail/15518-NV5SN12M39YDZ8HQ-S,15518-NV5SN12M39YDZ8HQ-S
https://www.arbeitsagentur.de/jobsuche/jobdetail/10000-1206434768-S,10000-1206434768-S
https://www.arbeitsagentur.de/jobsuche/jobdetail/11119-4801694365-S,11119-4801694365-S
https://www.arbeitsagentur.de/jobsuche/jobdetail/10001-1003039087-S,10001-1003039087-S
https://www.arbeitsagentur.de/jobsuche/jobdetail/12787-258407070526-S,12787-258407070526-S
https://www.arbeitsagentur.de/jobsuche/jobdetail/11949-17215340-S,11949-17215340-S
https://www.arbeitsagentur.de/jobsuche/jobdetail/16986-JOB-116130-S,16986-JOB-116130-S
https://www.arbeitsagentur.de/jobsuche/jobdetail/11119-4792475420-S,11119-4792475420-S
https://www.arbeitsagentur.de/jobsuche/jobdetail/14751-70A21990-S,14751-70A21990-S
https://www.arbeitsagentur.de/jobsuche/jobdetail/12122-209123-1770806-0-S,12122-209123-1770806-0-S
https://www.arbeitsagentur.de/jobsuche/jobdetail/11119-4791109772-S,11119-4791109772-S
https://www.arbeitsagentur.de/jobsuche/jobdetail/11949-17216082-S,11949-17216082-S
https://www.arbeitsagentur.de/jobsuche/jobdetail/10001-1003036012-S,10001-1003036012-S
https://www.arbeitsagentur.de/jobsuche/jobdetail/14076-BB-13168-7878-32287-S,14076-BB-13168-7878-32287-S
https://www.arbeitsagentur.de/jobsuche/jobdetail/10000-1206448869-S,10000-1206448869-S
https://www.arbeitsagentur.de/jobsuche/jobdetail/13635-bc328725_JB5139753-S,13635-bc328725_JB5139753-S
https://www.arbeitsagentur.de/jobsuche/jobdetail/10001-1003040099-S,10001-1003040099-S
https://www.arbeitsagentur.de/jobsuche/jobdetail/12633-977d18c0_JB5140184-S,12633-977d18c0_JB5140184-S
https://www.arbeitsagentur.de/jobsuche/jobdetail/14927-18so62dtvwn-S,14927-18so62dtvwn-S
https://www.arbeitsagentur.de/jobsuche/jobdetail/10001-1003036795-S,10001-1003036795-S
https://www.arbeitsagentur.de/jobsuche/jobdetail/12739-UYNBGBVX48BS6AR7-S,12739-UYNBGBVX48BS6AR7-S
https://www.arbeitsagentur.de/jobsuche/jobdetail/13635-037a5e00_JB5140714-S,13635-037a5e00_JB5140714-S
https://www.arbeitsagentur.de/jobsuche/jobdetail/14792-UF39HN74Q70JKUMW-S,14792-UF39HN74Q70JKUMW-S
https://www.arbeitsagentur.de/jobsuche/jobdetail/17560-66bb0336c8c8439-S,17560-66bb0336c8c8439-S
https://www.arbeitsagentur.de/jobsuche/jobdetail/14927-krhgu43vm1-S,14927-krhgu43vm1-S
https://www.arbeitsagentur.de/jobsuche/jobdetail/18084-k59993.1305-S,18084-k59993.1305-S
https://www.arbeitsagentur.de/jobsuche/jobdetail/11119-4791109740-S,11119-4791109740-S
https://www.arbeitsagentur.de/jobsuche/jobdetail/14087-XMQABMCRSCHY9BIW-S,14087-XMQABMCRSCHY9BIW-S
https://www.arbeitsagentur.de/jobsuche/jobdetail/10001-1003041775-S,10001-1003041775-S
https://www.arbeitsagentur.de/jobsuche/jobdetail/11119-4804141599-S,11119-4804141599-S
https://www.arbeitsagentur.de/jobsuche/jobdetail/10001-1003033795-S,10001-1003033795-S
https://www.arbeitsagentur.de/jobsuche/jobdetail/12872-4804185176-S,12872-4804185176-S
https://www.arbeitsagentur.de/jobsuche/jobdetail/12456-1570820-1-S,12456-1570820-1-S
https://www.arbeitsagentur.de/jobsuche/jobdetail/10001-1003041507-S,10001-1003041507-S
https://www.arbeitsagentur.de/jobsuche/jobdetail/12122-209204-1771015-0-S,12122-209204-1771015-0-S
https://www.arbeitsagentur.de/jobsuche/jobdetail/18024-1002X000QIT0I-S,18024-1002X000QIT0I-S
https://www.arbeitsagentur.de/jobsuche/jobdetail/10001-1003043258-S,10001-1003043258-S
https://www.arbeitsagentur.de/jobsuche/jobdetail/14040-5P3OBOGU7A5LVMBI-S,14040-5P3OBOGU7A5LVMBI-S
https://www.arbeitsagentur.de/jobsuche/jobdetail/14751-373A94682-S,14751-373A94682-S
https://www.arbeitsagentur.de/jobsuche/jobdetail/12668-449af706c7d24e4-S,12668-449af706c7d24e4-S
https://www.arbeitsagentur.de/jobsuche/jobdetail/12608-1401792-10793-1-S,12608-1401792-10793-1-S
https://www.arbeitsagentur.de/jobsuche/jobdetail/11081-0NG3R0UYOG8KVVYU-S,11081-0NG3R0UYOG8KVVYU-S
https://www.arbeitsagentur.de/jobsuche/jobdetail/12457-1571612-1-S,12457-1571612-1-S
https://www.arbeitsagentur.de/jobsuche/jobdetail/13356-106245A47972C7-S,13356-106245A47972C7-S
https://www.arbeitsagentur.de/jobsuche/jobdetail/10001-1003039457-S,10001-1003039457-S
https://www.arbeitsagentur.de/jobsuche/jobdetail/17902-k59932.5683-S,17902-k59932.5683-S
https://www.arbeitsagentur.de/jobsuche/jobdetail/11949-17215334-S,11949-17215334-S
https://www.arbeitsagentur.de/jobsuche/jobdetail/16185-V8FAB8WX6TNO2N4T-S,16185-V8FAB8WX6TNO2N4T-S
https://www.arbeitsagentur.de/jobsuche/jobdetail/10001-1003042561-S,10001-1003042561-S
https://www.arbeitsagentur.de/jobsuche/jobdetail/11949-17214966-S,11949-17214966-S
https://www.arbeitsagentur.de/jobsuche/jobdetail/11119-4804224813-S,11119-4804224813-S
https://www.arbeitsagentur.de/jobsuche/jobdetail/10001-1003041925-S,10001-1003041925-S
https://www.arbeitsagentur.de/jobsuche/jobdetail/10000-1206439243-S,10000-1206439243-S
https://www.arbeitsagentur.de/jobsuche/jobdetail/12633-2d81300f_JB5140191-S,12633-2d81300f_JB5140191-S
https://www.arbeitsagentur.de/jobsuche/jobdetail/13251-afygnsk8p2-S,13251-afygnsk8p2-S
https://www.arbeitsagentur.de/jobsuche/jobdetail/11949-17216754-S,11949-17216754-S
https://www.arbeitsagentur.de/jobsuche/jobdetail/10001-1003034332-S,10001-1003034332-S
https://www.arbeitsagentur.de/jobsuche/jobdetail/14795-66617_118814-S,14795-66617_118814-S
https://www.arbeitsagentur.de/jobsuche/jobdetail/11949-17215348-S,11949-17215348-S
https://www.arbeitsagentur.de/jobsuche/jobdetail/11949-17213710-S,11949-17213710-S
https://www.arbeitsagentur.de/jobsuche/jobdetail/12608-1401794-26075-1-S,12608-1401794-26075-1-S
https://www.arbeitsagentur.de/jobsuche/jobdetail/11949-17215211-S,11949-17215211-S
https://www.arbeitsagentur.de/jobsuche/jobdetail/10001-1003037364-S,10001-1003037364-S
https://www.arbeitsagentur.de/jobsuche/jobdetail/11081-PL3R774IB27G411G-S,11081-PL3R774IB27G411G-S
https://www.arbeitsagentur.de/jobsuche/jobdetail/11119-4801686659-S,11119-4801686659-S
https://www.arbeitsagentur.de/jobsuche/jobdetail/10001-1003042966-S,10001-1003042966-S
https://www.arbeitsagentur.de/jobsuche/jobdetail/10001-1003041352-S,10001-1003041352-S
https://www.arbeitsagentur.de/jobsuche/jobdetail/10001-1003035934-S,10001-1003035934-S
https://www.arbeitsagentur.de/jobsuche/jobdetail/10001-1003043130-S,10001-1003043130-S
https://www.arbeitsagentur.de/jobsuche/jobdetail/11119-4804205278-S,11119-4804205278-S
https://www.arbeitsagentur.de/jobsuche/jobdetail/13635-2975cdda_JB5139837-S,13635-2975cdda_JB5139837-S
https://www.arbeitsagentur.de/jobsuche/jobdetail/12826-SA0135522_JB5140610-S,12826-SA0135522_JB5140610-S
https://www.arbeitsagentur.de/jobsuche/jobdetail/10001-1003036437-S,10001-1003036437-S
https://www.arbeitsagentur.de/jobsuche/jobdetail/12608-1401775-8325-1-S,12608-1401775-8325-1-S
https://www.arbeitsagentur.de/jobsuche/jobdetail/11949-17215127-S,11949-17215127-S
https://www.arbeitsagentur.de/jobsuche/jobdetail/10001-1003039627-S,10001-1003039627-S
https://www.arbeitsagentur.de/jobsuche/jobdetail/15537-JOB-838211-S,15537-JOB-838211-S
https://www.arbeitsagentur.de/jobsuche/jobdetail/12811-2249255-S,12811-2249255-S
https://www.arbeitsagentur.de/jobsuche/jobdetail/11119-4791377715-S,11119-4791377715-S
https://www.arbeitsagentur.de/jobsuche/jobdetail/10001-1003038675-S,10001-1003038675-S
https://www.arbeitsagentur.de/jobsuche/jobdetail/11119-4792439990-S,11119-4792439990-S
https://www.arbeitsagentur.de/jobsuche/jobdetail/14751-437A316-S,14751-437A316-S
https://www.arbeitsagentur.de/jobsuche/jobdetail/11119-4791095173-S,11119-4791095173-S
https://www.arbeitsagentur.de/jobsuche/jobdetail/15910-k55670.3577-S,15910-k55670.3577-S
https://www.arbeitsagentur.de/jobsuche/jobdetail/11070-1570952-1-S,11070-1570952-1-S
https://www.arbeitsagentur.de/jobsuche/jobdetail/11949-17215656-S,11949-17215656-S
https://www.arbeitsagentur.de/jobsuche/jobdetail/10001-1003035751-S,10001-1003035751-S
https://www.arbeitsagentur.de/jobsuche/jobdetail/10000-1206447632-S,10000-1206447632-S
https://www.arbeitsagentur.de/jobsuche/jobdetail/10001-1003036822-S,10001-1003036822-S
https://www.arbeitsagentur.de/jobsuche/jobdetail/11949-17215982-S,11949-17215982-S
https://www.arbeitsagentur.de/jobsuche/jobdetail/14742-3067502_3931152-S,14742-3067502_3931152-S
https://www.arbeitsagentur.de/jobsuche/jobdetail/18024-100fe0000300L-S,18024-100fe0000300L-S
https://www.arbeitsagentur.de/jobsuche/jobdetail/14421-00076d1b7ea001-S,14421-00076d1b7ea001-S
https://www.arbeitsagentur.de/jobsuche/jobdetail/11112-2936-1770860-0-S,11112-2936-1770860-0-S
https://www.arbeitsagentur.de/jobsuche/jobdetail/10001-1003038520-S,10001-1003038520-S
https://www.arbeitsagentur.de/jobsuche/jobdetail/10001-1003040521-S,10001-1003040521-S
https://www.arbeitsagentur.de/jobsuche/jobdetail/11949-17216207-S,11949-17216207-S
https://www.arbeitsagentur.de/jobsuche/jobdetail/14413-k27218.3045-S,14413-k27218.3045-S
https://www.arbeitsagentur.de/jobsuche/jobdetail/16963-REF203Q-8308963248-S,16963-REF203Q-8308963248-S
https://www.arbeitsagentur.de/jobsuche/jobdetail/14927-1rye5o3wisp-S,14927-1rye5o3wisp-S
https://www.arbeitsagentur.de/jobsuche/jobdetail/10001-1003039267-S,10001-1003039267-S
https://www.arbeitsagentur.de/jobsuche/jobdetail/10001-1003037928-S,10001-1003037928-S
https://www.arbeitsagentur.de/jobsuche/jobdetail/10001-1003041552-S,10001-1003041552-S
https://www.arbeitsagentur.de/jobsuche/jobdetail/17803-260507172724-PH1405-S,17803-260507172724-PH1405-S
https://www.arbeitsagentur.de/jobsuche/jobdetail/10001-1003037726-S,10001-1003037726-S
https://www.arbeitsagentur.de/jobsuche/jobdetail/14751-373A94746-S,14751-373A94746-S
https://www.arbeitsagentur.de/jobsuche/jobdetail/12811-2249396-S,12811-2249396-S
https://www.arbeitsagentur.de/jobsuche/jobdetail/10000-1206450124-S,10000-1206450124-S
https://www.arbeitsagentur.de/jobsuche/jobdetail/14751-62A117738-S,14751-62A117738-S
https://www.arbeitsagentur.de/jobsuche/jobdetail/10001-1003036432-S,10001-1003036432-S
https://www.arbeitsagentur.de/jobsuche/jobdetail/10001-1003035743-S,10001-1003035743-S
https://www.arbeitsagentur.de/jobsuche/jobdetail/13635-47bf1b3e_JB5140262-S,13635-47bf1b3e_JB5140262-S
https://www.arbeitsagentur.de/jobsuche/jobdetail/12811-2248731-S,12811-2248731-S
https://www.arbeitsagentur.de/jobsuche/jobdetail/10001-1003038941-S,10001-1003038941-S
https://www.arbeitsagentur.de/jobsuche/jobdetail/14722-VJYQK06HLED5I6H2-S,14722-VJYQK06HLED5I6H2-S
https://www.arbeitsagentur.de/jobsuche/jobdetail/17803-260507173152-AH1420-S,17803-260507173152-AH1420-S
https://www.arbeitsagentur.de/jobsuche/jobdetail/14751-70A22073-S,14751-70A22073-S
https://www.arbeitsagentur.de/jobsuche/jobdetail/14722-QFZS6RZNYT3YL402-S,14722-QFZS6RZNYT3YL402-S
https://www.arbeitsagentur.de/jobsuche/jobdetail/12072-FX1PY5I0UX5P8HDC-S,12072-FX1PY5I0UX5P8HDC-S
https://www.arbeitsagentur.de/jobsuche/jobdetail/12967-0002_00111276-S,12967-0002_00111276-S
https://www.arbeitsagentur.de/jobsuche/jobdetail/14751-437A261-S,14751-437A261-S
https://www.arbeitsagentur.de/jobsuche/jobdetail/12826-SA0137609_JB5141199-S,12826-SA0137609_JB5141199-S
https://www.arbeitsagentur.de/jobsuche/jobdetail/18024-100PJ000K1s1p-S,18024-100PJ000K1s1p-S
https://www.arbeitsagentur.de/jobsuche/jobdetail/10000-1206443971-S,10000-1206443971-S
https://www.arbeitsagentur.de/jobsuche/jobdetail/10001-1003040717-S,10001-1003040717-S
https://www.arbeitsagentur.de/jobsuche/jobdetail/14751-437A367-S,14751-437A367-S
https://www.arbeitsagentur.de/jobsuche/jobdetail/10000-1206449828-S,10000-1206449828-S
https://www.arbeitsagentur.de/jobsuche/jobdetail/18024-100PJ000V6r1C-S,18024-100PJ000V6r1C-S
https://www.arbeitsagentur.de/jobsuche/jobdetail/10001-1003040797-S,10001-1003040797-S
https://www.arbeitsagentur.de/jobsuche/jobdetail/11119-4804145596-S,11119-4804145596-S
https://www.arbeitsagentur.de/jobsuche/jobdetail/11081-AZ9Z7Q041QCM27GO-S,11081-AZ9Z7Q041QCM27GO-S
https://www.arbeitsagentur.de/jobsuche/jobdetail/13356-101813A47867C5-S,13356-101813A47867C5-S
https://www.arbeitsagentur.de/jobsuche/jobdetail/14751-437A330-S,14751-437A330-S
https://www.arbeitsagentur.de/jobsuche/jobdetail/10001-1003043025-S,10001-1003043025-S
https://www.arbeitsagentur.de/jobsuche/jobdetail/10001-1003041364-S,10001-1003041364-S
https://www.arbeitsagentur.de/jobsuche/jobdetail/10001-1003038789-S,10001-1003038789-S
https://www.arbeitsagentur.de/jobsuche/jobdetail/11119-4804139364-S,11119-4804139364-S
https://www.arbeitsagentur.de/jobsuche/jobdetail/10000-1206431267-S,10000-1206431267-S
https://www.arbeitsagentur.de/jobsuche/jobdetail/10001-1003042801-S,10001-1003042801-S
https://www.arbeitsagentur.de/jobsuche/jobdetail/10000-1206233981-S,10000-1206233981-S
https://www.arbeitsagentur.de/jobsuche/jobdetail/14332-00002f2a2c2001-S,14332-00002f2a2c2001-S
https://www.arbeitsagentur.de/jobsuche/jobdetail/18248-VAFKC5FENBBAJZEA-S,18248-VAFKC5FENBBAJZEA-S
https://www.arbeitsagentur.de/jobsuche/jobdetail/12122-209155-1770912-0-S,12122-209155-1770912-0-S
https://www.arbeitsagentur.de/jobsuche/jobdetail/13270-2026-00003416-1-S,13270-2026-00003416-1-S
https://www.arbeitsagentur.de/jobsuche/jobdetail/11119-4792438786-S,11119-4792438786-S
https://www.arbeitsagentur.de/jobsuche/jobdetail/10000-1206432292-S,10000-1206432292-S
https://www.arbeitsagentur.de/jobsuche/jobdetail/12288-4803136606-S,12288-4803136606-S
https://www.arbeitsagentur.de/jobsuche/jobdetail/10001-1003043228-S,10001-1003043228-S
https://www.arbeitsagentur.de/jobsuche/jobdetail/10001-1003040196-S,10001-1003040196-S
https://www.arbeitsagentur.de/jobsuche/jobdetail/12608-1401783-50894-1-S,12608-1401783-50894-1-S
https://www.arbeitsagentur.de/jobsuche/jobdetail/10001-1003036869-S,10001-1003036869-S
https://www.arbeitsagentur.de/jobsuche/jobdetail/13635-f549c4f7_JB5140698-S,13635-f549c4f7_JB5140698-S
https://www.arbeitsagentur.de/jobsuche/jobdetail/15937-k55805.115253-S,15937-k55805.115253-S
https://www.arbeitsagentur.de/jobsuche/jobdetail/14751-373A95541-S,14751-373A95541-S
https://www.arbeitsagentur.de/jobsuche/jobdetail/14722-LBPGOUYHON78VR75-S,14722-LBPGOUYHON78VR75-S
https://www.arbeitsagentur.de/jobsuche/jobdetail/10001-1003043155-S,10001-1003043155-S
https://www.arbeitsagentur.de/jobsuche/jobdetail/11081-4KS000HCDZMZCFXJ-S,11081-4KS000HCDZMZCFXJ-S
https://www.arbeitsagentur.de/jobsuche/jobdetail/11949-17215931-S,11949-17215931-S
https://www.arbeitsagentur.de/jobsuche/jobdetail/16465-k58186.6090-S,16465-k58186.6090-S
https://www.arbeitsagentur.de/jobsuche/jobdetail/12826-SA0137557_JB5140754-S,12826-SA0137557_JB5140754-S
https://www.arbeitsagentur.de/jobsuche/jobdetail/11119-4804136990-S,11119-4804136990-S
https://www.arbeitsagentur.de/jobsuche/jobdetail/11949-17215146-S,11949-17215146-S
https://www.arbeitsagentur.de/jobsuche/jobdetail/11949-17215313-S,11949-17215313-S
https://www.arbeitsagentur.de/jobsuche/jobdetail/12811-2248462-S,12811-2248462-S
https://www.arbeitsagentur.de/jobsuche/jobdetail/10000-1206446098-S,10000-1206446098-S
https://www.arbeitsagentur.de/jobsuche/jobdetail/17489-04b7beaf1bb34ab-S,17489-04b7beaf1bb34ab-S
https://www.arbeitsagentur.de/jobsuche/jobdetail/13999-k53401.30933-S,13999-k53401.30933-S
https://www.arbeitsagentur.de/jobsuche/jobdetail/17381-UB6RP4JHAU37U76I-S,17381-UB6RP4JHAU37U76I-S
https://www.arbeitsagentur.de/jobsuche/jobdetail/17803-260507172901-PS1410-S,17803-260507172901-PS1410-S
https://www.arbeitsagentur.de/jobsuche/jobdetail/11119-4804120825-S,11119-4804120825-S
https://www.arbeitsagentur.de/jobsuche/jobdetail/14722-C5U82H6UND9IQXC1-S,14722-C5U82H6UND9IQXC1-S
https://www.arbeitsagentur.de/jobsuche/jobdetail/10001-1003039081-S,10001-1003039081-S
https://www.arbeitsagentur.de/jobsuche/jobdetail/13243-NOF16280619-JB-S,13243-NOF16280619-JB-S
https://www.arbeitsagentur.de/jobsuche/jobdetail/11949-17213934-S,11949-17213934-S
https://www.arbeitsagentur.de/jobsuche/jobdetail/11119-4803028413-S,11119-4803028413-S
https://www.arbeitsagentur.de/jobsuche/jobdetail/14751-288A11700-S,14751-288A11700-S
https://www.arbeitsagentur.de/jobsuche/jobdetail/13270-2026-00003563-1-S,13270-2026-00003563-1-S
https://www.arbeitsagentur.de/jobsuche/jobdetail/10000-1206434532-S,10000-1206434532-S
https://www.arbeitsagentur.de/jobsuche/jobdetail/12288-4803122580-S,12288-4803122580-S
https://www.arbeitsagentur.de/jobsuche/jobdetail/12513-0007639494-S,12513-0007639494-S
https://www.arbeitsagentur.de/jobsuche/jobdetail/14751-437A344-S,14751-437A344-S
https://www.arbeitsagentur.de/jobsuche/jobdetail/14081-JOB-738549-S,14081-JOB-738549-S
https://www.arbeitsagentur.de/jobsuche/jobdetail/17803-260507173118-HE1408-S,17803-260507173118-HE1408-S
https://www.arbeitsagentur.de/jobsuche/jobdetail/12122-209100-1770706-0-S,12122-209100-1770706-0-S
https://www.arbeitsagentur.de/jobsuche/jobdetail/13356-102639A38848C37-S,13356-102639A38848C37-S
https://www.arbeitsagentur.de/jobsuche/jobdetail/12811-2248067-S,12811-2248067-S
https://www.arbeitsagentur.de/jobsuche/jobdetail/12811-2247944-S,12811-2247944-S
https://www.arbeitsagentur.de/jobsuche/jobdetail/11081-GUXQX8LUVE1DDSAW-S,11081-GUXQX8LUVE1DDSAW-S
https://www.arbeitsagentur.de/jobsuche/jobdetail/11119-4804144609-S,11119-4804144609-S
https://www.arbeitsagentur.de/jobsuche/jobdetail/12811-2249162-S,12811-2249162-S
https://www.arbeitsagentur.de/jobsuche/jobdetail/11864-DVHTSASW61LW743B-S,11864-DVHTSASW61LW743B-S
https://www.arbeitsagentur.de/jobsuche/jobdetail/11081-TL7NOW58P4XZMEB9-S,11081-TL7NOW58P4XZMEB9-S
https://www.arbeitsagentur.de/jobsuche/jobdetail/17803-260507173044-AF1423-S,17803-260507173044-AF1423-S
https://www.arbeitsagentur.de/jobsuche/jobdetail/17803-260507172937-OA1424-S,17803-260507172937-OA1424-S
https://www.arbeitsagentur.de/jobsuche/jobdetail/16819-1b48007f7330b629-S,16819-1b48007f7330b629-S
https://www.arbeitsagentur.de/jobsuche/jobdetail/14751-70A22071-S,14751-70A22071-S
https://www.arbeitsagentur.de/jobsuche/jobdetail/11949-17215551-S,11949-17215551-S
https://www.arbeitsagentur.de/jobsuche/jobdetail/10001-1003033114-S,10001-1003033114-S
https://www.arbeitsagentur.de/jobsuche/jobdetail/12147-20260506219311-S,12147-20260506219311-S
https://www.arbeitsagentur.de/jobsuche/jobdetail/11081-JDMBM0JFOVSD0KVO-S,11081-JDMBM0JFOVSD0KVO-S
https://www.arbeitsagentur.de/jobsuche/jobdetail/12608-1401768-28123-1-S,12608-1401768-28123-1-S
https://www.arbeitsagentur.de/jobsuche/jobdetail/14751-422A668-S,14751-422A668-S
https://www.arbeitsagentur.de/jobsuche/jobdetail/13356-101861A46914C13-S,13356-101861A46914C13-S
https://www.arbeitsagentur.de/jobsuche/jobdetail/12122-208997-1770938-0-S,12122-208997-1770938-0-S
https://www.arbeitsagentur.de/jobsuche/jobdetail/12811-2248772-S,12811-2248772-S
https://www.arbeitsagentur.de/jobsuche/jobdetail/11949-17213968-S,11949-17213968-S
https://www.arbeitsagentur.de/jobsuche/jobdetail/14040-BZ91A69S0P828CI7-S,14040-BZ91A69S0P828CI7-S
https://www.arbeitsagentur.de/jobsuche/jobdetail/10000-1206414942-S,10000-1206414942-S
https://www.arbeitsagentur.de/jobsuche/jobdetail/10001-1003042178-S,10001-1003042178-S
https://www.arbeitsagentur.de/jobsuche/jobdetail/12456-1519443-1-S,12456-1519443-1-S
https://www.arbeitsagentur.de/jobsuche/jobdetail/10000-1206445898-S,10000-1206445898-S
https://www.arbeitsagentur.de/jobsuche/jobdetail/13635-874e1e87_JB5139879-S,13635-874e1e87_JB5139879-S
https://www.arbeitsagentur.de/jobsuche/jobdetail/12444-563465373209978-S,12444-563465373209978-S
https://www.arbeitsagentur.de/jobsuche/jobdetail/12811-2249154-S,12811-2249154-S
https://www.arbeitsagentur.de/jobsuche/jobdetail/10000-1206446573-S,10000-1206446573-S
https://www.arbeitsagentur.de/jobsuche/jobdetail/12704-MLI4P9EVOZATXV07-S,12704-MLI4P9EVOZATXV07-S
https://www.arbeitsagentur.de/jobsuche/jobdetail/10001-1003039507-S,10001-1003039507-S
https://www.arbeitsagentur.de/jobsuche/jobdetail/12122-206622-1764634-0-S,12122-206622-1764634-0-S
https://www.arbeitsagentur.de/jobsuche/jobdetail/10000-1206436066-S,10000-1206436066-S
https://www.arbeitsagentur.de/jobsuche/jobdetail/12618-172977-S,12618-172977-S
https://www.arbeitsagentur.de/jobsuche/jobdetail/12946-2913-1771042-0-S,12946-2913-1771042-0-S
https://www.arbeitsagentur.de/jobsuche/jobdetail/11119-4792608404-S,11119-4792608404-S
https://www.arbeitsagentur.de/jobsuche/jobdetail/10000-1206196901-S,10000-1206196901-S
https://www.arbeitsagentur.de/jobsuche/jobdetail/11119-4804227870-S,11119-4804227870-S
https://www.arbeitsagentur.de/jobsuche/jobdetail/10000-1206443040-S,10000-1206443040-S
https://www.arbeitsagentur.de/jobsuche/jobdetail/11949-17213812-S,11949-17213812-S
https://www.arbeitsagentur.de/jobsuche/jobdetail/12057-2K5IYQV66HGCZL1Y-S,12057-2K5IYQV66HGCZL1Y-S
https://www.arbeitsagentur.de/jobsuche/jobdetail/12322-BAAXOXIFH8RSLJU8-S,12322-BAAXOXIFH8RSLJU8-S
https://www.arbeitsagentur.de/jobsuche/jobdetail/13635-7dddb7d5_JB5139798-S,13635-7dddb7d5_JB5139798-S
https://www.arbeitsagentur.de/jobsuche/jobdetail/10001-1003035959-S,10001-1003035959-S
https://www.arbeitsagentur.de/jobsuche/jobdetail/10001-1003041259-S,10001-1003041259-S
https://www.arbeitsagentur.de/jobsuche/jobdetail/14795-66463_118851-S,14795-66463_118851-S
https://www.arbeitsagentur.de/jobsuche/jobdetail/12811-2248857-S,12811-2248857-S
https://www.arbeitsagentur.de/jobsuche/jobdetail/12704-6HOURYZJMOHN01XR-S,12704-6HOURYZJMOHN01XR-S
https://www.arbeitsagentur.de/jobsuche/jobdetail/11119-4803002181-S,11119-4803002181-S
https://www.arbeitsagentur.de/jobsuche/jobdetail/20397-4804152766-S,20397-4804152766-S
https://www.arbeitsagentur.de/jobsuche/jobdetail/11119-4803022742-S,11119-4803022742-S
https://www.arbeitsagentur.de/jobsuche/jobdetail/11119-4804139885-S,11119-4804139885-S
https://www.arbeitsagentur.de/jobsuche/jobdetail/11949-17213858-S,11949-17213858-S
https://www.arbeitsagentur.de/jobsuche/jobdetail/14373-k36443.4054-S,14373-k36443.4054-S
https://www.arbeitsagentur.de/jobsuche/jobdetail/10001-1003037875-S,10001-1003037875-S
https://www.arbeitsagentur.de/jobsuche/jobdetail/10001-1003036074-S,10001-1003036074-S
https://www.arbeitsagentur.de/jobsuche/jobdetail/10000-1206422464-S,10000-1206422464-S
https://www.arbeitsagentur.de/jobsuche/jobdetail/10001-1003036981-S,10001-1003036981-S
https://www.arbeitsagentur.de/jobsuche/jobdetail/11949-17215238-S,11949-17215238-S
https://www.arbeitsagentur.de/jobsuche/jobdetail/10000-1206440479-S,10000-1206440479-S
https://www.arbeitsagentur.de/jobsuche/jobdetail/12288-4803104841-S,12288-4803104841-S
https://www.arbeitsagentur.de/jobsuche/jobdetail/10001-1003042101-S,10001-1003042101-S
https://www.arbeitsagentur.de/jobsuche/jobdetail/10001-1003041956-S,10001-1003041956-S
https://www.arbeitsagentur.de/jobsuche/jobdetail/10001-1003038585-S,10001-1003038585-S
https://www.arbeitsagentur.de/jobsuche/jobdetail/17803-260506170748-PF1319-S,17803-260506170748-PF1319-S
https://www.arbeitsagentur.de/jobsuche/jobdetail/10000-1206435796-S,10000-1206435796-S
https://www.arbeitsagentur.de/jobsuche/jobdetail/13643-609581LS-S,13643-609581LS-S
https://www.arbeitsagentur.de/jobsuche/jobdetail/14751-417A10315-S,14751-417A10315-S
https://www.arbeitsagentur.de/jobsuche/jobdetail/13635-3c2364f2_JB5140044-S,13635-3c2364f2_JB5140044-S
https://www.arbeitsagentur.de/jobsuche/jobdetail/10001-1003035636-S,10001-1003035636-S
https://www.arbeitsagentur.de/jobsuche/jobdetail/14751-417A10938-S,14751-417A10938-S
https://www.arbeitsagentur.de/jobsuche/jobdetail/11949-17216658-S,11949-17216658-S
https://www.arbeitsagentur.de/jobsuche/jobdetail/14661-e094da7c3e6f4f4-S,14661-e094da7c3e6f4f4-S
https://www.arbeitsagentur.de/jobsuche/jobdetail/10001-1003039977-S,10001-1003039977-S
https://www.arbeitsagentur.de/jobsuche/jobdetail/12362-CR-055671_609606LS-S,12362-CR-055671_609606LS-S
https://www.arbeitsagentur.de/jobsuche/jobdetail/10001-1003040463-S,10001-1003040463-S
https://www.arbeitsagentur.de/jobsuche/jobdetail/15015-19599-1770983-0-S,15015-19599-1770983-0-S
https://www.arbeitsagentur.de/jobsuche/jobdetail/17489-564883348dcd4b1-S,17489-564883348dcd4b1-S
https://www.arbeitsagentur.de/jobsuche/jobdetail/14795-66438_118840-S,14795-66438_118840-S
https://www.arbeitsagentur.de/jobsuche/jobdetail/12704-EWKMF4DUAGORS9U0-S,12704-EWKMF4DUAGORS9U0-S
https://www.arbeitsagentur.de/jobsuche/jobdetail/10001-1003039352-S,10001-1003039352-S
https://www.arbeitsagentur.de/jobsuche/jobdetail/13356-104221A45736C18-S,13356-104221A45736C18-S
https://www.arbeitsagentur.de/jobsuche/jobdetail/18024-100PJ000SHh0P-S,18024-100PJ000SHh0P-S
https://www.arbeitsagentur.de/jobsuche/jobdetail/15537-JOB-838004-S,15537-JOB-838004-S
https://www.arbeitsagentur.de/jobsuche/jobdetail/17803-260507172937-OA1414-S,17803-260507172937-OA1414-S
https://www.arbeitsagentur.de/jobsuche/jobdetail/11119-4804138462-S,11119-4804138462-S
https://www.arbeitsagentur.de/jobsuche/jobdetail/18024-100BR0003N83H-S,18024-100BR0003N83H-S
https://www.arbeitsagentur.de/jobsuche/jobdetail/12759-HY3V869785J08VGE-S,12759-HY3V869785J08VGE-S
https://www.arbeitsagentur.de/jobsuche/jobdetail/10001-1003036924-S,10001-1003036924-S
https://www.arbeitsagentur.de/jobsuche/jobdetail/10001-1003043165-S,10001-1003043165-S
https://www.arbeitsagentur.de/jobsuche/jobdetail/11949-17214854-S,11949-17214854-S
https://www.arbeitsagentur.de/jobsuche/jobdetail/10000-1206448147-S,10000-1206448147-S
https://www.arbeitsagentur.de/jobsuche/jobdetail/12811-2248593-S,12811-2248593-S
https://www.arbeitsagentur.de/jobsuche/jobdetail/10001-1003039982-S,10001-1003039982-S
https://www.arbeitsagentur.de/jobsuche/jobdetail/10001-1003040906-S,10001-1003040906-S
https://www.arbeitsagentur.de/jobsuche/jobdetail/13270-2026-00003695-1-S,13270-2026-00003695-1-S
https://www.arbeitsagentur.de/jobsuche/jobdetail/11119-4802975835-S,11119-4802975835-S
https://www.arbeitsagentur.de/jobsuche/jobdetail/13635-0f1f61dc_JB5140982-S,13635-0f1f61dc_JB5140982-S
https://www.arbeitsagentur.de/jobsuche/jobdetail/10001-1003033186-S,10001-1003033186-S
https://www.arbeitsagentur.de/jobsuche/jobdetail/13465-00021a64976001-S,13465-00021a64976001-S
https://www.arbeitsagentur.de/jobsuche/jobdetail/10001-1003039005-S,10001-1003039005-S
https://www.arbeitsagentur.de/jobsuche/jobdetail/11949-17215212-S,11949-17215212-S
https://www.arbeitsagentur.de/jobsuche/jobdetail/10001-1003041650-S,10001-1003041650-S
https://www.arbeitsagentur.de/jobsuche/jobdetail/10000-1206450139-S,10000-1206450139-S
https://www.arbeitsagentur.de/jobsuche/jobdetail/14471-ZL9LN7WX7TZWM5E1-S,14471-ZL9LN7WX7TZWM5E1-S
https://www.arbeitsagentur.de/jobsuche/jobdetail/10000-1206430259-S,10000-1206430259-S
https://www.arbeitsagentur.de/jobsuche/jobdetail/13611-885de7f1fe58424-S,13611-885de7f1fe58424-S
https://www.arbeitsagentur.de/jobsuche/jobdetail/11949-17215337-S,11949-17215337-S
https://www.arbeitsagentur.de/jobsuche/jobdetail/10001-1003042609-S,10001-1003042609-S
https://www.arbeitsagentur.de/jobsuche/jobdetail/10001-1003039735-S,10001-1003039735-S
https://www.arbeitsagentur.de/jobsuche/jobdetail/12288-4803102574-S,12288-4803102574-S
https://www.arbeitsagentur.de/jobsuche/jobdetail/14795-66446_118847-S,14795-66446_118847-S
https://www.arbeitsagentur.de/jobsuche/jobdetail/14225-e3dc9fd132096e82-S,14225-e3dc9fd132096e82-S
https://www.arbeitsagentur.de/jobsuche/jobdetail/10001-1003042771-S,10001-1003042771-S
https://www.arbeitsagentur.de/jobsuche/jobdetail/11119-4804220499-S,11119-4804220499-S
https://www.arbeitsagentur.de/jobsuche/jobdetail/13465-00021a6492e001-S,13465-00021a6492e001-S
https://www.arbeitsagentur.de/jobsuche/jobdetail/10001-1003040297-S,10001-1003040297-S
https://www.arbeitsagentur.de/jobsuche/jobdetail/11949-17215357-S,11949-17215357-S
https://www.arbeitsagentur.de/jobsuche/jobdetail/11864-LLL0QVJNKT94GW6K-S,11864-LLL0QVJNKT94GW6K-S
https://www.arbeitsagentur.de/jobsuche/jobdetail/10001-1003042267-S,10001-1003042267-S
https://www.arbeitsagentur.de/jobsuche/jobdetail/16963-REF351P-9701198248-S,16963-REF351P-9701198248-S
https://www.arbeitsagentur.de/jobsuche/jobdetail/11119-4802945579-S,11119-4802945579-S
https://www.arbeitsagentur.de/jobsuche/jobdetail/13465-00021a6489a001-S,13465-00021a6489a001-S
https://www.arbeitsagentur.de/jobsuche/jobdetail/20397-4803003846-S,20397-4803003846-S
https://www.arbeitsagentur.de/jobsuche/jobdetail/14751-417A10900-S,14751-417A10900-S
https://www.arbeitsagentur.de/jobsuche/jobdetail/14927-1q52dl495tz-S,14927-1q52dl495tz-S
https://www.arbeitsagentur.de/jobsuche/jobdetail/10001-1003038558-S,10001-1003038558-S
https://www.arbeitsagentur.de/jobsuche/jobdetail/16963-REF395F-4133348250-S,16963-REF395F-4133348250-S
https://www.arbeitsagentur.de/jobsuche/jobdetail/10001-1003038283-S,10001-1003038283-S
https://www.arbeitsagentur.de/jobsuche/jobdetail/13356-406018A47051C12-S,13356-406018A47051C12-S
https://www.arbeitsagentur.de/jobsuche/jobdetail/12147-20260507219331-S,12147-20260507219331-S
https://www.arbeitsagentur.de/jobsuche/jobdetail/14927-sj0rlg2tsw-S,14927-sj0rlg2tsw-S
https://www.arbeitsagentur.de/jobsuche/jobdetail/11949-17215548-S,11949-17215548-S
https://www.arbeitsagentur.de/jobsuche/jobdetail/12362-TR-286188_609605LS-S,12362-TR-286188_609605LS-S
https://www.arbeitsagentur.de/jobsuche/jobdetail/10000-1206449736-S,10000-1206449736-S
https://www.arbeitsagentur.de/jobsuche/jobdetail/10001-1003040215-S,10001-1003040215-S
https://www.arbeitsagentur.de/jobsuche/jobdetail/11949-17215565-S,11949-17215565-S
https://www.arbeitsagentur.de/jobsuche/jobdetail/10001-1003039816-S,10001-1003039816-S
https://www.arbeitsagentur.de/jobsuche/jobdetail/10001-1003042743-S,10001-1003042743-S
https://www.arbeitsagentur.de/jobsuche/jobdetail/10001-1003039962-S,10001-1003039962-S
https://www.arbeitsagentur.de/jobsuche/jobdetail/12288-4803162150-S,12288-4803162150-S
https://www.arbeitsagentur.de/jobsuche/jobdetail/11119-4804177562-S,11119-4804177562-S
https://www.arbeitsagentur.de/jobsuche/jobdetail/14751-437A334-S,14751-437A334-S
https://www.arbeitsagentur.de/jobsuche/jobdetail/17803-CBJ5ZSXL09YYOVSN-S,17803-CBJ5ZSXL09YYOVSN-S
https://www.arbeitsagentur.de/jobsuche/jobdetail/14613-g9o5krb468-S,14613-g9o5krb468-S
https://www.arbeitsagentur.de/jobsuche/jobdetail/12147-20260505219228-S,12147-20260505219228-S
https://www.arbeitsagentur.de/jobsuche/jobdetail/11119-4792608744-S,11119-4792608744-S
https://www.arbeitsagentur.de/jobsuche/jobdetail/12608-1401678-8377-1-S,12608-1401678-8377-1-S
https://www.arbeitsagentur.de/jobsuche/jobdetail/10001-1003039781-S,10001-1003039781-S
https://www.arbeitsagentur.de/jobsuche/jobdetail/14407-43541-S,14407-43541-S
https://www.arbeitsagentur.de/jobsuche/jobdetail/10001-1003037039-S,10001-1003037039-S
https://www.arbeitsagentur.de/jobsuche/jobdetail/10001-1003036481-S,10001-1003036481-S
https://www.arbeitsagentur.de/jobsuche/jobdetail/13999-k53401.30920-S,13999-k53401.30920-S
https://www.arbeitsagentur.de/jobsuche/jobdetail/12730-SEHNKZ1G4GJRF3F7-S,12730-SEHNKZ1G4GJRF3F7-S
https://www.arbeitsagentur.de/jobsuche/jobdetail/10000-1206446720-S,10000-1206446720-S
https://www.arbeitsagentur.de/jobsuche/jobdetail/13356-104221A43247C24-S,13356-104221A43247C24-S
https://www.arbeitsagentur.de/jobsuche/jobdetail/14661-7a1c0b798512493-S,14661-7a1c0b798512493-S
https://www.arbeitsagentur.de/jobsuche/jobdetail/15537-JOB-838300-S,15537-JOB-838300-S
https://www.arbeitsagentur.de/jobsuche/jobdetail/10001-1003041050-S,10001-1003041050-S
https://www.arbeitsagentur.de/jobsuche/jobdetail/11081-IOM195I5JOF2UAEG-S,11081-IOM195I5JOF2UAEG-S
https://www.arbeitsagentur.de/jobsuche/jobdetail/17277-KZ8KJ4Q3JPOPN72H-S,17277-KZ8KJ4Q3JPOPN72H-S
https://www.arbeitsagentur.de/jobsuche/jobdetail/11949-17216132-S,11949-17216132-S
https://www.arbeitsagentur.de/jobsuche/jobdetail/14751-437A366-S,14751-437A366-S
https://www.arbeitsagentur.de/jobsuche/jobdetail/10000-1206447624-S,10000-1206447624-S
https://www.arbeitsagentur.de/jobsuche/jobdetail/18934-14792-1771019-0-S,18934-14792-1771019-0-S
https://www.arbeitsagentur.de/jobsuche/jobdetail/12811-2248856-S,12811-2248856-S
https://www.arbeitsagentur.de/jobsuche/jobdetail/11119-4791296899-S,11119-4791296899-S
https://www.arbeitsagentur.de/jobsuche/jobdetail/18024-100BR0003CP3H-S,18024-100BR0003CP3H-S
https://www.arbeitsagentur.de/jobsuche/jobdetail/12288-4803152735-S,12288-4803152735-S
https://www.arbeitsagentur.de/jobsuche/jobdetail/10001-1003036108-S,10001-1003036108-S
https://www.arbeitsagentur.de/jobsuche/jobdetail/13356-105555A48599C1-S,13356-105555A48599C1-S
https://www.arbeitsagentur.de/jobsuche/jobdetail/10001-1003042789-S,10001-1003042789-S
https://www.arbeitsagentur.de/jobsuche/jobdetail/11949-17215102-S,11949-17215102-S
https://www.arbeitsagentur.de/jobsuche/jobdetail/18774-0064600698-S,18774-0064600698-S
https://www.arbeitsagentur.de/jobsuche/jobdetail/15716-GF2EZXGLPLJVAWD0-S,15716-GF2EZXGLPLJVAWD0-S
https://www.arbeitsagentur.de/jobsuche/jobdetail/10001-1003035660-S,10001-1003035660-S
https://www.arbeitsagentur.de/jobsuche/jobdetail/11949-17214789-S,11949-17214789-S
https://www.arbeitsagentur.de/jobsuche/jobdetail/11119-4804233510-S,11119-4804233510-S
https://www.arbeitsagentur.de/jobsuche/jobdetail/12489-00008c21b6a001-S,12489-00008c21b6a001-S
https://www.arbeitsagentur.de/jobsuche/jobdetail/11949-17212839-S,11949-17212839-S
https://www.arbeitsagentur.de/jobsuche/jobdetail/10001-1003038821-S,10001-1003038821-S
https://www.arbeitsagentur.de/jobsuche/jobdetail/10001-1003039794-S,10001-1003039794-S
https://www.arbeitsagentur.de/jobsuche/jobdetail/10001-1003037047-S,10001-1003037047-S
https://www.arbeitsagentur.de/jobsuche/jobdetail/11949-17215911-S,11949-17215911-S
https://www.arbeitsagentur.de/jobsuche/jobdetail/10001-1003036543-S,10001-1003036543-S
https://www.arbeitsagentur.de/jobsuche/jobdetail/12122-209135-1770929-0-S,12122-209135-1770929-0-S
https://www.arbeitsagentur.de/jobsuche/jobdetail/10001-1003040750-S,10001-1003040750-S
https://www.arbeitsagentur.de/jobsuche/jobdetail/10001-1003042788-S,10001-1003042788-S
https://www.arbeitsagentur.de/jobsuche/jobdetail/10001-1003043021-S,10001-1003043021-S
https://www.arbeitsagentur.de/jobsuche/jobdetail/18024-100PJ000VU60K-S,18024-100PJ000VU60K-S
https://www.arbeitsagentur.de/jobsuche/jobdetail/11119-4804139778-S,11119-4804139778-S
https://www.arbeitsagentur.de/jobsuche/jobdetail/17803-260507173044-AF1425-S,17803-260507173044-AF1425-S
https://www.arbeitsagentur.de/jobsuche/jobdetail/10001-1003040061-S,10001-1003040061-S
https://www.arbeitsagentur.de/jobsuche/jobdetail/12362-TR-273931_609664LS-S,12362-TR-273931_609664LS-S
https://www.arbeitsagentur.de/jobsuche/jobdetail/13635-2f61c901_JB5139880-S,13635-2f61c901_JB5139880-S
https://www.arbeitsagentur.de/jobsuche/jobdetail/17394-2024-11870139-S,17394-2024-11870139-S
https://www.arbeitsagentur.de/jobsuche/jobdetail/11949-17216388-S,11949-17216388-S
https://www.arbeitsagentur.de/jobsuche/jobdetail/17803-260507173044-AF1408-S,17803-260507173044-AF1408-S
https://www.arbeitsagentur.de/jobsuche/jobdetail/20584-k62522.1003-S,20584-k62522.1003-S
https://www.arbeitsagentur.de/jobsuche/jobdetail/13356-102628A48260C1-S,13356-102628A48260C1-S
https://www.arbeitsagentur.de/jobsuche/jobdetail/10001-1003035683-S,10001-1003035683-S
https://www.arbeitsagentur.de/jobsuche/jobdetail/13635-282971fb_JB5140529-S,13635-282971fb_JB5140529-S
https://www.arbeitsagentur.de/jobsuche/jobdetail/11949-17216174-S,11949-17216174-S
https://www.arbeitsagentur.de/jobsuche/jobdetail/11949-17214758-S,11949-17214758-S
https://www.arbeitsagentur.de/jobsuche/jobdetail/10001-1003035725-S,10001-1003035725-S
https://www.arbeitsagentur.de/jobsuche/jobdetail/10001-1003037236-S,10001-1003037236-S
https://www.arbeitsagentur.de/jobsuche/jobdetail/13812-BB-388394-7878-4265-S,13812-BB-388394-7878-4265-S
https://www.arbeitsagentur.de/jobsuche/jobdetail/10001-1003037939-S,10001-1003037939-S
https://www.arbeitsagentur.de/jobsuche/jobdetail/11119-4804217055-S,11119-4804217055-S
https://www.arbeitsagentur.de/jobsuche/jobdetail/11119-4803018155-S,11119-4803018155-S
https://www.arbeitsagentur.de/jobsuche/jobdetail/11959-105307-S,11959-105307-S
https://www.arbeitsagentur.de/jobsuche/jobdetail/11081-PZWU0WE7OBBZE1VZ-S,11081-PZWU0WE7OBBZE1VZ-S
https://www.arbeitsagentur.de/jobsuche/jobdetail/11949-17215916-S,11949-17215916-S
https://www.arbeitsagentur.de/jobsuche/jobdetail/10001-1003039149-S,10001-1003039149-S
https://www.arbeitsagentur.de/jobsuche/jobdetail/13635-4ef43051_JB5141131-S,13635-4ef43051_JB5141131-S
https://www.arbeitsagentur.de/jobsuche/jobdetail/11119-4804183066-S,11119-4804183066-S
https://www.arbeitsagentur.de/jobsuche/jobdetail/10000-1206434883-S,10000-1206434883-S
https://www.arbeitsagentur.de/jobsuche/jobdetail/10001-1003039749-S,10001-1003039749-S
https://www.arbeitsagentur.de/jobsuche/jobdetail/12456-1571549-1-S,12456-1571549-1-S
https://www.arbeitsagentur.de/jobsuche/jobdetail/13635-b7c45c52_JB5139896-S,13635-b7c45c52_JB5139896-S
https://www.arbeitsagentur.de/jobsuche/jobdetail/11864-RIM6KUGTB92V4J0A-S,11864-RIM6KUGTB92V4J0A-S
https://www.arbeitsagentur.de/jobsuche/jobdetail/11949-17216093-S,11949-17216093-S
https://www.arbeitsagentur.de/jobsuche/jobdetail/14087-LA8VVFYUIFJPLJZ3-S,14087-LA8VVFYUIFJPLJZ3-S
https://www.arbeitsagentur.de/jobsuche/jobdetail/11081-61LIVIF779YJ3F0G-S,11081-61LIVIF779YJ3F0G-S
https://www.arbeitsagentur.de/jobsuche/jobdetail/12288-4803162844-S,12288-4803162844-S
https://www.arbeitsagentur.de/jobsuche/jobdetail/17803-260507173118-HE1418-S,17803-260507173118-HE1418-S
https://www.arbeitsagentur.de/jobsuche/jobdetail/11949-17216619-S,11949-17216619-S
https://www.arbeitsagentur.de/jobsuche/jobdetail/14751-70A22077-S,14751-70A22077-S
https://www.arbeitsagentur.de/jobsuche/jobdetail/10001-1003040192-S,10001-1003040192-S
https://www.arbeitsagentur.de/jobsuche/jobdetail/11949-17214142-S,11949-17214142-S
https://www.arbeitsagentur.de/jobsuche/jobdetail/15573-POJ5EP1YY3B38GTX-S,15573-POJ5EP1YY3B38GTX-S
https://www.arbeitsagentur.de/jobsuche/jobdetail/16335-2c0e22e1a1105e9c-S,16335-2c0e22e1a1105e9c-S
https://www.arbeitsagentur.de/jobsuche/jobdetail/11949-17215953-S,11949-17215953-S
https://www.arbeitsagentur.de/jobsuche/jobdetail/16291-3271584dc5b04ef-S,16291-3271584dc5b04ef-S
https://www.arbeitsagentur.de/jobsuche/jobdetail/13392-k59006.2443-S,13392-k59006.2443-S
https://www.arbeitsagentur.de/jobsuche/jobdetail/10001-1003040570-S,10001-1003040570-S
https://www.arbeitsagentur.de/jobsuche/jobdetail/11119-4802974202-S,11119-4802974202-S
https://www.arbeitsagentur.de/jobsuche/jobdetail/12811-2248846-S,12811-2248846-S
https://www.arbeitsagentur.de/jobsuche/jobdetail/10001-1003043039-S,10001-1003043039-S
https://www.arbeitsagentur.de/jobsuche/jobdetail/11949-17215909-S,11949-17215909-S
https://www.arbeitsagentur.de/jobsuche/jobdetail/10001-1003035417-S,10001-1003035417-S
https://www.arbeitsagentur.de/jobsuche/jobdetail/12811-2249336-S,12811-2249336-S
https://www.arbeitsagentur.de/jobsuche/jobdetail/10000-1206443869-S,10000-1206443869-S
https://www.arbeitsagentur.de/jobsuche/jobdetail/12811-2249063-S,12811-2249063-S
https://www.arbeitsagentur.de/jobsuche/jobdetail/20178-0064602218-S,20178-0064602218-S
https://www.arbeitsagentur.de/jobsuche/jobdetail/13635-b8d00c02_JB5140459-S,13635-b8d00c02_JB5140459-S
https://www.arbeitsagentur.de/jobsuche/jobdetail/12826-SA0137583_JB5140773-S,12826-SA0137583_JB5140773-S
https://www.arbeitsagentur.de/jobsuche/jobdetail/10001-1003038437-S,10001-1003038437-S
https://www.arbeitsagentur.de/jobsuche/jobdetail/12456-1571043-1-S,12456-1571043-1-S
https://www.arbeitsagentur.de/jobsuche/jobdetail/10001-1003034786-S,10001-1003034786-S
https://www.arbeitsagentur.de/jobsuche/jobdetail/10001-1003041353-S,10001-1003041353-S
https://www.arbeitsagentur.de/jobsuche/jobdetail/11949-17215671-S,11949-17215671-S
https://www.arbeitsagentur.de/jobsuche/jobdetail/11081-BJUXYLVFRQIGT3CK-S,11081-BJUXYLVFRQIGT3CK-S
https://www.arbeitsagentur.de/jobsuche/jobdetail/18248-CJR44OW9J9IE65S6-S,18248-CJR44OW9J9IE65S6-S
https://www.arbeitsagentur.de/jobsuche/jobdetail/11119-4792453538-S,11119-4792453538-S
https://www.arbeitsagentur.de/jobsuche/jobdetail/10001-1001589036-S,10001-1001589036-S
https://www.arbeitsagentur.de/jobsuche/jobdetail/12560-E7WRSJUAVQY6ZW2C-S,12560-E7WRSJUAVQY6ZW2C-S
https://www.arbeitsagentur.de/jobsuche/jobdetail/18024-1002X000QTi0H-S,18024-1002X000QTi0H-S
https://www.arbeitsagentur.de/jobsuche/jobdetail/17803-260507172901-PS1401-S,17803-260507172901-PS1401-S
https://www.arbeitsagentur.de/jobsuche/jobdetail/14613-untttjmtn5-S,14613-untttjmtn5-S
https://www.arbeitsagentur.de/jobsuche/jobdetail/14927-3lcfz7-S,14927-3lcfz7-S
https://www.arbeitsagentur.de/jobsuche/jobdetail/10000-1206445952-S,10000-1206445952-S
https://www.arbeitsagentur.de/jobsuche/jobdetail/11949-17215045-S,11949-17215045-S
https://www.arbeitsagentur.de/jobsuche/jobdetail/12811-2248528-S,12811-2248528-S
https://www.arbeitsagentur.de/jobsuche/jobdetail/10001-1003041835-S,10001-1003041835-S
https://www.arbeitsagentur.de/jobsuche/jobdetail/10001-1003040237-S,10001-1003040237-S
https://www.arbeitsagentur.de/jobsuche/jobdetail/15939-BB-633674-7878-7436-S,15939-BB-633674-7878-7436-S
https://www.arbeitsagentur.de/jobsuche/jobdetail/13356-101810A48070C4-S,13356-101810A48070C4-S
https://www.arbeitsagentur.de/jobsuche/jobdetail/10001-1002744524-S,10001-1002744524-S
https://www.arbeitsagentur.de/jobsuche/jobdetail/20397-4803029938-S,20397-4803029938-S
https://www.arbeitsagentur.de/jobsuche/jobdetail/18823-k60854.1239-S,18823-k60854.1239-S
https://www.arbeitsagentur.de/jobsuche/jobdetail/13356-106285A47875C7-S,13356-106285A47875C7-S
https://www.arbeitsagentur.de/jobsuche/jobdetail/11949-17213422-S,11949-17213422-S
https://www.arbeitsagentur.de/jobsuche/jobdetail/10001-1003035855-S,10001-1003035855-S
https://www.arbeitsagentur.de/jobsuche/jobdetail/12811-2248594-S,12811-2248594-S
https://www.arbeitsagentur.de/jobsuche/jobdetail/10000-1206439249-S,10000-1206439249-S
https://www.arbeitsagentur.de/jobsuche/jobdetail/17803-260507173152-AH1423-S,17803-260507173152-AH1423-S
https://www.arbeitsagentur.de/jobsuche/jobdetail/11949-17215903-S,11949-17215903-S
https://www.arbeitsagentur.de/jobsuche/jobdetail/10001-1003043244-S,10001-1003043244-S
https://www.arbeitsagentur.de/jobsuche/jobdetail/14927-1s449fz316v-S,14927-1s449fz316v-S
https://www.arbeitsagentur.de/jobsuche/jobdetail/20724-6-1771080-0-S,20724-6-1771080-0-S
https://www.arbeitsagentur.de/jobsuche/jobdetail/12811-2248512-S,12811-2248512-S
https://www.arbeitsagentur.de/jobsuche/jobdetail/12634-BB-640798-7878-6047-S,12634-BB-640798-7878-6047-S
https://www.arbeitsagentur.de/jobsuche/jobdetail/10001-1003035784-S,10001-1003035784-S
https://www.arbeitsagentur.de/jobsuche/jobdetail/10001-1003034773-S,10001-1003034773-S
https://www.arbeitsagentur.de/jobsuche/jobdetail/11949-17216292-S,11949-17216292-S
https://www.arbeitsagentur.de/jobsuche/jobdetail/12634-BB-640808-7878-4647-S,12634-BB-640808-7878-4647-S
https://www.arbeitsagentur.de/jobsuche/jobdetail/10001-1003036237-S,10001-1003036237-S
https://www.arbeitsagentur.de/jobsuche/jobdetail/16291-4fa819a7098e4b0-S,16291-4fa819a7098e4b0-S
https://www.arbeitsagentur.de/jobsuche/jobdetail/10001-1003036421-S,10001-1003036421-S
https://www.arbeitsagentur.de/jobsuche/jobdetail/10001-1003035592-S,10001-1003035592-S
https://www.arbeitsagentur.de/jobsuche/jobdetail/11949-17216386-S,11949-17216386-S
https://www.arbeitsagentur.de/jobsuche/jobdetail/10001-1003042421-S,10001-1003042421-S
https://www.arbeitsagentur.de/jobsuche/jobdetail/10001-1003043161-S,10001-1003043161-S
https://www.arbeitsagentur.de/jobsuche/jobdetail/10001-1003037217-S,10001-1003037217-S
https://www.arbeitsagentur.de/jobsuche/jobdetail/14795-66488_118873-S,14795-66488_118873-S
https://www.arbeitsagentur.de/jobsuche/jobdetail/12811-2248502-S,12811-2248502-S
https://www.arbeitsagentur.de/jobsuche/jobdetail/14751-11A25651-S,14751-11A25651-S
https://www.arbeitsagentur.de/jobsuche/jobdetail/11949-17215780-S,11949-17215780-S
https://www.arbeitsagentur.de/jobsuche/jobdetail/12122-209139-1770922-0-S,12122-209139-1770922-0-S
https://www.arbeitsagentur.de/jobsuche/jobdetail/14927-21ze0t7ey51-S,14927-21ze0t7ey51-S
https://www.arbeitsagentur.de/jobsuche/jobdetail/10001-1003036786-S,10001-1003036786-S
https://www.arbeitsagentur.de/jobsuche/jobdetail/10001-1003041478-S,10001-1003041478-S
https://www.arbeitsagentur.de/jobsuche/jobdetail/12913-06d7a69366b66b0d-S,12913-06d7a69366b66b0d-S
https://www.arbeitsagentur.de/jobsuche/jobdetail/12287-JOB-724269-S,12287-JOB-724269-S
https://www.arbeitsagentur.de/jobsuche/jobdetail/11949-17214337-S,11949-17214337-S
https://www.arbeitsagentur.de/jobsuche/jobdetail/17803-260506170707-PH1302-S,17803-260506170707-PH1302-S
https://www.arbeitsagentur.de/jobsuche/jobdetail/14385-480-2565540-26-S,14385-480-2565540-26-S
https://www.arbeitsagentur.de/jobsuche/jobdetail/11949-17213458-S,11949-17213458-S
https://www.arbeitsagentur.de/jobsuche/jobdetail/10001-1003040945-S,10001-1003040945-S
https://www.arbeitsagentur.de/jobsuche/jobdetail/16185-SRQA7OOF1JOIWXAU-S,16185-SRQA7OOF1JOIWXAU-S
https://www.arbeitsagentur.de/jobsuche/jobdetail/11081-2Q2EH8PRIICX3RSS-S,11081-2Q2EH8PRIICX3RSS-S
https://www.arbeitsagentur.de/jobsuche/jobdetail/12288-4803155565-S,12288-4803155565-S
https://www.arbeitsagentur.de/jobsuche/jobdetail/14795-67144_118887-S,14795-67144_118887-S
https://www.arbeitsagentur.de/jobsuche/jobdetail/13356-105555A48316C5-S,13356-105555A48316C5-S
https://www.arbeitsagentur.de/jobsuche/jobdetail/11949-17214249-S,11949-17214249-S
https://www.arbeitsagentur.de/jobsuche/jobdetail/12382-2024-65560048-S,12382-2024-65560048-S
https://www.arbeitsagentur.de/jobsuche/jobdetail/10001-1003038383-S,10001-1003038383-S
https://www.arbeitsagentur.de/jobsuche/jobdetail/10000-1206436912-S,10000-1206436912-S
https://www.arbeitsagentur.de/jobsuche/jobdetail/10000-1206439043-S,10000-1206439043-S
https://www.arbeitsagentur.de/jobsuche/jobdetail/12608-1401679-80583-1-S,12608-1401679-80583-1-S
https://www.arbeitsagentur.de/jobsuche/jobdetail/10001-1003039064-S,10001-1003039064-S
https://www.arbeitsagentur.de/jobsuche/jobdetail/10001-1003039850-S,10001-1003039850-S
https://www.arbeitsagentur.de/jobsuche/jobdetail/12288-4803154673-S,12288-4803154673-S
https://www.arbeitsagentur.de/jobsuche/jobdetail/10001-1003036345-S,10001-1003036345-S
https://www.arbeitsagentur.de/jobsuche/jobdetail/14456-k11173.26769-S,14456-k11173.26769-S
https://www.arbeitsagentur.de/jobsuche/jobdetail/12730-75YW1XCEVWZ8V85S-S,12730-75YW1XCEVWZ8V85S-S
https://www.arbeitsagentur.de/jobsuche/jobdetail/10000-1206445102-S,10000-1206445102-S
https://www.arbeitsagentur.de/jobsuche/jobdetail/13465-00021a6495a001-S,13465-00021a6495a001-S
https://www.arbeitsagentur.de/jobsuche/jobdetail/18024-100BR0003Hg3H-S,18024-100BR0003Hg3H-S
https://www.arbeitsagentur.de/jobsuche/jobdetail/12306-KZ4N23AQ09D8I4HA-S,12306-KZ4N23AQ09D8I4HA-S
https://www.arbeitsagentur.de/jobsuche/jobdetail/11081-YSWJ7J8HYBJ3EWRI-S,11081-YSWJ7J8HYBJ3EWRI-S
https://www.arbeitsagentur.de/jobsuche/jobdetail/10001-1003042383-S,10001-1003042383-S
https://www.arbeitsagentur.de/jobsuche/jobdetail/12122-208516-1769299-0-S,12122-208516-1769299-0-S
https://www.arbeitsagentur.de/jobsuche/jobdetail/10001-1003038866-S,10001-1003038866-S
https://www.arbeitsagentur.de/jobsuche/jobdetail/11949-17214104-S,11949-17214104-S
https://www.arbeitsagentur.de/jobsuche/jobdetail/14792-4436FHFKSMI9FKCD-S,14792-4436FHFKSMI9FKCD-S
https://www.arbeitsagentur.de/jobsuche/jobdetail/10000-1206448091-S,10000-1206448091-S
https://www.arbeitsagentur.de/jobsuche/jobdetail/11081-5SEDGOFT9DHBCZX1-S,11081-5SEDGOFT9DHBCZX1-S
https://www.arbeitsagentur.de/jobsuche/jobdetail/10001-1003040306-S,10001-1003040306-S
https://www.arbeitsagentur.de/jobsuche/jobdetail/11949-17215889-S,11949-17215889-S
https://www.arbeitsagentur.de/jobsuche/jobdetail/10001-1003036209-S,10001-1003036209-S
https://www.arbeitsagentur.de/jobsuche/jobdetail/12811-2248853-S,12811-2248853-S
https://www.arbeitsagentur.de/jobsuche/jobdetail/11119-4802963987-S,11119-4802963987-S
https://www.arbeitsagentur.de/jobsuche/jobdetail/12513-0007639483-S,12513-0007639483-S
https://www.arbeitsagentur.de/jobsuche/jobdetail/10001-1003042012-S,10001-1003042012-S
https://www.arbeitsagentur.de/jobsuche/jobdetail/12322-7QNMW2R9QIWRBZVC-S,12322-7QNMW2R9QIWRBZVC-S
https://www.arbeitsagentur.de/jobsuche/jobdetail/14471-BRDXO0GKHTYSCEKO-S,14471-BRDXO0GKHTYSCEKO-S
https://www.arbeitsagentur.de/jobsuche/jobdetail/13635-4e1a251b_JB5140488-S,13635-4e1a251b_JB5140488-S
https://www.arbeitsagentur.de/jobsuche/jobdetail/13356-101813A29628C56-S,13356-101813A29628C56-S
https://www.arbeitsagentur.de/jobsuche/jobdetail/16963-REF84D-4190668248-S,16963-REF84D-4190668248-S
https://www.arbeitsagentur.de/jobsuche/jobdetail/12811-2248690-S,12811-2248690-S
https://www.arbeitsagentur.de/jobsuche/jobdetail/10000-1206444135-S,10000-1206444135-S
https://www.arbeitsagentur.de/jobsuche/jobdetail/11949-17213430-S,11949-17213430-S
https://www.arbeitsagentur.de/jobsuche/jobdetail/10001-1003037907-S,10001-1003037907-S
https://www.arbeitsagentur.de/jobsuche/jobdetail/17803-260506171043-AF1315-S,17803-260506171043-AF1315-S
https://www.arbeitsagentur.de/jobsuche/jobdetail/10001-1003034064-S,10001-1003034064-S
https://www.arbeitsagentur.de/jobsuche/jobdetail/12618-173703-S,12618-173703-S
https://www.arbeitsagentur.de/jobsuche/jobdetail/13635-64e5b55f_JB5140099-S,13635-64e5b55f_JB5140099-S
https://www.arbeitsagentur.de/jobsuche/jobdetail/10001-1003038184-S,10001-1003038184-S
https://www.arbeitsagentur.de/jobsuche/jobdetail/13669-0J3COAARM3RTM7RN-S,13669-0J3COAARM3RTM7RN-S
https://www.arbeitsagentur.de/jobsuche/jobdetail/11949-17216672-S,11949-17216672-S
https://www.arbeitsagentur.de/jobsuche/jobdetail/14613-wuc9vafso6-S,14613-wuc9vafso6-S
https://www.arbeitsagentur.de/jobsuche/jobdetail/11949-17214976-S,11949-17214976-S
https://www.arbeitsagentur.de/jobsuche/jobdetail/11949-17213522-S,11949-17213522-S
https://www.arbeitsagentur.de/jobsuche/jobdetail/11119-4799701279-S,11119-4799701279-S
https://www.arbeitsagentur.de/jobsuche/jobdetail/17803-260507173008-ER1408-S,17803-260507173008-ER1408-S
https://www.arbeitsagentur.de/jobsuche/jobdetail/16963-REF19M-5610962249-S,16963-REF19M-5610962249-S
https://www.arbeitsagentur.de/jobsuche/jobdetail/10000-1206448584-S,10000-1206448584-S
https://www.arbeitsagentur.de/jobsuche/jobdetail/13739-2026050710004212-S,13739-2026050710004212-S
https://www.arbeitsagentur.de/jobsuche/jobdetail/10001-1003041971-S,10001-1003041971-S
https://www.arbeitsagentur.de/jobsuche/jobdetail/16925-EMVFBR4CCPB3HD2E-S,16925-EMVFBR4CCPB3HD2E-S
https://www.arbeitsagentur.de/jobsuche/jobdetail/11119-4804144604-S,11119-4804144604-S
https://www.arbeitsagentur.de/jobsuche/jobdetail/12288-4803124274-S,12288-4803124274-S
https://www.arbeitsagentur.de/jobsuche/jobdetail/16292-202654f99xvx-000-S,16292-202654f99xvx-000-S
https://www.arbeitsagentur.de/jobsuche/jobdetail/12811-2249180-S,12811-2249180-S
https://www.arbeitsagentur.de/jobsuche/jobdetail/10000-1206450332-S,10000-1206450332-S
https://www.arbeitsagentur.de/jobsuche/jobdetail/12233-408A543-S,12233-408A543-S
https://www.arbeitsagentur.de/jobsuche/jobdetail/10000-1206437877-S,10000-1206437877-S
https://www.arbeitsagentur.de/jobsuche/jobdetail/16185-AFAZEV6HE8ELZU86-S,16185-AFAZEV6HE8ELZU86-S
https://www.arbeitsagentur.de/jobsuche/jobdetail/13356-109596A48609C2-S,13356-109596A48609C2-S
https://www.arbeitsagentur.de/jobsuche/jobdetail/11949-17216417-S,11949-17216417-S
https://www.arbeitsagentur.de/jobsuche/jobdetail/12222-IMSFN24F4GYCLO7U-S,12222-IMSFN24F4GYCLO7U-S
https://www.arbeitsagentur.de/jobsuche/jobdetail/12147-20260505219156-S,12147-20260505219156-S
https://www.arbeitsagentur.de/jobsuche/jobdetail/12931-9231-1771041-0-S,12931-9231-1771041-0-S
https://www.arbeitsagentur.de/jobsuche/jobdetail/11937-33056_58697-1-S,11937-33056_58697-1-S
https://www.arbeitsagentur.de/jobsuche/jobdetail/11119-4804201762-S,11119-4804201762-S
https://www.arbeitsagentur.de/jobsuche/jobdetail/13635-a0ed580c_JB5141101-S,13635-a0ed580c_JB5141101-S
https://www.arbeitsagentur.de/jobsuche/jobdetail/11850-417A953-S,11850-417A953-S
https://www.arbeitsagentur.de/jobsuche/jobdetail/13356-805510A48367C5-S,13356-805510A48367C5-S
https://www.arbeitsagentur.de/jobsuche/jobdetail/10001-1003036653-S,10001-1003036653-S
https://www.arbeitsagentur.de/jobsuche/jobdetail/12122-209128-1770902-0-S,12122-209128-1770902-0-S
https://www.arbeitsagentur.de/jobsuche/jobdetail/16646-PMPI2GU4ITSVVPTR-S,16646-PMPI2GU4ITSVVPTR-S
https://www.arbeitsagentur.de/jobsuche/jobdetail/11081-VAJD7L63VXV52FGN-S,11081-VAJD7L63VXV52FGN-S
https://www.arbeitsagentur.de/jobsuche/jobdetail/11949-17215314-S,11949-17215314-S
https://www.arbeitsagentur.de/jobsuche/jobdetail/15428-S2H649UNMRIX4Y6Q-S,15428-S2H649UNMRIX4Y6Q-S
https://www.arbeitsagentur.de/jobsuche/jobdetail/11081-W1FB90M7II0KQDEJ-S,11081-W1FB90M7II0KQDEJ-S
https://www.arbeitsagentur.de/jobsuche/jobdetail/12811-2248840-S,12811-2248840-S
https://www.arbeitsagentur.de/jobsuche/jobdetail/14751-417A9199-S,14751-417A9199-S
https://www.arbeitsagentur.de/jobsuche/jobdetail/14792-A8LQLL8FZAXIL93Q-S,14792-A8LQLL8FZAXIL93Q-S
https://www.arbeitsagentur.de/jobsuche/jobdetail/14087-DMJBUYMXPXVSW4F0-S,14087-DMJBUYMXPXVSW4F0-S
https://www.arbeitsagentur.de/jobsuche/jobdetail/12456-1571557-1-S,12456-1571557-1-S
https://www.arbeitsagentur.de/jobsuche/jobdetail/11949-17215248-S,11949-17215248-S
https://www.arbeitsagentur.de/jobsuche/jobdetail/10001-1003039347-S,10001-1003039347-S
https://www.arbeitsagentur.de/jobsuche/jobdetail/10000-1206436575-S,10000-1206436575-S
https://www.arbeitsagentur.de/jobsuche/jobdetail/10001-1003038292-S,10001-1003038292-S
https://www.arbeitsagentur.de/jobsuche/jobdetail/17803-260507172724-PH1408-S,17803-260507172724-PH1408-S
https://www.arbeitsagentur.de/jobsuche/jobdetail/12618-173721-S,12618-173721-S
https://www.arbeitsagentur.de/jobsuche/jobdetail/11119-4804147956-S,11119-4804147956-S
https://www.arbeitsagentur.de/jobsuche/jobdetail/10001-1003036533-S,10001-1003036533-S
https://www.arbeitsagentur.de/jobsuche/jobdetail/13635-2e8fc169_JB5140496-S,13635-2e8fc169_JB5140496-S
https://www.arbeitsagentur.de/jobsuche/jobdetail/11949-17216195-S,11949-17216195-S
https://www.arbeitsagentur.de/jobsuche/jobdetail/10001-1003040700-S,10001-1003040700-S
https://www.arbeitsagentur.de/jobsuche/jobdetail/11081-96JFV6O6GDX41XNQ-S,11081-96JFV6O6GDX41XNQ-S
https://www.arbeitsagentur.de/jobsuche/jobdetail/10001-1003042246-S,10001-1003042246-S
https://www.arbeitsagentur.de/jobsuche/jobdetail/10000-1206420796-S,10000-1206420796-S
https://www.arbeitsagentur.de/jobsuche/jobdetail/14751-70A22011-S,14751-70A22011-S
https://www.arbeitsagentur.de/jobsuche/jobdetail/11949-17215386-S,11949-17215386-S
https://www.arbeitsagentur.de/jobsuche/jobdetail/12811-2248829-S,12811-2248829-S
https://www.arbeitsagentur.de/jobsuche/jobdetail/10000-1206447721-S,10000-1206447721-S
https://www.arbeitsagentur.de/jobsuche/jobdetail/12147-20260506219316-S,12147-20260506219316-S
https://www.arbeitsagentur.de/jobsuche/jobdetail/12811-2249414-S,12811-2249414-S
https://www.arbeitsagentur.de/jobsuche/jobdetail/16741-4803037770-S,16741-4803037770-S
https://www.arbeitsagentur.de/jobsuche/jobdetail/14927-512iiyzs-S,14927-512iiyzs-S
https://www.arbeitsagentur.de/jobsuche/jobdetail/20242-4804159011-S,20242-4804159011-S
https://www.arbeitsagentur.de/jobsuche/jobdetail/12811-2248850-S,12811-2248850-S
https://www.arbeitsagentur.de/jobsuche/jobdetail/10000-1206439879-S,10000-1206439879-S
https://www.arbeitsagentur.de/jobsuche/jobdetail/10001-1003042834-S,10001-1003042834-S
https://www.arbeitsagentur.de/jobsuche/jobdetail/10001-1003042969-S,10001-1003042969-S
https://www.arbeitsagentur.de/jobsuche/jobdetail/10001-1003039083-S,10001-1003039083-S
https://www.arbeitsagentur.de/jobsuche/jobdetail/10001-1003040959-S,10001-1003040959-S
https://www.arbeitsagentur.de/jobsuche/jobdetail/12608-1401673-7912-1-S,12608-1401673-7912-1-S
https://www.arbeitsagentur.de/jobsuche/jobdetail/10001-1003038992-S,10001-1003038992-S
https://www.arbeitsagentur.de/jobsuche/jobdetail/10000-1206381112-S,10000-1206381112-S
https://www.arbeitsagentur.de/jobsuche/jobdetail/10001-1003042746-S,10001-1003042746-S
https://www.arbeitsagentur.de/jobsuche/jobdetail/10000-1206446508-S,10000-1206446508-S
https://www.arbeitsagentur.de/jobsuche/jobdetail/18332-UQ1R6DH1P8SWX15A-S,18332-UQ1R6DH1P8SWX15A-S
https://www.arbeitsagentur.de/jobsuche/jobdetail/10001-1003038365-S,10001-1003038365-S
https://www.arbeitsagentur.de/jobsuche/jobdetail/11949-17216281-S,11949-17216281-S
https://www.arbeitsagentur.de/jobsuche/jobdetail/16986-JOB-116126-S,16986-JOB-116126-S
https://www.arbeitsagentur.de/jobsuche/jobdetail/18024-100PJ000TEO0M-S,18024-100PJ000TEO0M-S
https://www.arbeitsagentur.de/jobsuche/jobdetail/11949-17215205-S,11949-17215205-S
https://www.arbeitsagentur.de/jobsuche/jobdetail/12730-LU4JM3HV50G6CUYD-S,12730-LU4JM3HV50G6CUYD-S
https://www.arbeitsagentur.de/jobsuche/jobdetail/15910-k55670.3573-S,15910-k55670.3573-S
https://www.arbeitsagentur.de/jobsuche/jobdetail/17803-260507173044-AF1415-S,17803-260507173044-AF1415-S
https://www.arbeitsagentur.de/jobsuche/jobdetail/14751-70A21994-S,14751-70A21994-S
https://www.arbeitsagentur.de/jobsuche/jobdetail/14792-6J23H6D9HNOXTZ7L-S,14792-6J23H6D9HNOXTZ7L-S
https://www.arbeitsagentur.de/jobsuche/jobdetail/12811-2249403-S,12811-2249403-S
https://www.arbeitsagentur.de/jobsuche/jobdetail/14373-k36443.4020-S,14373-k36443.4020-S
https://www.arbeitsagentur.de/jobsuche/jobdetail/10001-1003041669-S,10001-1003041669-S
https://www.arbeitsagentur.de/jobsuche/jobdetail/12739-9ET478M5JL3O52F8-S,12739-9ET478M5JL3O52F8-S
https://www.arbeitsagentur.de/jobsuche/jobdetail/11864-W77IFAAORX6N54UX-S,11864-W77IFAAORX6N54UX-S
https://www.arbeitsagentur.de/jobsuche/jobdetail/12826-SA0137576_JB5140769-S,12826-SA0137576_JB5140769-S
https://www.arbeitsagentur.de/jobsuche/jobdetail/20145-WEHCED5LCupzzx-S,20145-WEHCED5LCupzzx-S
https://www.arbeitsagentur.de/jobsuche/jobdetail/11868-13742690-S,11868-13742690-S
https://www.arbeitsagentur.de/jobsuche/jobdetail/14040-UJL8XY48IIW4V9KS-S,14040-UJL8XY48IIW4V9KS-S
https://www.arbeitsagentur.de/jobsuche/jobdetail/14087-FCK76TA35GFB8O0J-S,14087-FCK76TA35GFB8O0J-S
https://www.arbeitsagentur.de/jobsuche/jobdetail/11949-17215622-S,11949-17215622-S
https://www.arbeitsagentur.de/jobsuche/jobdetail/12288-4803131436-S,12288-4803131436-S
https://www.arbeitsagentur.de/jobsuche/jobdetail/15095-7BXKEY0HHOAZOCHJ-S,15095-7BXKEY0HHOAZOCHJ-S
https://www.arbeitsagentur.de/jobsuche/jobdetail/16915-EXVAFGEL6CNVHILB-S,16915-EXVAFGEL6CNVHILB-S
https://www.arbeitsagentur.de/jobsuche/jobdetail/19643-v1utgye4cp-S,19643-v1utgye4cp-S
https://www.arbeitsagentur.de/jobsuche/jobdetail/17803-260507172724-PH1424-S,17803-260507172724-PH1424-S
https://www.arbeitsagentur.de/jobsuche/jobdetail/10001-1003036131-S,10001-1003036131-S
https://www.arbeitsagentur.de/jobsuche/jobdetail/11119-4801690020-S,11119-4801690020-S
https://www.arbeitsagentur.de/jobsuche/jobdetail/10001-1003042860-S,10001-1003042860-S
https://www.arbeitsagentur.de/jobsuche/jobdetail/11868-13743078-S,11868-13743078-S
https://www.arbeitsagentur.de/jobsuche/jobdetail/11119-4804226593-S,11119-4804226593-S
https://www.arbeitsagentur.de/jobsuche/jobdetail/12811-2248979-S,12811-2248979-S
https://www.arbeitsagentur.de/jobsuche/jobdetail/14418-46099-1770724-0-S,14418-46099-1770724-0-S
https://www.arbeitsagentur.de/jobsuche/jobdetail/11119-4804191593-S,11119-4804191593-S
https://www.arbeitsagentur.de/jobsuche/jobdetail/11949-17216187-S,11949-17216187-S
https://www.arbeitsagentur.de/jobsuche/jobdetail/11949-17215524-S,11949-17215524-S
https://www.arbeitsagentur.de/jobsuche/jobdetail/13356-103535A45647C11-S,13356-103535A45647C11-S
https://www.arbeitsagentur.de/jobsuche/jobdetail/10001-1003040736-S,10001-1003040736-S
https://www.arbeitsagentur.de/jobsuche/jobdetail/18024-1002X000QZW00-S,18024-1002X000QZW00-S
https://www.arbeitsagentur.de/jobsuche/jobdetail/11949-17213474-S,11949-17213474-S
https://www.arbeitsagentur.de/jobsuche/jobdetail/10000-1206437866-S,10000-1206437866-S
https://www.arbeitsagentur.de/jobsuche/jobdetail/14751-417A10947-S,14751-417A10947-S
https://www.arbeitsagentur.de/jobsuche/jobdetail/10001-1003035380-S,10001-1003035380-S
https://www.arbeitsagentur.de/jobsuche/jobdetail/12288-4803159308-S,12288-4803159308-S
https://www.arbeitsagentur.de/jobsuche/jobdetail/12618-173687-S,12618-173687-S
https://www.arbeitsagentur.de/jobsuche/jobdetail/17803-260507173118-HE1422-S,17803-260507173118-HE1422-S
https://www.arbeitsagentur.de/jobsuche/jobdetail/15992-2248769-S,15992-2248769-S
https://www.arbeitsagentur.de/jobsuche/jobdetail/12513-0007639520-S,12513-0007639520-S
https://www.arbeitsagentur.de/jobsuche/jobdetail/10001-1003039031-S,10001-1003039031-S
https://www.arbeitsagentur.de/jobsuche/jobdetail/11849-P2095286-1-S,11849-P2095286-1-S
https://www.arbeitsagentur.de/jobsuche/jobdetail/11119-4804201958-S,11119-4804201958-S
https://www.arbeitsagentur.de/jobsuche/jobdetail/10000-1206443415-S,10000-1206443415-S
https://www.arbeitsagentur.de/jobsuche/jobdetail/12811-2249339-S,12811-2249339-S
https://www.arbeitsagentur.de/jobsuche/jobdetail/10001-1003040263-S,10001-1003040263-S
https://www.arbeitsagentur.de/jobsuche/jobdetail/10000-1206439687-S,10000-1206439687-S
https://www.arbeitsagentur.de/jobsuche/jobdetail/11949-17215124-S,11949-17215124-S
https://www.arbeitsagentur.de/jobsuche/jobdetail/10001-1003036659-S,10001-1003036659-S
https://www.arbeitsagentur.de/jobsuche/jobdetail/10001-1003038683-S,10001-1003038683-S
https://www.arbeitsagentur.de/jobsuche/jobdetail/10001-1003042448-S,10001-1003042448-S
https://www.arbeitsagentur.de/jobsuche/jobdetail/11949-17216288-S,11949-17216288-S
https://www.arbeitsagentur.de/jobsuche/jobdetail/12382-2021-25011041-S,12382-2021-25011041-S
https://www.arbeitsagentur.de/jobsuche/jobdetail/10000-1206445381-S,10000-1206445381-S
https://www.arbeitsagentur.de/jobsuche/jobdetail/10000-1206447968-S,10000-1206447968-S
https://www.arbeitsagentur.de/jobsuche/jobdetail/11949-17216376-S,11949-17216376-S
https://www.arbeitsagentur.de/jobsuche/jobdetail/12811-2249272-S,12811-2249272-S
https://www.arbeitsagentur.de/jobsuche/jobdetail/10001-1003037701-S,10001-1003037701-S
https://www.arbeitsagentur.de/jobsuche/jobdetail/18593-1571469-1-S,18593-1571469-1-S
https://www.arbeitsagentur.de/jobsuche/jobdetail/12826-SA0137604_JB5141031-S,12826-SA0137604_JB5141031-S
https://www.arbeitsagentur.de/jobsuche/jobdetail/11864-35S8C74SO6125XB2-S,11864-35S8C74SO6125XB2-S
https://www.arbeitsagentur.de/jobsuche/jobdetail/11119-4794230662-S,11119-4794230662-S
https://www.arbeitsagentur.de/jobsuche/jobdetail/11949-17215460-S,11949-17215460-S
https://www.arbeitsagentur.de/jobsuche/jobdetail/12811-2248987-S,12811-2248987-S
https://www.arbeitsagentur.de/jobsuche/jobdetail/12633-519eac17_JB5139960-S,12633-519eac17_JB5139960-S
https://www.arbeitsagentur.de/jobsuche/jobdetail/13356-106224A35130C44-S,13356-106224A35130C44-S
https://www.arbeitsagentur.de/jobsuche/jobdetail/12811-2249361-S,12811-2249361-S
https://www.arbeitsagentur.de/jobsuche/jobdetail/14661-31160aeda95a4e6-S,14661-31160aeda95a4e6-S
https://www.arbeitsagentur.de/jobsuche/jobdetail/13869-13742545-S,13869-13742545-S
https://www.arbeitsagentur.de/jobsuche/jobdetail/10000-1206441061-S,10000-1206441061-S
https://www.arbeitsagentur.de/jobsuche/jobdetail/11949-17215861-S,11949-17215861-S
https://www.arbeitsagentur.de/jobsuche/jobdetail/17803-SHSSB35D71IG9QG1-S,17803-SHSSB35D71IG9QG1-S
https://www.arbeitsagentur.de/jobsuche/jobdetail/10001-1003038719-S,10001-1003038719-S
https://www.arbeitsagentur.de/jobsuche/jobdetail/14076-BB-13154-7878-52258-S,14076-BB-13154-7878-52258-S
https://www.arbeitsagentur.de/jobsuche/jobdetail/11119-4804140479-S,11119-4804140479-S
https://www.arbeitsagentur.de/jobsuche/jobdetail/18024-100PJ000Rcy1p-S,18024-100PJ000Rcy1p-S
https://www.arbeitsagentur.de/jobsuche/jobdetail/11949-17215528-S,11949-17215528-S
https://www.arbeitsagentur.de/jobsuche/jobdetail/14795-66444_118843-S,14795-66444_118843-S
https://www.arbeitsagentur.de/jobsuche/jobdetail/10000-1206434990-S,10000-1206434990-S
https://www.arbeitsagentur.de/jobsuche/jobdetail/15765-RX0YZM2BE5WL2JSU-S,15765-RX0YZM2BE5WL2JSU-S
https://www.arbeitsagentur.de/jobsuche/jobdetail/17405-k60982.1560-S,17405-k60982.1560-S
https://www.arbeitsagentur.de/jobsuche/jobdetail/10000-1206443396-S,10000-1206443396-S
https://www.arbeitsagentur.de/jobsuche/jobdetail/11949-17216198-S,11949-17216198-S
https://www.arbeitsagentur.de/jobsuche/jobdetail/10000-1206446340-S,10000-1206446340-S
https://www.arbeitsagentur.de/jobsuche/jobdetail/10001-1003038966-S,10001-1003038966-S
https://www.arbeitsagentur.de/jobsuche/jobdetail/11949-17215961-S,11949-17215961-S
https://www.arbeitsagentur.de/jobsuche/jobdetail/14225-8081ccea617a6971-S,14225-8081ccea617a6971-S
https://www.arbeitsagentur.de/jobsuche/jobdetail/14340-458423480-S,14340-458423480-S
https://www.arbeitsagentur.de/jobsuche/jobdetail/11949-17215139-S,11949-17215139-S
https://www.arbeitsagentur.de/jobsuche/jobdetail/10001-1003037251-S,10001-1003037251-S
https://www.arbeitsagentur.de/jobsuche/jobdetail/10001-1003042763-S,10001-1003042763-S
https://www.arbeitsagentur.de/jobsuche/jobdetail/14096-3e0da3d57d754b0-S,14096-3e0da3d57d754b0-S
https://www.arbeitsagentur.de/jobsuche/jobdetail/11949-17216642-S,11949-17216642-S
https://www.arbeitsagentur.de/jobsuche/jobdetail/10001-1003042996-S,10001-1003042996-S
https://www.arbeitsagentur.de/jobsuche/jobdetail/10001-1003036842-S,10001-1003036842-S
https://www.arbeitsagentur.de/jobsuche/jobdetail/10001-1003033816-S,10001-1003033816-S
https://www.arbeitsagentur.de/jobsuche/jobdetail/11949-17216044-S,11949-17216044-S
https://www.arbeitsagentur.de/jobsuche/jobdetail/14751-70A22019-S,14751-70A22019-S
https://www.arbeitsagentur.de/jobsuche/jobdetail/13465-00021a6494a001-S,13465-00021a6494a001-S
https://www.arbeitsagentur.de/jobsuche/jobdetail/13635-f2c43786_JB5140249-S,13635-f2c43786_JB5140249-S
https://www.arbeitsagentur.de/jobsuche/jobdetail/12668-65eb0f8e43b54af-S,12668-65eb0f8e43b54af-S
https://www.arbeitsagentur.de/jobsuche/jobdetail/11949-17214924-S,11949-17214924-S
https://www.arbeitsagentur.de/jobsuche/jobdetail/14751-417A10618-S,14751-417A10618-S
https://www.arbeitsagentur.de/jobsuche/jobdetail/10001-1003037808-S,10001-1003037808-S
https://www.arbeitsagentur.de/jobsuche/jobdetail/10000-1206434951-S,10000-1206434951-S
https://www.arbeitsagentur.de/jobsuche/jobdetail/14927-dsw6ww-S,14927-dsw6ww-S
https://www.arbeitsagentur.de/jobsuche/jobdetail/10001-1003041433-S,10001-1003041433-S
https://www.arbeitsagentur.de/jobsuche/jobdetail/12288-4803148167-S,12288-4803148167-S
https://www.arbeitsagentur.de/jobsuche/jobdetail/10000-1206349281-S,10000-1206349281-S
https://www.arbeitsagentur.de/jobsuche/jobdetail/12233-408A544-S,12233-408A544-S
https://www.arbeitsagentur.de/jobsuche/jobdetail/11949-17215968-S,11949-17215968-S
https://www.arbeitsagentur.de/jobsuche/jobdetail/10001-1003041765-S,10001-1003041765-S
https://www.arbeitsagentur.de/jobsuche/jobdetail/13243-NOF16280689-JB-S,13243-NOF16280689-JB-S
https://www.arbeitsagentur.de/jobsuche/jobdetail/17902-k59932.5685-S,17902-k59932.5685-S
https://www.arbeitsagentur.de/jobsuche/jobdetail/10000-1206422062-S,10000-1206422062-S
https://www.arbeitsagentur.de/jobsuche/jobdetail/10001-1003039328-S,10001-1003039328-S
https://www.arbeitsagentur.de/jobsuche/jobdetail/11119-4791095552-S,11119-4791095552-S
https://www.arbeitsagentur.de/jobsuche/jobdetail/11949-17215096-S,11949-17215096-S
https://www.arbeitsagentur.de/jobsuche/jobdetail/10001-1003036603-S,10001-1003036603-S
https://www.arbeitsagentur.de/jobsuche/jobdetail/18804-2025-10900002-S,18804-2025-10900002-S
https://www.arbeitsagentur.de/jobsuche/jobdetail/18306-BB-634742-7878-3515-S,18306-BB-634742-7878-3515-S
https://www.arbeitsagentur.de/jobsuche/jobdetail/11864-GV39WBOJHLKUBDM0-S,11864-GV39WBOJHLKUBDM0-S
https://www.arbeitsagentur.de/jobsuche/jobdetail/13356-109596A39224C35-S,13356-109596A39224C35-S
https://www.arbeitsagentur.de/jobsuche/jobdetail/17060-Q5E1PQPJPTITKBPC-S,17060-Q5E1PQPJPTITKBPC-S
https://www.arbeitsagentur.de/jobsuche/jobdetail/14087-6X9ELRRZ1A2PPGCH-S,14087-6X9ELRRZ1A2PPGCH-S
https://www.arbeitsagentur.de/jobsuche/jobdetail/10001-1003043284-S,10001-1003043284-S
https://www.arbeitsagentur.de/jobsuche/jobdetail/12513-0007639525-S,12513-0007639525-S
https://www.arbeitsagentur.de/jobsuche/jobdetail/14373-k36443.4028-S,14373-k36443.4028-S
https://www.arbeitsagentur.de/jobsuche/jobdetail/10001-1003038953-S,10001-1003038953-S
https://www.arbeitsagentur.de/jobsuche/jobdetail/10001-1003037711-S,10001-1003037711-S
https://www.arbeitsagentur.de/jobsuche/jobdetail/11119-4802974780-S,11119-4802974780-S
https://www.arbeitsagentur.de/jobsuche/jobdetail/18024-100PJ000VZh07-S,18024-100PJ000VZh07-S
https://www.arbeitsagentur.de/jobsuche/jobdetail/13275-VER-21442372-S,13275-VER-21442372-S
https://www.arbeitsagentur.de/jobsuche/jobdetail/12811-2248948-S,12811-2248948-S
https://www.arbeitsagentur.de/jobsuche/jobdetail/13635-f4f807bd_JB5140376-S,13635-f4f807bd_JB5140376-S
https://www.arbeitsagentur.de/jobsuche/jobdetail/11119-4804214183-S,11119-4804214183-S
https://www.arbeitsagentur.de/jobsuche/jobdetail/12931-9232-1771035-0-S,12931-9232-1771035-0-S
https://www.arbeitsagentur.de/jobsuche/jobdetail/10000-1206436742-S,10000-1206436742-S
https://www.arbeitsagentur.de/jobsuche/jobdetail/17926-0064598308-S,17926-0064598308-S
https://www.arbeitsagentur.de/jobsuche/jobdetail/11119-4801673188-S,11119-4801673188-S
https://www.arbeitsagentur.de/jobsuche/jobdetail/11949-17214079-S,11949-17214079-S
https://www.arbeitsagentur.de/jobsuche/jobdetail/10001-1003036732-S,10001-1003036732-S
https://www.arbeitsagentur.de/jobsuche/jobdetail/12407-CUK3G6JLUDB7N0YU-S,12407-CUK3G6JLUDB7N0YU-S
https://www.arbeitsagentur.de/jobsuche/jobdetail/13635-07f3c807_JB5139915-S,13635-07f3c807_JB5139915-S
https://www.arbeitsagentur.de/jobsuche/jobdetail/10000-1206440315-S,10000-1206440315-S
https://www.arbeitsagentur.de/jobsuche/jobdetail/10001-1003040122-S,10001-1003040122-S
https://www.arbeitsagentur.de/jobsuche/jobdetail/14927-lzo3zk62sy-S,14927-lzo3zk62sy-S
https://www.arbeitsagentur.de/jobsuche/jobdetail/10001-1003033687-S,10001-1003033687-S
https://www.arbeitsagentur.de/jobsuche/jobdetail/10000-1206431157-S,10000-1206431157-S
https://www.arbeitsagentur.de/jobsuche/jobdetail/10001-1003042689-S,10001-1003042689-S
https://www.arbeitsagentur.de/jobsuche/jobdetail/13356-105550A41503C10-S,13356-105550A41503C10-S
https://www.arbeitsagentur.de/jobsuche/jobdetail/10001-1003036899-S,10001-1003036899-S
https://www.arbeitsagentur.de/jobsuche/jobdetail/14927-1n85pzeruzy-S,14927-1n85pzeruzy-S
https://www.arbeitsagentur.de/jobsuche/jobdetail/13635-5fc118b1_JB5139759-S,13635-5fc118b1_JB5139759-S
https://www.arbeitsagentur.de/jobsuche/jobdetail/13635-457a2f9d_JB5139898-S,13635-457a2f9d_JB5139898-S
https://www.arbeitsagentur.de/jobsuche/jobdetail/13669-NKFVC6CE0A0DC2HJ-S,13669-NKFVC6CE0A0DC2HJ-S
https://www.arbeitsagentur.de/jobsuche/jobdetail/14751-417A9374-S,14751-417A9374-S
https://www.arbeitsagentur.de/jobsuche/jobdetail/10001-1003037169-S,10001-1003037169-S
https://www.arbeitsagentur.de/jobsuche/jobdetail/12811-2248602-S,12811-2248602-S
https://www.arbeitsagentur.de/jobsuche/jobdetail/15699-1571148-1-S,15699-1571148-1-S
https://www.arbeitsagentur.de/jobsuche/jobdetail/12826-SA0137592_JB5141020-S,12826-SA0137592_JB5141020-S
https://www.arbeitsagentur.de/jobsuche/jobdetail/10001-1003038704-S,10001-1003038704-S
https://www.arbeitsagentur.de/jobsuche/jobdetail/10001-1003037787-S,10001-1003037787-S
https://www.arbeitsagentur.de/jobsuche/jobdetail/14087-OS38U83CPZVK57YY-S,14087-OS38U83CPZVK57YY-S
https://www.arbeitsagentur.de/jobsuche/jobdetail/12811-2248403-S,12811-2248403-S
https://www.arbeitsagentur.de/jobsuche/jobdetail/10000-1206438764-S,10000-1206438764-S
https://www.arbeitsagentur.de/jobsuche/jobdetail/18024-100PJ000VIH0p-S,18024-100PJ000VIH0p-S
https://www.arbeitsagentur.de/jobsuche/jobdetail/13999-k53401.30932-S,13999-k53401.30932-S
https://www.arbeitsagentur.de/jobsuche/jobdetail/11864-12IES1LMCBSFRM6F-S,11864-12IES1LMCBSFRM6F-S
https://www.arbeitsagentur.de/jobsuche/jobdetail/14751-106A5212-S,14751-106A5212-S
https://www.arbeitsagentur.de/jobsuche/jobdetail/11119-4804135811-S,11119-4804135811-S
https://www.arbeitsagentur.de/jobsuche/jobdetail/13356-101819A40575C32-S,13356-101819A40575C32-S
https://www.arbeitsagentur.de/jobsuche/jobdetail/12608-1401645-77219-1-S,12608-1401645-77219-1-S
https://www.arbeitsagentur.de/jobsuche/jobdetail/12828-1TXBT6WQ2XUSA0OJ-S,12828-1TXBT6WQ2XUSA0OJ-S
https://www.arbeitsagentur.de/jobsuche/jobdetail/12306-UC6VERLOUZ4P3VNM-S,12306-UC6VERLOUZ4P3VNM-S
https://www.arbeitsagentur.de/jobsuche/jobdetail/11081-EVMIEK4PESFTGG98-S,11081-EVMIEK4PESFTGG98-S
https://www.arbeitsagentur.de/jobsuche/jobdetail/12811-2249009-S,12811-2249009-S
https://www.arbeitsagentur.de/jobsuche/jobdetail/10000-1206440526-S,10000-1206440526-S
https://www.arbeitsagentur.de/jobsuche/jobdetail/12608-1401653-8058-1-S,12608-1401653-8058-1-S
https://www.arbeitsagentur.de/jobsuche/jobdetail/10000-1206438845-S,10000-1206438845-S
https://www.arbeitsagentur.de/jobsuche/jobdetail/11949-17216662-S,11949-17216662-S
https://www.arbeitsagentur.de/jobsuche/jobdetail/16547-H91FUS3IPJ6BBUHX-S,16547-H91FUS3IPJ6BBUHX-S
https://www.arbeitsagentur.de/jobsuche/jobdetail/18952-2249113-S,18952-2249113-S
https://www.arbeitsagentur.de/jobsuche/jobdetail/12898-P2094675-1-S,12898-P2094675-1-S
https://www.arbeitsagentur.de/jobsuche/jobdetail/10000-1206442958-S,10000-1206442958-S
https://www.arbeitsagentur.de/jobsuche/jobdetail/17803-260507173118-HE1415-S,17803-260507173118-HE1415-S
https://www.arbeitsagentur.de/jobsuche/jobdetail/10000-1206440990-S,10000-1206440990-S
https://www.arbeitsagentur.de/jobsuche/jobdetail/11949-17212442-S,11949-17212442-S
https://www.arbeitsagentur.de/jobsuche/jobdetail/20276-k62550.1198-S,20276-k62550.1198-S
https://www.arbeitsagentur.de/jobsuche/jobdetail/11949-17215948-S,11949-17215948-S
https://www.arbeitsagentur.de/jobsuche/jobdetail/11949-17213912-S,11949-17213912-S
https://www.arbeitsagentur.de/jobsuche/jobdetail/11949-17214306-S,11949-17214306-S
https://www.arbeitsagentur.de/jobsuche/jobdetail/18024-100BR0003DW3H-S,18024-100BR0003DW3H-S
https://www.arbeitsagentur.de/jobsuche/jobdetail/10001-1003039477-S,10001-1003039477-S
https://www.arbeitsagentur.de/jobsuche/jobdetail/20242-4804174281-S,20242-4804174281-S
https://www.arbeitsagentur.de/jobsuche/jobdetail/10001-1003041448-S,10001-1003041448-S
https://www.arbeitsagentur.de/jobsuche/jobdetail/11119-4791110000-S,11119-4791110000-S
https://www.arbeitsagentur.de/jobsuche/jobdetail/17803-260507172724-PH1419-S,17803-260507172724-PH1419-S
https://www.arbeitsagentur.de/jobsuche/jobdetail/16857-k58582.1940-S,16857-k58582.1940-S
https://www.arbeitsagentur.de/jobsuche/jobdetail/11119-4804112625-S,11119-4804112625-S
https://www.arbeitsagentur.de/jobsuche/jobdetail/12288-4803142002-S,12288-4803142002-S
https://www.arbeitsagentur.de/jobsuche/jobdetail/15871-k48418.1346-S,15871-k48418.1346-S
https://www.arbeitsagentur.de/jobsuche/jobdetail/18834-a36crepced-S,18834-a36crepced-S
https://www.arbeitsagentur.de/jobsuche/jobdetail/12826-SA0135520_JB5140608-S,12826-SA0135520_JB5140608-S
https://www.arbeitsagentur.de/jobsuche/jobdetail/18024-1002X000QZO00-S,18024-1002X000QZO00-S
https://www.arbeitsagentur.de/jobsuche/jobdetail/11949-17215351-S,11949-17215351-S
https://www.arbeitsagentur.de/jobsuche/jobdetail/14076-BB-13169-7878-42914-S,14076-BB-13169-7878-42914-S
https://www.arbeitsagentur.de/jobsuche/jobdetail/14927-2aluri9dmcc-S,14927-2aluri9dmcc-S
https://www.arbeitsagentur.de/jobsuche/jobdetail/10001-1003037959-S,10001-1003037959-S
https://www.arbeitsagentur.de/jobsuche/jobdetail/11081-FAUTRTI5Y7V75PNO-S,11081-FAUTRTI5Y7V75PNO-S
https://www.arbeitsagentur.de/jobsuche/jobdetail/11119-4801685204-S,11119-4801685204-S
https://www.arbeitsagentur.de/jobsuche/jobdetail/10001-1003037492-S,10001-1003037492-S
https://www.arbeitsagentur.de/jobsuche/jobdetail/11949-17214350-S,11949-17214350-S
https://www.arbeitsagentur.de/jobsuche/jobdetail/13635-e5916ac6_JB5140076-S,13635-e5916ac6_JB5140076-S
https://www.arbeitsagentur.de/jobsuche/jobdetail/13635-2e4a7215_JB5140260-S,13635-2e4a7215_JB5140260-S
https://www.arbeitsagentur.de/jobsuche/jobdetail/10001-1003038665-S,10001-1003038665-S
https://www.arbeitsagentur.de/jobsuche/jobdetail/20290-2248237-S,20290-2248237-S
https://www.arbeitsagentur.de/jobsuche/jobdetail/14792-A6IUQBZOLYJ00EI3-S,14792-A6IUQBZOLYJ00EI3-S
https://www.arbeitsagentur.de/jobsuche/jobdetail/11949-17215976-S,11949-17215976-S
https://www.arbeitsagentur.de/jobsuche/jobdetail/14927-2lanx68gluh-S,14927-2lanx68gluh-S
https://www.arbeitsagentur.de/jobsuche/jobdetail/11949-17215153-S,11949-17215153-S
https://www.arbeitsagentur.de/jobsuche/jobdetail/14795-66948_118895-S,14795-66948_118895-S
https://www.arbeitsagentur.de/jobsuche/jobdetail/18024-100PC0009Qg1k-S,18024-100PC0009Qg1k-S
https://www.arbeitsagentur.de/jobsuche/jobdetail/10000-1206425919-S,10000-1206425919-S
https://www.arbeitsagentur.de/jobsuche/jobdetail/18024-1008y000Zwr0Y-S,18024-1008y000Zwr0Y-S
https://www.arbeitsagentur.de/jobsuche/jobdetail/17803-260507173044-AF1404-S,17803-260507173044-AF1404-S
https://www.arbeitsagentur.de/jobsuche/jobdetail/13635-js_bc_83_JB5139970-S,13635-js_bc_83_JB5139970-S
https://www.arbeitsagentur.de/jobsuche/jobdetail/17803-260507172901-PS1409-S,17803-260507172901-PS1409-S
https://www.arbeitsagentur.de/jobsuche/jobdetail/10000-1206447800-S,10000-1206447800-S
https://www.arbeitsagentur.de/jobsuche/jobdetail/11949-17215717-S,11949-17215717-S
https://www.arbeitsagentur.de/jobsuche/jobdetail/11949-17215117-S,11949-17215117-S
https://www.arbeitsagentur.de/jobsuche/jobdetail/11119-4791109753-S,11119-4791109753-S
https://www.arbeitsagentur.de/jobsuche/jobdetail/20465-WWU3GLCVZW5N73AO-S,20465-WWU3GLCVZW5N73AO-S
https://www.arbeitsagentur.de/jobsuche/jobdetail/11949-17215935-S,11949-17215935-S
https://www.arbeitsagentur.de/jobsuche/jobdetail/12811-2248005-S,12811-2248005-S
https://www.arbeitsagentur.de/jobsuche/jobdetail/11949-17215650-S,11949-17215650-S
https://www.arbeitsagentur.de/jobsuche/jobdetail/14751-206A13838-S,14751-206A13838-S
https://www.arbeitsagentur.de/jobsuche/jobdetail/10000-1202743315-S,10000-1202743315-S
https://www.arbeitsagentur.de/jobsuche/jobdetail/12634-BB-640788-7878-5202-S,12634-BB-640788-7878-5202-S
https://www.arbeitsagentur.de/jobsuche/jobdetail/10001-1003033245-S,10001-1003033245-S
https://www.arbeitsagentur.de/jobsuche/jobdetail/11949-17216549-S,11949-17216549-S
https://www.arbeitsagentur.de/jobsuche/jobdetail/10001-1003036198-S,10001-1003036198-S
https://www.arbeitsagentur.de/jobsuche/jobdetail/10000-1206436403-S,10000-1206436403-S
https://www.arbeitsagentur.de/jobsuche/jobdetail/12633-dda10425_JB5140181-S,12633-dda10425_JB5140181-S
https://www.arbeitsagentur.de/jobsuche/jobdetail/10001-1003043261-S,10001-1003043261-S
https://www.arbeitsagentur.de/jobsuche/jobdetail/10000-1206435450-S,10000-1206435450-S
https://www.arbeitsagentur.de/jobsuche/jobdetail/12382-2026-91720003-S,12382-2026-91720003-S
https://www.arbeitsagentur.de/jobsuche/jobdetail/13356-10222A18699C89-S,13356-10222A18699C89-S
https://www.arbeitsagentur.de/jobsuche/jobdetail/11119-4803018889-S,11119-4803018889-S
https://www.arbeitsagentur.de/jobsuche/jobdetail/14048-4404ca1c80d18721-S,14048-4404ca1c80d18721-S
https://www.arbeitsagentur.de/jobsuche/jobdetail/10000-1206434730-S,10000-1206434730-S
https://www.arbeitsagentur.de/jobsuche/jobdetail/14927-1ol1pmovmiy-S,14927-1ol1pmovmiy-S
https://www.arbeitsagentur.de/jobsuche/jobdetail/13635-0e322916_JB5139866-S,13635-0e322916_JB5139866-S
https://www.arbeitsagentur.de/jobsuche/jobdetail/14385-610-2565645-26-S,14385-610-2565645-26-S
https://www.arbeitsagentur.de/jobsuche/jobdetail/17803-260507173008-ER1416-S,17803-260507173008-ER1416-S
https://www.arbeitsagentur.de/jobsuche/jobdetail/10001-1003038449-S,10001-1003038449-S
https://www.arbeitsagentur.de/jobsuche/jobdetail/12618-173768-S,12618-173768-S
https://www.arbeitsagentur.de/jobsuche/jobdetail/13356-108230A47725C8-S,13356-108230A47725C8-S
https://www.arbeitsagentur.de/jobsuche/jobdetail/14585-T07FB0SYPQHX2X45-S,14585-T07FB0SYPQHX2X45-S
https://www.arbeitsagentur.de/jobsuche/jobdetail/10000-1206445480-S,10000-1206445480-S
https://www.arbeitsagentur.de/jobsuche/jobdetail/10001-1003042484-S,10001-1003042484-S
https://www.arbeitsagentur.de/jobsuche/jobdetail/10001-1003042229-S,10001-1003042229-S
https://www.arbeitsagentur.de/jobsuche/jobdetail/14661-939c94ca2f9b431-S,14661-939c94ca2f9b431-S
https://www.arbeitsagentur.de/jobsuche/jobdetail/14661-a420a8ad80da448-S,14661-a420a8ad80da448-S
https://www.arbeitsagentur.de/jobsuche/jobdetail/13251-r44w7z1lz8-S,13251-r44w7z1lz8-S
https://www.arbeitsagentur.de/jobsuche/jobdetail/14927-c0nqtselq-S,14927-c0nqtselq-S
https://www.arbeitsagentur.de/jobsuche/jobdetail/12704-88HEZPWGSU7ZA26R-S,12704-88HEZPWGSU7ZA26R-S
https://www.arbeitsagentur.de/jobsuche/jobdetail/11949-17214832-S,11949-17214832-S
https://www.arbeitsagentur.de/jobsuche/jobdetail/10001-1003036387-S,10001-1003036387-S
https://www.arbeitsagentur.de/jobsuche/jobdetail/14751-422A663-S,14751-422A663-S
https://www.arbeitsagentur.de/jobsuche/jobdetail/10000-1206249846-S,10000-1206249846-S
https://www.arbeitsagentur.de/jobsuche/jobdetail/10001-1003037721-S,10001-1003037721-S
https://www.arbeitsagentur.de/jobsuche/jobdetail/18024-100PJ000Kzt1p-S,18024-100PJ000Kzt1p-S
https://www.arbeitsagentur.de/jobsuche/jobdetail/16157-0064602923-S,16157-0064602923-S
https://www.arbeitsagentur.de/jobsuche/jobdetail/12452-k10537.2750-S,12452-k10537.2750-S
https://www.arbeitsagentur.de/jobsuche/jobdetail/18024-100PJ000Vak03-S,18024-100PJ000Vak03-S
https://www.arbeitsagentur.de/jobsuche/jobdetail/17560-b84d54dc08184bb-S,17560-b84d54dc08184bb-S
https://www.arbeitsagentur.de/jobsuche/jobdetail/13185-506019-1770955-0-S,13185-506019-1770955-0-S
https://www.arbeitsagentur.de/jobsuche/jobdetail/13635-6f561d46_JB5140258-S,13635-6f561d46_JB5140258-S
https://www.arbeitsagentur.de/jobsuche/jobdetail/13356-805510A46257C16-S,13356-805510A46257C16-S
https://www.arbeitsagentur.de/jobsuche/jobdetail/10001-1003027930-S,10001-1003027930-S
https://www.arbeitsagentur.de/jobsuche/jobdetail/13999-k53401.30941-S,13999-k53401.30941-S
https://www.arbeitsagentur.de/jobsuche/jobdetail/12632-1c53b705_JB5140355-S,12632-1c53b705_JB5140355-S
https://www.arbeitsagentur.de/jobsuche/jobdetail/10001-1003033239-S,10001-1003033239-S
https://www.arbeitsagentur.de/jobsuche/jobdetail/11949-17215116-S,11949-17215116-S
https://www.arbeitsagentur.de/jobsuche/jobdetail/10001-1003038772-S,10001-1003038772-S
https://www.arbeitsagentur.de/jobsuche/jobdetail/10001-1003040971-S,10001-1003040971-S
https://www.arbeitsagentur.de/jobsuche/jobdetail/16185-72WL8GPSKSUKAEM5-S,16185-72WL8GPSKSUKAEM5-S
https://www.arbeitsagentur.de/jobsuche/jobdetail/14751-70A22062-S,14751-70A22062-S
https://www.arbeitsagentur.de/jobsuche/jobdetail/17803-6NDSMOA9ZY3QWTBG-S,17803-6NDSMOA9ZY3QWTBG-S
https://www.arbeitsagentur.de/jobsuche/jobdetail/10001-1003034593-S,10001-1003034593-S
https://www.arbeitsagentur.de/jobsuche/jobdetail/15765-H63F3MPWQQHG6USY-S,15765-H63F3MPWQQHG6USY-S
https://www.arbeitsagentur.de/jobsuche/jobdetail/10001-1003040103-S,10001-1003040103-S
https://www.arbeitsagentur.de/jobsuche/jobdetail/11949-17216534-S,11949-17216534-S
https://www.arbeitsagentur.de/jobsuche/jobdetail/18024-100PJ000VAz15-S,18024-100PJ000VAz15-S
https://www.arbeitsagentur.de/jobsuche/jobdetail/11949-17215078-S,11949-17215078-S
https://www.arbeitsagentur.de/jobsuche/jobdetail/11081-NF3C0L2HWOMZUD64-S,11081-NF3C0L2HWOMZUD64-S
https://www.arbeitsagentur.de/jobsuche/jobdetail/18024-100PC000AXX1P-S,18024-100PC000AXX1P-S
https://www.arbeitsagentur.de/jobsuche/jobdetail/17803-260506171134-AH1323-S,17803-260506171134-AH1323-S
https://www.arbeitsagentur.de/jobsuche/jobdetail/16547-68KGPXTN4GW505SF-S,16547-68KGPXTN4GW505SF-S
https://www.arbeitsagentur.de/jobsuche/jobdetail/10001-1003030847-S,10001-1003030847-S
https://www.arbeitsagentur.de/jobsuche/jobdetail/10000-1206438984-S,10000-1206438984-S
https://www.arbeitsagentur.de/jobsuche/jobdetail/10001-1003038097-S,10001-1003038097-S
https://www.arbeitsagentur.de/jobsuche/jobdetail/11081-BJ1XC15AP48NATD6-S,11081-BJ1XC15AP48NATD6-S
https://www.arbeitsagentur.de/jobsuche/jobdetail/11949-17215183-S,11949-17215183-S
https://www.arbeitsagentur.de/jobsuche/jobdetail/14613-yukj6faqyk-S,14613-yukj6faqyk-S
https://www.arbeitsagentur.de/jobsuche/jobdetail/10001-1003038293-S,10001-1003038293-S
https://www.arbeitsagentur.de/jobsuche/jobdetail/10001-1003037660-S,10001-1003037660-S
https://www.arbeitsagentur.de/jobsuche/jobdetail/15303-MKWGRM616BEXHBMI-S,15303-MKWGRM616BEXHBMI-S
https://www.arbeitsagentur.de/jobsuche/jobdetail/11949-17216500-S,11949-17216500-S
https://www.arbeitsagentur.de/jobsuche/jobdetail/10001-1003040391-S,10001-1003040391-S
https://www.arbeitsagentur.de/jobsuche/jobdetail/12288-4803160526-S,12288-4803160526-S
https://www.arbeitsagentur.de/jobsuche/jobdetail/12054-ZF2POPLXD7PW1CW2-S,12054-ZF2POPLXD7PW1CW2-S
https://www.arbeitsagentur.de/jobsuche/jobdetail/14087-HXVF7XBBSWOOGMQW-S,14087-HXVF7XBBSWOOGMQW-S
https://www.arbeitsagentur.de/jobsuche/jobdetail/10001-1003037399-S,10001-1003037399-S
https://www.arbeitsagentur.de/jobsuche/jobdetail/15537-JOB-838267-S,15537-JOB-838267-S
https://www.arbeitsagentur.de/jobsuche/jobdetail/11949-17216250-S,11949-17216250-S
https://www.arbeitsagentur.de/jobsuche/jobdetail/11119-4791358541-S,11119-4791358541-S
https://www.arbeitsagentur.de/jobsuche/jobdetail/13669-IF75IZFH2J9WZC13-S,13669-IF75IZFH2J9WZC13-S
https://www.arbeitsagentur.de/jobsuche/jobdetail/14795-65494_118824-S,14795-65494_118824-S
https://www.arbeitsagentur.de/jobsuche/jobdetail/14751-70A22033-S,14751-70A22033-S
https://www.arbeitsagentur.de/jobsuche/jobdetail/11850-417A956-S,11850-417A956-S
https://www.arbeitsagentur.de/jobsuche/jobdetail/17803-260507172724-PH1409-S,17803-260507172724-PH1409-S
https://www.arbeitsagentur.de/jobsuche/jobdetail/14927-dx37xs-S,14927-dx37xs-S
https://www.arbeitsagentur.de/jobsuche/jobdetail/12739-LOPYTYFHEKPN6IXW-S,12739-LOPYTYFHEKPN6IXW-S
https://www.arbeitsagentur.de/jobsuche/jobdetail/16194-000031069ae001-S,16194-000031069ae001-S
https://www.arbeitsagentur.de/jobsuche/jobdetail/10001-1003034925-S,10001-1003034925-S
https://www.arbeitsagentur.de/jobsuche/jobdetail/10001-1003038711-S,10001-1003038711-S
https://www.arbeitsagentur.de/jobsuche/jobdetail/11119-4803014236-S,11119-4803014236-S
https://www.arbeitsagentur.de/jobsuche/jobdetail/10001-1003036399-S,10001-1003036399-S
https://www.arbeitsagentur.de/jobsuche/jobdetail/10000-1206440090-S,10000-1206440090-S
https://www.arbeitsagentur.de/jobsuche/jobdetail/10001-1003040322-S,10001-1003040322-S
https://www.arbeitsagentur.de/jobsuche/jobdetail/10001-1002970966-S,10001-1002970966-S
https://www.arbeitsagentur.de/jobsuche/jobdetail/11949-17215353-S,11949-17215353-S
https://www.arbeitsagentur.de/jobsuche/jobdetail/10001-1003039686-S,10001-1003039686-S
https://www.arbeitsagentur.de/jobsuche/jobdetail/15851-6OC420EL36V5W7XL-S,15851-6OC420EL36V5W7XL-S
https://www.arbeitsagentur.de/jobsuche/jobdetail/10001-1003035625-S,10001-1003035625-S
https://www.arbeitsagentur.de/jobsuche/jobdetail/16646-HRVEG9O4LUHAJAZR-S,16646-HRVEG9O4LUHAJAZR-S
https://www.arbeitsagentur.de/jobsuche/jobdetail/10001-1003043199-S,10001-1003043199-S
https://www.arbeitsagentur.de/jobsuche/jobdetail/11949-17216501-S,11949-17216501-S
https://www.arbeitsagentur.de/jobsuche/jobdetail/10001-1003039825-S,10001-1003039825-S
https://www.arbeitsagentur.de/jobsuche/jobdetail/13669-YGK37IS3EWOJI5O6-S,13669-YGK37IS3EWOJI5O6-S
https://www.arbeitsagentur.de/jobsuche/jobdetail/18135-j88S2354-4339-S,18135-j88S2354-4339-S
https://www.arbeitsagentur.de/jobsuche/jobdetail/14795-67118_118825-S,14795-67118_118825-S
https://www.arbeitsagentur.de/jobsuche/jobdetail/13999-k53401.30916-S,13999-k53401.30916-S
https://www.arbeitsagentur.de/jobsuche/jobdetail/11949-17215475-S,11949-17215475-S
https://www.arbeitsagentur.de/jobsuche/jobdetail/12811-2248668-S,12811-2248668-S
https://www.arbeitsagentur.de/jobsuche/jobdetail/15518-AFW87C42CU4LO83Y-S,15518-AFW87C42CU4LO83Y-S
https://www.arbeitsagentur.de/jobsuche/jobdetail/11949-17216709-S,11949-17216709-S
https://www.arbeitsagentur.de/jobsuche/jobdetail/12811-2248716-S,12811-2248716-S
https://www.arbeitsagentur.de/jobsuche/jobdetail/12908-062039449-S,12908-062039449-S
https://www.arbeitsagentur.de/jobsuche/jobdetail/13525-k45548.3512-S,13525-k45548.3512-S
https://www.arbeitsagentur.de/jobsuche/jobdetail/10001-1003033504-S,10001-1003033504-S
https://www.arbeitsagentur.de/jobsuche/jobdetail/12287-JOB-809866-S,12287-JOB-809866-S
https://www.arbeitsagentur.de/jobsuche/jobdetail/12811-2248578-S,12811-2248578-S
https://www.arbeitsagentur.de/jobsuche/jobdetail/11081-HRFHY3WG7G3SLC7T-S,11081-HRFHY3WG7G3SLC7T-S
https://www.arbeitsagentur.de/jobsuche/jobdetail/14087-DICDSUMRP7VYVQEZ-S,14087-DICDSUMRP7VYVQEZ-S
https://www.arbeitsagentur.de/jobsuche/jobdetail/14087-X0Z4B0NJU5RG8L26-S,14087-X0Z4B0NJU5RG8L26-S
https://www.arbeitsagentur.de/jobsuche/jobdetail/10000-1206448962-S,10000-1206448962-S
https://www.arbeitsagentur.de/jobsuche/jobdetail/13270-2026-00003693-1-S,13270-2026-00003693-1-S
https://www.arbeitsagentur.de/jobsuche/jobdetail/14751-373A97006-S,14751-373A97006-S
https://www.arbeitsagentur.de/jobsuche/jobdetail/12811-2249069-S,12811-2249069-S
https://www.arbeitsagentur.de/jobsuche/jobdetail/10000-1206441946-S,10000-1206441946-S
https://www.arbeitsagentur.de/jobsuche/jobdetail/12632-1add0118_JB5140151-S,12632-1add0118_JB5140151-S
https://www.arbeitsagentur.de/jobsuche/jobdetail/11949-17216304-S,11949-17216304-S
https://www.arbeitsagentur.de/jobsuche/jobdetail/12288-4803153135-S,12288-4803153135-S
https://www.arbeitsagentur.de/jobsuche/jobdetail/10001-1003042335-S,10001-1003042335-S
https://www.arbeitsagentur.de/jobsuche/jobdetail/10001-1003037764-S,10001-1003037764-S
https://www.arbeitsagentur.de/jobsuche/jobdetail/10001-1003040967-S,10001-1003040967-S
https://www.arbeitsagentur.de/jobsuche/jobdetail/10001-1003040212-S,10001-1003040212-S
https://www.arbeitsagentur.de/jobsuche/jobdetail/10001-1003040794-S,10001-1003040794-S
https://www.arbeitsagentur.de/jobsuche/jobdetail/10001-1003037359-S,10001-1003037359-S
https://www.arbeitsagentur.de/jobsuche/jobdetail/19632-XIBRF821OOTGM41E-S,19632-XIBRF821OOTGM41E-S
https://www.arbeitsagentur.de/jobsuche/jobdetail/10000-1206446185-S,10000-1206446185-S
https://www.arbeitsagentur.de/jobsuche/jobdetail/11949-17215068-S,11949-17215068-S
https://www.arbeitsagentur.de/jobsuche/jobdetail/12913-4af884a578999dd1-S,12913-4af884a578999dd1-S
https://www.arbeitsagentur.de/jobsuche/jobdetail/10001-1003043108-S,10001-1003043108-S
https://www.arbeitsagentur.de/jobsuche/jobdetail/10001-1003038784-S,10001-1003038784-S
https://www.arbeitsagentur.de/jobsuche/jobdetail/14751-437A359-S,14751-437A359-S
https://www.arbeitsagentur.de/jobsuche/jobdetail/12209-13743216-S,12209-13743216-S
https://www.arbeitsagentur.de/jobsuche/jobdetail/12704-FIUU0CPOY3CRUFOY-S,12704-FIUU0CPOY3CRUFOY-S
https://www.arbeitsagentur.de/jobsuche/jobdetail/13635-0306a02c_JB5140426-S,13635-0306a02c_JB5140426-S
https://www.arbeitsagentur.de/jobsuche/jobdetail/17803-260507173152-AH1421-S,17803-260507173152-AH1421-S
https://www.arbeitsagentur.de/jobsuche/jobdetail/14751-62A117739-S,14751-62A117739-S
https://www.arbeitsagentur.de/jobsuche/jobdetail/11949-17212489-S,11949-17212489-S
https://www.arbeitsagentur.de/jobsuche/jobdetail/11949-17216185-S,11949-17216185-S
https://www.arbeitsagentur.de/jobsuche/jobdetail/13356-109526A47892C7-S,13356-109526A47892C7-S
https://www.arbeitsagentur.de/jobsuche/jobdetail/11868-13743017-S,11868-13743017-S
https://www.arbeitsagentur.de/jobsuche/jobdetail/12147-20260506219320-S,12147-20260506219320-S
https://www.arbeitsagentur.de/jobsuche/jobdetail/12288-4803127403-S,12288-4803127403-S
https://www.arbeitsagentur.de/jobsuche/jobdetail/12288-4803144942-S,12288-4803144942-S
https://www.arbeitsagentur.de/jobsuche/jobdetail/12288-4803152273-S,12288-4803152273-S
https://www.arbeitsagentur.de/jobsuche/jobdetail/10001-1003033905-S,10001-1003033905-S
https://www.arbeitsagentur.de/jobsuche/jobdetail/18024-100PC000AhX1U-S,18024-100PC000AhX1U-S
https://www.arbeitsagentur.de/jobsuche/jobdetail/11949-17215854-S,11949-17215854-S
https://www.arbeitsagentur.de/jobsuche/jobdetail/12513-0007639496-S,12513-0007639496-S
https://www.arbeitsagentur.de/jobsuche/jobdetail/10000-1206431142-S,10000-1206431142-S
https://www.arbeitsagentur.de/jobsuche/jobdetail/10000-1206429016-S,10000-1206429016-S
https://www.arbeitsagentur.de/jobsuche/jobdetail/18024-100BR0003ZK0G-S,18024-100BR0003ZK0G-S
https://www.arbeitsagentur.de/jobsuche/jobdetail/13635-da7cb962_JB5140967-S,13635-da7cb962_JB5140967-S
https://www.arbeitsagentur.de/jobsuche/jobdetail/10001-1003040436-S,10001-1003040436-S
https://www.arbeitsagentur.de/jobsuche/jobdetail/12811-2248867-S,12811-2248867-S
https://www.arbeitsagentur.de/jobsuche/jobdetail/12759-DREFZL2ZVL6LKGY2-S,12759-DREFZL2ZVL6LKGY2-S
https://www.arbeitsagentur.de/jobsuche/jobdetail/13275-VER-21442376-S,13275-VER-21442376-S
https://www.arbeitsagentur.de/jobsuche/jobdetail/10000-1206446957-S,10000-1206446957-S
https://www.arbeitsagentur.de/jobsuche/jobdetail/10001-1003040319-S,10001-1003040319-S
https://www.arbeitsagentur.de/jobsuche/jobdetail/14751-70A22066-S,14751-70A22066-S
https://www.arbeitsagentur.de/jobsuche/jobdetail/12618-173723-S,12618-173723-S
https://www.arbeitsagentur.de/jobsuche/jobdetail/18024-100PC000B4w01-S,18024-100PC000B4w01-S
https://www.arbeitsagentur.de/jobsuche/jobdetail/12811-2249183-S,12811-2249183-S
https://www.arbeitsagentur.de/jobsuche/jobdetail/14742-3101340_3998251-S,14742-3101340_3998251-S
https://www.arbeitsagentur.de/jobsuche/jobdetail/12811-2249182-S,12811-2249182-S
https://www.arbeitsagentur.de/jobsuche/jobdetail/11119-4801703723-S,11119-4801703723-S
https://www.arbeitsagentur.de/jobsuche/jobdetail/12826-SA0137616_JB5141205-S,12826-SA0137616_JB5141205-S
https://www.arbeitsagentur.de/jobsuche/jobdetail/17803-LHEBHJ83ZP0ZDKWT-S,17803-LHEBHJ83ZP0ZDKWT-S
https://www.arbeitsagentur.de/jobsuche/jobdetail/18974-01438669-S,18974-01438669-S
https://www.arbeitsagentur.de/jobsuche/jobdetail/17803-260507172724-PH1414-S,17803-260507172724-PH1414-S
https://www.arbeitsagentur.de/jobsuche/jobdetail/17332-0009c90005a002-S,17332-0009c90005a002-S
https://www.arbeitsagentur.de/jobsuche/jobdetail/14751-70A22029-S,14751-70A22029-S
https://www.arbeitsagentur.de/jobsuche/jobdetail/13635-01ac7aad_JB5140729-S,13635-01ac7aad_JB5140729-S
https://www.arbeitsagentur.de/jobsuche/jobdetail/13356-203125A49172C1-S,13356-203125A49172C1-S
https://www.arbeitsagentur.de/jobsuche/jobdetail/14927-23hsgeelhmo-S,14927-23hsgeelhmo-S
https://www.arbeitsagentur.de/jobsuche/jobdetail/10000-1206444737-S,10000-1206444737-S
https://www.arbeitsagentur.de/jobsuche/jobdetail/11864-KFTTZ0VR5UXTUB2J-S,11864-KFTTZ0VR5UXTUB2J-S
https://www.arbeitsagentur.de/jobsuche/jobdetail/11119-4791365570-S,11119-4791365570-S
https://www.arbeitsagentur.de/jobsuche/jobdetail/14927-dyj5n3-S,14927-dyj5n3-S
https://www.arbeitsagentur.de/jobsuche/jobdetail/15939-BB-633677-7878-7216-S,15939-BB-633677-7878-7216-S
https://www.arbeitsagentur.de/jobsuche/jobdetail/10001-1003040015-S,10001-1003040015-S
https://www.arbeitsagentur.de/jobsuche/jobdetail/12147-20260506219322-S,12147-20260506219322-S
https://www.arbeitsagentur.de/jobsuche/jobdetail/17592-59a20fdee63d4cc-S,17592-59a20fdee63d4cc-S
https://www.arbeitsagentur.de/jobsuche/jobdetail/11949-17215557-S,11949-17215557-S
https://www.arbeitsagentur.de/jobsuche/jobdetail/11949-17215864-S,11949-17215864-S
https://www.arbeitsagentur.de/jobsuche/jobdetail/19632-6SBG9DFMWS8YW42Q-S,19632-6SBG9DFMWS8YW42Q-S
https://www.arbeitsagentur.de/jobsuche/jobdetail/14751-70A21992-S,14751-70A21992-S
https://www.arbeitsagentur.de/jobsuche/jobdetail/10001-1003036563-S,10001-1003036563-S
https://www.arbeitsagentur.de/jobsuche/jobdetail/12122-209201-1771048-0-S,12122-209201-1771048-0-S
https://www.arbeitsagentur.de/jobsuche/jobdetail/10000-1206449929-S,10000-1206449929-S
https://www.arbeitsagentur.de/jobsuche/jobdetail/12634-BB-640776-7878-4457-S,12634-BB-640776-7878-4457-S
https://www.arbeitsagentur.de/jobsuche/jobdetail/12826-SA0137591_JB5141019-S,12826-SA0137591_JB5141019-S
https://www.arbeitsagentur.de/jobsuche/jobdetail/14795-66439_118841-S,14795-66439_118841-S
https://www.arbeitsagentur.de/jobsuche/jobdetail/12811-2249222-S,12811-2249222-S
https://www.arbeitsagentur.de/jobsuche/jobdetail/12288-4804114877-S,12288-4804114877-S
https://www.arbeitsagentur.de/jobsuche/jobdetail/17489-24faad53145e488-S,17489-24faad53145e488-S
https://www.arbeitsagentur.de/jobsuche/jobdetail/18024-100PJ000VEb0u-S,18024-100PJ000VEb0u-S
https://www.arbeitsagentur.de/jobsuche/jobdetail/12811-2248982-S,12811-2248982-S
https://www.arbeitsagentur.de/jobsuche/jobdetail/10001-1003039796-S,10001-1003039796-S
https://www.arbeitsagentur.de/jobsuche/jobdetail/10000-1206410823-S,10000-1206410823-S
https://www.arbeitsagentur.de/jobsuche/jobdetail/14599-MHKN7TRUKBMDDUR3-S,14599-MHKN7TRUKBMDDUR3-S
https://www.arbeitsagentur.de/jobsuche/jobdetail/16864-MLK7ILDB6IYCB1QR-S,16864-MLK7ILDB6IYCB1QR-S
https://www.arbeitsagentur.de/jobsuche/jobdetail/14927-27yj83s6m8m-S,14927-27yj83s6m8m-S
https://www.arbeitsagentur.de/jobsuche/jobdetail/10001-1003039865-S,10001-1003039865-S
https://www.arbeitsagentur.de/jobsuche/jobdetail/13635-efe42c1f_JB5140096-S,13635-efe42c1f_JB5140096-S
https://www.arbeitsagentur.de/jobsuche/jobdetail/13356-105550A47649C8-S,13356-105550A47649C8-S
https://www.arbeitsagentur.de/jobsuche/jobdetail/13635-25ba5347_JB5139885-S,13635-25ba5347_JB5139885-S
https://www.arbeitsagentur.de/jobsuche/jobdetail/13635-2c0a32bf_JB5139854-S,13635-2c0a32bf_JB5139854-S
https://www.arbeitsagentur.de/jobsuche/jobdetail/11949-17216100-S,11949-17216100-S
https://www.arbeitsagentur.de/jobsuche/jobdetail/11949-17216006-S,11949-17216006-S
https://www.arbeitsagentur.de/jobsuche/jobdetail/12811-2248456-S,12811-2248456-S
https://www.arbeitsagentur.de/jobsuche/jobdetail/13635-77c398a4_JB5140959-S,13635-77c398a4_JB5140959-S
https://www.arbeitsagentur.de/jobsuche/jobdetail/14001-6911-1771064-0-S,14001-6911-1771064-0-S
https://www.arbeitsagentur.de/jobsuche/jobdetail/11949-17215088-S,11949-17215088-S
https://www.arbeitsagentur.de/jobsuche/jobdetail/13739-2026050710004213-S,13739-2026050710004213-S
https://www.arbeitsagentur.de/jobsuche/jobdetail/10000-1206439196-S,10000-1206439196-S
https://www.arbeitsagentur.de/jobsuche/jobdetail/11119-4804144307-S,11119-4804144307-S
https://www.arbeitsagentur.de/jobsuche/jobdetail/10000-1206427032-S,10000-1206427032-S
https://www.arbeitsagentur.de/jobsuche/jobdetail/10000-1206431111-S,10000-1206431111-S
https://www.arbeitsagentur.de/jobsuche/jobdetail/12811-2249109-S,12811-2249109-S
https://www.arbeitsagentur.de/jobsuche/jobdetail/10001-1003037832-S,10001-1003037832-S
https://www.arbeitsagentur.de/jobsuche/jobdetail/17489-e4334ebc185c484-S,17489-e4334ebc185c484-S
https://www.arbeitsagentur.de/jobsuche/jobdetail/12811-2249262-S,12811-2249262-S
https://www.arbeitsagentur.de/jobsuche/jobdetail/10001-1003035864-S,10001-1003035864-S
https://www.arbeitsagentur.de/jobsuche/jobdetail/13635-2edad36d_JB5140671-S,13635-2edad36d_JB5140671-S
https://www.arbeitsagentur.de/jobsuche/jobdetail/12288-4803159869-S,12288-4803159869-S
https://www.arbeitsagentur.de/jobsuche/jobdetail/11949-17216558-S,11949-17216558-S
https://www.arbeitsagentur.de/jobsuche/jobdetail/11081-MQXE7ZDB9R27IG9W-S,11081-MQXE7ZDB9R27IG9W-S
https://www.arbeitsagentur.de/jobsuche/jobdetail/14751-437A304-S,14751-437A304-S
https://www.arbeitsagentur.de/jobsuche/jobdetail/13433-DRTZYOYLH5AO5R3U-S,13433-DRTZYOYLH5AO5R3U-S
https://www.arbeitsagentur.de/jobsuche/jobdetail/10001-1003042379-S,10001-1003042379-S
https://www.arbeitsagentur.de/jobsuche/jobdetail/18084-k59993.1374-S,18084-k59993.1374-S
https://www.arbeitsagentur.de/jobsuche/jobdetail/13424-QTZLMEAJ3EL7WM8D-S,13424-QTZLMEAJ3EL7WM8D-S
https://www.arbeitsagentur.de/jobsuche/jobdetail/15937-k55805.115297-S,15937-k55805.115297-S
https://www.arbeitsagentur.de/jobsuche/jobdetail/11119-4794231749-S,11119-4794231749-S
https://www.arbeitsagentur.de/jobsuche/jobdetail/13280-RSMUODXUTMA9A6ZB-S,13280-RSMUODXUTMA9A6ZB-S
https://www.arbeitsagentur.de/jobsuche/jobdetail/13509-0000211091a001-S,13509-0000211091a001-S
https://www.arbeitsagentur.de/jobsuche/jobdetail/11949-17215231-S,11949-17215231-S
https://www.arbeitsagentur.de/jobsuche/jobdetail/14471-EFP183D2N6NQZUN8-S,14471-EFP183D2N6NQZUN8-S
https://www.arbeitsagentur.de/jobsuche/jobdetail/10001-1003042546-S,10001-1003042546-S
https://www.arbeitsagentur.de/jobsuche/jobdetail/19822-wi703m0255-S,19822-wi703m0255-S
https://www.arbeitsagentur.de/jobsuche/jobdetail/18593-1569979-1-S,18593-1569979-1-S
https://www.arbeitsagentur.de/jobsuche/jobdetail/11949-17216751-S,11949-17216751-S
https://www.arbeitsagentur.de/jobsuche/jobdetail/14751-70A21986-S,14751-70A21986-S
https://www.arbeitsagentur.de/jobsuche/jobdetail/17803-260507173118-HE1425-S,17803-260507173118-HE1425-S
https://www.arbeitsagentur.de/jobsuche/jobdetail/10001-1003036384-S,10001-1003036384-S
https://www.arbeitsagentur.de/jobsuche/jobdetail/16819-fdf4d3138afb8e07-S,16819-fdf4d3138afb8e07-S
https://www.arbeitsagentur.de/jobsuche/jobdetail/13465-00021a647a6001-S,13465-00021a647a6001-S
https://www.arbeitsagentur.de/jobsuche/jobdetail/13356-805510A46243C16-S,13356-805510A46243C16-S
https://www.arbeitsagentur.de/jobsuche/jobdetail/15527-k50296.2540-S,15527-k50296.2540-S
https://www.arbeitsagentur.de/jobsuche/jobdetail/14087-5R93B8ASYY4VQTZY-S,14087-5R93B8ASYY4VQTZY-S
https://www.arbeitsagentur.de/jobsuche/jobdetail/12098-373A3534-S,12098-373A3534-S
https://www.arbeitsagentur.de/jobsuche/jobdetail/11949-17215442-S,11949-17215442-S
https://www.arbeitsagentur.de/jobsuche/jobdetail/10001-1003040647-S,10001-1003040647-S
https://www.arbeitsagentur.de/jobsuche/jobdetail/10000-1206435951-S,10000-1206435951-S
https://www.arbeitsagentur.de/jobsuche/jobdetail/10001-1003029724-S,10001-1003029724-S
https://www.arbeitsagentur.de/jobsuche/jobdetail/11949-17215986-S,11949-17215986-S
https://www.arbeitsagentur.de/jobsuche/jobdetail/18248-JK53LE6OMPLRFLR1-S,18248-JK53LE6OMPLRFLR1-S
https://www.arbeitsagentur.de/jobsuche/jobdetail/10001-1003037288-S,10001-1003037288-S
https://www.arbeitsagentur.de/jobsuche/jobdetail/14765-k11215.2274-S,14765-k11215.2274-S
https://www.arbeitsagentur.de/jobsuche/jobdetail/20242-4804173501-S,20242-4804173501-S
https://www.arbeitsagentur.de/jobsuche/jobdetail/11949-17216233-S,11949-17216233-S
https://www.arbeitsagentur.de/jobsuche/jobdetail/12288-4803151998-S,12288-4803151998-S
https://www.arbeitsagentur.de/jobsuche/jobdetail/11949-17213834-S,11949-17213834-S
https://www.arbeitsagentur.de/jobsuche/jobdetail/11949-17216369-S,11949-17216369-S
https://www.arbeitsagentur.de/jobsuche/jobdetail/10001-1003034456-S,10001-1003034456-S
https://www.arbeitsagentur.de/jobsuche/jobdetail/11864-CR0K2OU1C9ZVOR4Y-S,11864-CR0K2OU1C9ZVOR4Y-S
https://www.arbeitsagentur.de/jobsuche/jobdetail/11119-4804139667-S,11119-4804139667-S
https://www.arbeitsagentur.de/jobsuche/jobdetail/10001-1003034727-S,10001-1003034727-S
https://www.arbeitsagentur.de/jobsuche/jobdetail/14085-2361-S,14085-2361-S
https://www.arbeitsagentur.de/jobsuche/jobdetail/11119-4791109534-S,11119-4791109534-S
https://www.arbeitsagentur.de/jobsuche/jobdetail/12122-209185-1771027-0-S,12122-209185-1771027-0-S
https://www.arbeitsagentur.de/jobsuche/jobdetail/11949-17216697-S,11949-17216697-S
https://www.arbeitsagentur.de/jobsuche/jobdetail/15937-k55805.115284-S,15937-k55805.115284-S
https://www.arbeitsagentur.de/jobsuche/jobdetail/12787-258374060526-S,12787-258374060526-S
https://www.arbeitsagentur.de/jobsuche/jobdetail/14471-AX3T4TI57DRWW3QL-S,14471-AX3T4TI57DRWW3QL-S
https://www.arbeitsagentur.de/jobsuche/jobdetail/13635-62c16ec9_JB5140691-S,13635-62c16ec9_JB5140691-S
https://www.arbeitsagentur.de/jobsuche/jobdetail/10001-1003042616-S,10001-1003042616-S
https://www.arbeitsagentur.de/jobsuche/jobdetail/12787-258152060526-S,12787-258152060526-S
https://www.arbeitsagentur.de/jobsuche/jobdetail/18841-TLQN3EXWMG64GN0E-S,18841-TLQN3EXWMG64GN0E-S
https://www.arbeitsagentur.de/jobsuche/jobdetail/10001-1003040474-S,10001-1003040474-S
https://www.arbeitsagentur.de/jobsuche/jobdetail/20554-ym4qkmjvfq-S,20554-ym4qkmjvfq-S
https://www.arbeitsagentur.de/jobsuche/jobdetail/12967-0002_00111300-S,12967-0002_00111300-S
https://www.arbeitsagentur.de/jobsuche/jobdetail/14413-k27218.3048-S,14413-k27218.3048-S
https://www.arbeitsagentur.de/jobsuche/jobdetail/11949-17216465-S,11949-17216465-S
https://www.arbeitsagentur.de/jobsuche/jobdetail/16185-UT79KDHZBD5MVWM1-S,16185-UT79KDHZBD5MVWM1-S
https://www.arbeitsagentur.de/jobsuche/jobdetail/10001-1003035426-S,10001-1003035426-S
https://www.arbeitsagentur.de/jobsuche/jobdetail/11949-17216435-S,11949-17216435-S
https://www.arbeitsagentur.de/jobsuche/jobdetail/10001-1003038801-S,10001-1003038801-S
https://www.arbeitsagentur.de/jobsuche/jobdetail/17803-260507172806-PF1401-S,17803-260507172806-PF1401-S
https://www.arbeitsagentur.de/jobsuche/jobdetail/14751-70A21975-S,14751-70A21975-S
https://www.arbeitsagentur.de/jobsuche/jobdetail/10001-1003040525-S,10001-1003040525-S
https://www.arbeitsagentur.de/jobsuche/jobdetail/10001-1003042963-S,10001-1003042963-S
https://www.arbeitsagentur.de/jobsuche/jobdetail/13356-102628A46994C1-S,13356-102628A46994C1-S
https://www.arbeitsagentur.de/jobsuche/jobdetail/11119-4801672183-S,11119-4801672183-S
https://www.arbeitsagentur.de/jobsuche/jobdetail/11949-17213617-S,11949-17213617-S
https://www.arbeitsagentur.de/jobsuche/jobdetail/11949-17212688-S,11949-17212688-S
https://www.arbeitsagentur.de/jobsuche/jobdetail/10001-1003041264-S,10001-1003041264-S
https://www.arbeitsagentur.de/jobsuche/jobdetail/13424-BM4PS8NC7GNW9CIC-S,13424-BM4PS8NC7GNW9CIC-S
https://www.arbeitsagentur.de/jobsuche/jobdetail/10001-1003038321-S,10001-1003038321-S
https://www.arbeitsagentur.de/jobsuche/jobdetail/11949-17216323-S,11949-17216323-S
https://www.arbeitsagentur.de/jobsuche/jobdetail/11949-17215525-S,11949-17215525-S
https://www.arbeitsagentur.de/jobsuche/jobdetail/12811-2249258-S,12811-2249258-S
https://www.arbeitsagentur.de/jobsuche/jobdetail/13356-103536A43801C21-S,13356-103536A43801C21-S
https://www.arbeitsagentur.de/jobsuche/jobdetail/10001-1003038454-S,10001-1003038454-S
https://www.arbeitsagentur.de/jobsuche/jobdetail/14471-L8NVOM1BPRIHNR3B-S,14471-L8NVOM1BPRIHNR3B-S
https://www.arbeitsagentur.de/jobsuche/jobdetail/13635-ec80043b_JB5140723-S,13635-ec80043b_JB5140723-S
https://www.arbeitsagentur.de/jobsuche/jobdetail/11949-17213528-S,11949-17213528-S
https://www.arbeitsagentur.de/jobsuche/jobdetail/10001-1003033554-S,10001-1003033554-S
https://www.arbeitsagentur.de/jobsuche/jobdetail/12826-SA0135515_JB5140604-S,12826-SA0135515_JB5140604-S
https://www.arbeitsagentur.de/jobsuche/jobdetail/11868-13743341-S,11868-13743341-S
https://www.arbeitsagentur.de/jobsuche/jobdetail/12811-2248140-S,12811-2248140-S
https://www.arbeitsagentur.de/jobsuche/jobdetail/12811-2248855-S,12811-2248855-S
https://www.arbeitsagentur.de/jobsuche/jobdetail/12098-373A3529-S,12098-373A3529-S
https://www.arbeitsagentur.de/jobsuche/jobdetail/12608-1401825-28039-1-S,12608-1401825-28039-1-S
https://www.arbeitsagentur.de/jobsuche/jobdetail/13280-QFTLRBP7YSJB3IMM-S,13280-QFTLRBP7YSJB3IMM-S
https://www.arbeitsagentur.de/jobsuche/jobdetail/12147-20260506219294-S,12147-20260506219294-S
https://www.arbeitsagentur.de/jobsuche/jobdetail/13356-105555A45721C17-S,13356-105555A45721C17-S
https://www.arbeitsagentur.de/jobsuche/jobdetail/14927-2cazlvt6sdm-S,14927-2cazlvt6sdm-S
https://www.arbeitsagentur.de/jobsuche/jobdetail/10001-1003042245-S,10001-1003042245-S
https://www.arbeitsagentur.de/jobsuche/jobdetail/10001-1003039944-S,10001-1003039944-S
https://www.arbeitsagentur.de/jobsuche/jobdetail/10001-1003042734-S,10001-1003042734-S
https://www.arbeitsagentur.de/jobsuche/jobdetail/11119-4792608408-S,11119-4792608408-S
https://www.arbeitsagentur.de/jobsuche/jobdetail/12811-2248755-S,12811-2248755-S
https://www.arbeitsagentur.de/jobsuche/jobdetail/11949-17215409-S,11949-17215409-S
https://www.arbeitsagentur.de/jobsuche/jobdetail/17803-260507172937-OA1418-S,17803-260507172937-OA1418-S
https://www.arbeitsagentur.de/jobsuche/jobdetail/10000-1206442510-S,10000-1206442510-S
https://www.arbeitsagentur.de/jobsuche/jobdetail/10001-1003036903-S,10001-1003036903-S
https://www.arbeitsagentur.de/jobsuche/jobdetail/13635-d67f8bc1_JB5140451-S,13635-d67f8bc1_JB5140451-S
https://www.arbeitsagentur.de/jobsuche/jobdetail/14751-424A196-S,14751-424A196-S
https://www.arbeitsagentur.de/jobsuche/jobdetail/13643-609598LS-S,13643-609598LS-S
https://www.arbeitsagentur.de/jobsuche/jobdetail/19860-QLGN4KS3F3PBDY26-S,19860-QLGN4KS3F3PBDY26-S
https://www.arbeitsagentur.de/jobsuche/jobdetail/14297-k58883.8763-S,14297-k58883.8763-S
https://www.arbeitsagentur.de/jobsuche/jobdetail/17803-260507173008-ER1418-S,17803-260507173008-ER1418-S
https://www.arbeitsagentur.de/jobsuche/jobdetail/10001-1003039555-S,10001-1003039555-S
https://www.arbeitsagentur.de/jobsuche/jobdetail/10001-1003034200-S,10001-1003034200-S
https://www.arbeitsagentur.de/jobsuche/jobdetail/10000-1206436872-S,10000-1206436872-S
https://www.arbeitsagentur.de/jobsuche/jobdetail/10001-1003042725-S,10001-1003042725-S
https://www.arbeitsagentur.de/jobsuche/jobdetail/15632-k51545.1712-S,15632-k51545.1712-S
https://www.arbeitsagentur.de/jobsuche/jobdetail/10001-1003036764-S,10001-1003036764-S
https://www.arbeitsagentur.de/jobsuche/jobdetail/10001-1003036891-S,10001-1003036891-S
https://www.arbeitsagentur.de/jobsuche/jobdetail/11119-4804137383-S,11119-4804137383-S
https://www.arbeitsagentur.de/jobsuche/jobdetail/12826-SA0137565_JB5140760-S,12826-SA0137565_JB5140760-S
https://www.arbeitsagentur.de/jobsuche/jobdetail/14751-296A1027-S,14751-296A1027-S
https://www.arbeitsagentur.de/jobsuche/jobdetail/10000-1206446579-S,10000-1206446579-S
https://www.arbeitsagentur.de/jobsuche/jobdetail/11949-17216668-S,11949-17216668-S
https://www.arbeitsagentur.de/jobsuche/jobdetail/10000-1206432149-S,10000-1206432149-S
https://www.arbeitsagentur.de/jobsuche/jobdetail/10000-1206437396-S,10000-1206437396-S
https://www.arbeitsagentur.de/jobsuche/jobdetail/14751-373A94997-S,14751-373A94997-S
https://www.arbeitsagentur.de/jobsuche/jobdetail/12811-2248242-S,12811-2248242-S
https://www.arbeitsagentur.de/jobsuche/jobdetail/11119-4791109290-S,11119-4791109290-S
https://www.arbeitsagentur.de/jobsuche/jobdetail/10001-1003038472-S,10001-1003038472-S
https://www.arbeitsagentur.de/jobsuche/jobdetail/11852-944077928-S,11852-944077928-S
https://www.arbeitsagentur.de/jobsuche/jobdetail/13635-3905383f_JB5141128-S,13635-3905383f_JB5141128-S
https://www.arbeitsagentur.de/jobsuche/jobdetail/10000-1206432356-S,10000-1206432356-S
https://www.arbeitsagentur.de/jobsuche/jobdetail/14751-70A22058-S,14751-70A22058-S
https://www.arbeitsagentur.de/jobsuche/jobdetail/12704-KOPNI5EKZWQMZ4V5-S,12704-KOPNI5EKZWQMZ4V5-S
https://www.arbeitsagentur.de/jobsuche/jobdetail/11949-17216466-S,11949-17216466-S
https://www.arbeitsagentur.de/jobsuche/jobdetail/14751-417A10937-S,14751-417A10937-S
https://www.arbeitsagentur.de/jobsuche/jobdetail/11119-4804189397-S,11119-4804189397-S
https://www.arbeitsagentur.de/jobsuche/jobdetail/14658-458586041-S,14658-458586041-S
https://www.arbeitsagentur.de/jobsuche/jobdetail/10001-1003035060-S,10001-1003035060-S
https://www.arbeitsagentur.de/jobsuche/jobdetail/10001-1003038564-S,10001-1003038564-S
https://www.arbeitsagentur.de/jobsuche/jobdetail/10001-1003042068-S,10001-1003042068-S
https://www.arbeitsagentur.de/jobsuche/jobdetail/14718-k30736.3162-S,14718-k30736.3162-S
https://www.arbeitsagentur.de/jobsuche/jobdetail/10000-1206440543-S,10000-1206440543-S
https://www.arbeitsagentur.de/jobsuche/jobdetail/13892-3101714_3998922-S,13892-3101714_3998922-S
https://www.arbeitsagentur.de/jobsuche/jobdetail/10001-1003042591-S,10001-1003042591-S
https://www.arbeitsagentur.de/jobsuche/jobdetail/14087-1KALE7RRI2DT5I1S-S,14087-1KALE7RRI2DT5I1S-S
https://www.arbeitsagentur.de/jobsuche/jobdetail/11949-17215582-S,11949-17215582-S
https://www.arbeitsagentur.de/jobsuche/jobdetail/13356-105555A43239C24-S,13356-105555A43239C24-S
https://www.arbeitsagentur.de/jobsuche/jobdetail/10001-1003039594-S,10001-1003039594-S
https://www.arbeitsagentur.de/jobsuche/jobdetail/18024-100PJ000ILg1p-S,18024-100PJ000ILg1p-S
https://www.arbeitsagentur.de/jobsuche/jobdetail/17803-260507173008-ER1420-S,17803-260507173008-ER1420-S
https://www.arbeitsagentur.de/jobsuche/jobdetail/11081-HWEJJ8HIBL3N8CVT-S,11081-HWEJJ8HIBL3N8CVT-S
https://www.arbeitsagentur.de/jobsuche/jobdetail/11119-4792608533-S,11119-4792608533-S
https://www.arbeitsagentur.de/jobsuche/jobdetail/10000-1206447155-S,10000-1206447155-S
https://www.arbeitsagentur.de/jobsuche/jobdetail/11949-17214605-S,11949-17214605-S
https://www.arbeitsagentur.de/jobsuche/jobdetail/10001-1003037207-S,10001-1003037207-S
https://www.arbeitsagentur.de/jobsuche/jobdetail/10001-1003036611-S,10001-1003036611-S
https://www.arbeitsagentur.de/jobsuche/jobdetail/13635-3ad9e973_JB5140842-S,13635-3ad9e973_JB5140842-S
https://www.arbeitsagentur.de/jobsuche/jobdetail/14795-67138_118892-S,14795-67138_118892-S
https://www.arbeitsagentur.de/jobsuche/jobdetail/12811-2248757-S,12811-2248757-S
https://www.arbeitsagentur.de/jobsuche/jobdetail/11949-17215768-S,11949-17215768-S
https://www.arbeitsagentur.de/jobsuche/jobdetail/13243-NOF16306408-JB-S,13243-NOF16306408-JB-S
https://www.arbeitsagentur.de/jobsuche/jobdetail/17489-e8e21678b8db468-S,17489-e8e21678b8db468-S
https://www.arbeitsagentur.de/jobsuche/jobdetail/13465-00021a648f2001-S,13465-00021a648f2001-S
https://www.arbeitsagentur.de/jobsuche/jobdetail/11081-EXQ08HXYZQ9R8H0M-S,11081-EXQ08HXYZQ9R8H0M-S
https://www.arbeitsagentur.de/jobsuche/jobdetail/10001-1003041100-S,10001-1003041100-S
https://www.arbeitsagentur.de/jobsuche/jobdetail/16185-84FTOORF3ZJXYKLP-S,16185-84FTOORF3ZJXYKLP-S
https://www.arbeitsagentur.de/jobsuche/jobdetail/13424-78MVVAJQJI4NEIMW-S,13424-78MVVAJQJI4NEIMW-S
https://www.arbeitsagentur.de/jobsuche/jobdetail/13192-BB-628509-7878-6908-S,13192-BB-628509-7878-6908-S
https://www.arbeitsagentur.de/jobsuche/jobdetail/11949-17216715-S,11949-17216715-S
https://www.arbeitsagentur.de/jobsuche/jobdetail/20397-4804217443-S,20397-4804217443-S
https://www.arbeitsagentur.de/jobsuche/jobdetail/11949-17216402-S,11949-17216402-S
https://www.arbeitsagentur.de/jobsuche/jobdetail/15765-D7L2SJOUELLTJD7Y-S,15765-D7L2SJOUELLTJD7Y-S
https://www.arbeitsagentur.de/jobsuche/jobdetail/10001-1003039337-S,10001-1003039337-S
https://www.arbeitsagentur.de/jobsuche/jobdetail/10001-1003039657-S,10001-1003039657-S
https://www.arbeitsagentur.de/jobsuche/jobdetail/11949-17215285-S,11949-17215285-S
https://www.arbeitsagentur.de/jobsuche/jobdetail/17803-260507172806-PF1416-S,17803-260507172806-PF1416-S
https://www.arbeitsagentur.de/jobsuche/jobdetail/15640-CXXHYY4V2KZ61L9P-S,15640-CXXHYY4V2KZ61L9P-S
https://www.arbeitsagentur.de/jobsuche/jobdetail/13635-595c445a_JB5140400-S,13635-595c445a_JB5140400-S
https://www.arbeitsagentur.de/jobsuche/jobdetail/12608-1401674-80183-1-S,12608-1401674-80183-1-S
https://www.arbeitsagentur.de/jobsuche/jobdetail/13800-4SCC11Y2EZV7UB2H-S,13800-4SCC11Y2EZV7UB2H-S
https://www.arbeitsagentur.de/jobsuche/jobdetail/12287-JOB-24378-S,12287-JOB-24378-S
https://www.arbeitsagentur.de/jobsuche/jobdetail/16963-REF388C-4783748248-S,16963-REF388C-4783748248-S
https://www.arbeitsagentur.de/jobsuche/jobdetail/16185-44NF2FER5GMUKGH6-S,16185-44NF2FER5GMUKGH6-S
https://www.arbeitsagentur.de/jobsuche/jobdetail/11949-17216415-S,11949-17216415-S
https://www.arbeitsagentur.de/jobsuche/jobdetail/13635-907d3277_JB5140684-S,13635-907d3277_JB5140684-S
https://www.arbeitsagentur.de/jobsuche/jobdetail/11119-4801699361-S,11119-4801699361-S
https://www.arbeitsagentur.de/jobsuche/jobdetail/12811-2249295-S,12811-2249295-S
https://www.arbeitsagentur.de/jobsuche/jobdetail/17560-c211cfa67452415-S,17560-c211cfa67452415-S
https://www.arbeitsagentur.de/jobsuche/jobdetail/11119-4792456550-S,11119-4792456550-S
https://www.arbeitsagentur.de/jobsuche/jobdetail/13356-103535A47874C7-S,13356-103535A47874C7-S
https://www.arbeitsagentur.de/jobsuche/jobdetail/14751-143A2016-S,14751-143A2016-S
https://www.arbeitsagentur.de/jobsuche/jobdetail/11119-4802939516-S,11119-4802939516-S
https://www.arbeitsagentur.de/jobsuche/jobdetail/17803-260507173152-AH1409-S,17803-260507173152-AH1409-S
https://www.arbeitsagentur.de/jobsuche/jobdetail/11868-13742543-S,11868-13742543-S
https://www.arbeitsagentur.de/jobsuche/jobdetail/14811-00005d09373002-S,14811-00005d09373002-S
https://www.arbeitsagentur.de/jobsuche/jobdetail/10001-1003041450-S,10001-1003041450-S
https://www.arbeitsagentur.de/jobsuche/jobdetail/13356-106525A44762C22-S,13356-106525A44762C22-S
https://www.arbeitsagentur.de/jobsuche/jobdetail/10001-1003043011-S,10001-1003043011-S
https://www.arbeitsagentur.de/jobsuche/jobdetail/11119-4804141497-S,11119-4804141497-S
https://www.arbeitsagentur.de/jobsuche/jobdetail/14087-VM64W5XS0C8P8YCR-S,14087-VM64W5XS0C8P8YCR-S
https://www.arbeitsagentur.de/jobsuche/jobdetail/12560-ODK70ACZ2UE1I4QU-S,12560-ODK70ACZ2UE1I4QU-S
https://www.arbeitsagentur.de/jobsuche/jobdetail/11119-4792407482-S,11119-4792407482-S
https://www.arbeitsagentur.de/jobsuche/jobdetail/11949-17215526-S,11949-17215526-S
https://www.arbeitsagentur.de/jobsuche/jobdetail/12704-G40G32UL150KYPKZ-S,12704-G40G32UL150KYPKZ-S
https://www.arbeitsagentur.de/jobsuche/jobdetail/10000-1206430722-S,10000-1206430722-S
https://www.arbeitsagentur.de/jobsuche/jobdetail/10001-1003039282-S,10001-1003039282-S
https://www.arbeitsagentur.de/jobsuche/jobdetail/12811-2249257-S,12811-2249257-S
https://www.arbeitsagentur.de/jobsuche/jobdetail/11081-ARCZ5YW951IL9JH7-S,11081-ARCZ5YW951IL9JH7-S
https://www.arbeitsagentur.de/jobsuche/jobdetail/16185-L4ZMWCR7JCJ67VL7-S,16185-L4ZMWCR7JCJ67VL7-S
https://www.arbeitsagentur.de/jobsuche/jobdetail/10001-1003033785-S,10001-1003033785-S
https://www.arbeitsagentur.de/jobsuche/jobdetail/11949-17216606-S,11949-17216606-S
https://www.arbeitsagentur.de/jobsuche/jobdetail/10001-1003036054-S,10001-1003036054-S
https://www.arbeitsagentur.de/jobsuche/jobdetail/14585-564Y9SIAUSTEHL6O-S,14585-564Y9SIAUSTEHL6O-S
https://www.arbeitsagentur.de/jobsuche/jobdetail/17751-44159458-56-S,17751-44159458-56-S
https://www.arbeitsagentur.de/jobsuche/jobdetail/14080-JOB-726632-S,14080-JOB-726632-S
https://www.arbeitsagentur.de/jobsuche/jobdetail/13635-79da07ee_JB5141124-S,13635-79da07ee_JB5141124-S
https://www.arbeitsagentur.de/jobsuche/jobdetail/10001-1003037096-S,10001-1003037096-S
https://www.arbeitsagentur.de/jobsuche/jobdetail/12739-TNTYJFN1L8FDD4BF-S,12739-TNTYJFN1L8FDD4BF-S
https://www.arbeitsagentur.de/jobsuche/jobdetail/11081-UMQW6TZ7GEDIPWUJ-S,11081-UMQW6TZ7GEDIPWUJ-S
https://www.arbeitsagentur.de/jobsuche/jobdetail/17803-260506171109-HE1301-S,17803-260506171109-HE1301-S
https://www.arbeitsagentur.de/jobsuche/jobdetail/14751-437A368-S,14751-437A368-S
https://www.arbeitsagentur.de/jobsuche/jobdetail/12288-4803092659-S,12288-4803092659-S
https://www.arbeitsagentur.de/jobsuche/jobdetail/10000-1206415027-S,10000-1206415027-S
https://www.arbeitsagentur.de/jobsuche/jobdetail/12811-2249104-S,12811-2249104-S
https://www.arbeitsagentur.de/jobsuche/jobdetail/10001-1003042818-S,10001-1003042818-S
https://www.arbeitsagentur.de/jobsuche/jobdetail/12122-209099-1770704-0-S,12122-209099-1770704-0-S
https://www.arbeitsagentur.de/jobsuche/jobdetail/13635-b343d02f_JB5140108-S,13635-b343d02f_JB5140108-S
https://www.arbeitsagentur.de/jobsuche/jobdetail/12086-QDV8RBHPVX6XAD0P-S,12086-QDV8RBHPVX6XAD0P-S
https://www.arbeitsagentur.de/jobsuche/jobdetail/11973-c-370658-S,11973-c-370658-S
https://www.arbeitsagentur.de/jobsuche/jobdetail/10001-1003040788-S,10001-1003040788-S
https://www.arbeitsagentur.de/jobsuche/jobdetail/11949-17216655-S,11949-17216655-S
https://www.arbeitsagentur.de/jobsuche/jobdetail/10000-1206447287-S,10000-1206447287-S
https://www.arbeitsagentur.de/jobsuche/jobdetail/10000-1206441073-S,10000-1206441073-S
https://www.arbeitsagentur.de/jobsuche/jobdetail/11949-17215797-S,11949-17215797-S
https://www.arbeitsagentur.de/jobsuche/jobdetail/20730-2248793-S,20730-2248793-S
https://www.arbeitsagentur.de/jobsuche/jobdetail/11949-17216041-S,11949-17216041-S
https://www.arbeitsagentur.de/jobsuche/jobdetail/11949-17215561-S,11949-17215561-S
https://www.arbeitsagentur.de/jobsuche/jobdetail/11949-17216379-S,11949-17216379-S
https://www.arbeitsagentur.de/jobsuche/jobdetail/13635-536d8a5a_JB5139913-S,13635-536d8a5a_JB5139913-S
https://www.arbeitsagentur.de/jobsuche/jobdetail/10001-1003039725-S,10001-1003039725-S
https://www.arbeitsagentur.de/jobsuche/jobdetail/10001-1003041764-S,10001-1003041764-S
https://www.arbeitsagentur.de/jobsuche/jobdetail/11949-17214251-S,11949-17214251-S
https://www.arbeitsagentur.de/jobsuche/jobdetail/11949-17215472-S,11949-17215472-S
https://www.arbeitsagentur.de/jobsuche/jobdetail/11119-4801688757-S,11119-4801688757-S
https://www.arbeitsagentur.de/jobsuche/jobdetail/11949-17215729-S,11949-17215729-S
https://www.arbeitsagentur.de/jobsuche/jobdetail/10000-1206442447-S,10000-1206442447-S
https://www.arbeitsagentur.de/jobsuche/jobdetail/10001-1003040039-S,10001-1003040039-S
https://www.arbeitsagentur.de/jobsuche/jobdetail/11119-4804139069-S,11119-4804139069-S
https://www.arbeitsagentur.de/jobsuche/jobdetail/14751-373A95003-S,14751-373A95003-S
https://www.arbeitsagentur.de/jobsuche/jobdetail/14751-70A22061-S,14751-70A22061-S
https://www.arbeitsagentur.de/jobsuche/jobdetail/10000-1206446981-S,10000-1206446981-S
https://www.arbeitsagentur.de/jobsuche/jobdetail/14038-2026050722223-S,14038-2026050722223-S
https://www.arbeitsagentur.de/jobsuche/jobdetail/10001-1003033930-S,10001-1003033930-S
https://www.arbeitsagentur.de/jobsuche/jobdetail/14040-07HJOWNJ8RRY35Z7-S,14040-07HJOWNJ8RRY35Z7-S
https://www.arbeitsagentur.de/jobsuche/jobdetail/12759-T5Q8YH6VQD73ML00-S,12759-T5Q8YH6VQD73ML00-S
https://www.arbeitsagentur.de/jobsuche/jobdetail/12608-1401694-28492-1-S,12608-1401694-28492-1-S
https://www.arbeitsagentur.de/jobsuche/jobdetail/16547-MWFMLGJDOTS2JBBV-S,16547-MWFMLGJDOTS2JBBV-S
https://www.arbeitsagentur.de/jobsuche/jobdetail/10000-1206438040-S,10000-1206438040-S
https://www.arbeitsagentur.de/jobsuche/jobdetail/10001-1003039919-S,10001-1003039919-S
https://www.arbeitsagentur.de/jobsuche/jobdetail/14167-YHLDPXFDN3B80CIW-S,14167-YHLDPXFDN3B80CIW-S
https://www.arbeitsagentur.de/jobsuche/jobdetail/12057-SYLRUFOJF185PIZB-S,12057-SYLRUFOJF185PIZB-S
https://www.arbeitsagentur.de/jobsuche/jobdetail/12456-1571317-1-S,12456-1571317-1-S
https://www.arbeitsagentur.de/jobsuche/jobdetail/11949-17215317-S,11949-17215317-S
https://www.arbeitsagentur.de/jobsuche/jobdetail/10001-1003039339-S,10001-1003039339-S
https://www.arbeitsagentur.de/jobsuche/jobdetail/10001-1003035675-S,10001-1003035675-S
https://www.arbeitsagentur.de/jobsuche/jobdetail/10001-1003042334-S,10001-1003042334-S
https://www.arbeitsagentur.de/jobsuche/jobdetail/12811-2248086-S,12811-2248086-S
https://www.arbeitsagentur.de/jobsuche/jobdetail/10000-1206441143-S,10000-1206441143-S
https://www.arbeitsagentur.de/jobsuche/jobdetail/10001-1003037831-S,10001-1003037831-S
https://www.arbeitsagentur.de/jobsuche/jobdetail/12608-1401769-28046-1-S,12608-1401769-28046-1-S
https://www.arbeitsagentur.de/jobsuche/jobdetail/15756-JUDUMLYRK72QDALI-S,15756-JUDUMLYRK72QDALI-S
https://www.arbeitsagentur.de/jobsuche/jobdetail/11949-17215638-S,11949-17215638-S
https://www.arbeitsagentur.de/jobsuche/jobdetail/13356-10222A46033C17-S,13356-10222A46033C17-S
https://www.arbeitsagentur.de/jobsuche/jobdetail/10001-1003037992-S,10001-1003037992-S
https://www.arbeitsagentur.de/jobsuche/jobdetail/13356-104220A30857C54-S,13356-104220A30857C54-S
https://www.arbeitsagentur.de/jobsuche/jobdetail/11949-17214309-S,11949-17214309-S
https://www.arbeitsagentur.de/jobsuche/jobdetail/12633-0ea34570_JB5140192-S,12633-0ea34570_JB5140192-S
https://www.arbeitsagentur.de/jobsuche/jobdetail/12456-1571561-1-S,12456-1571561-1-S
https://www.arbeitsagentur.de/jobsuche/jobdetail/10001-1003038599-S,10001-1003038599-S
https://www.arbeitsagentur.de/jobsuche/jobdetail/16547-KPX1Q3EBORJ4LW88-S,16547-KPX1Q3EBORJ4LW88-S
https://www.arbeitsagentur.de/jobsuche/jobdetail/10001-1003042513-S,10001-1003042513-S
https://www.arbeitsagentur.de/jobsuche/jobdetail/10001-1003039105-S,10001-1003039105-S
https://www.arbeitsagentur.de/jobsuche/jobdetail/13356-102628A37763C36-S,13356-102628A37763C36-S
https://www.arbeitsagentur.de/jobsuche/jobdetail/10001-1003040699-S,10001-1003040699-S
https://www.arbeitsagentur.de/jobsuche/jobdetail/10001-1003040336-S,10001-1003040336-S
https://www.arbeitsagentur.de/jobsuche/jobdetail/12811-2249157-S,12811-2249157-S
https://www.arbeitsagentur.de/jobsuche/jobdetail/10001-1003039571-S,10001-1003039571-S
https://www.arbeitsagentur.de/jobsuche/jobdetail/11949-17216296-S,11949-17216296-S
https://www.arbeitsagentur.de/jobsuche/jobdetail/14751-11A25652-S,14751-11A25652-S
https://www.arbeitsagentur.de/jobsuche/jobdetail/13635-74d578f2_JB5140737-S,13635-74d578f2_JB5140737-S
https://www.arbeitsagentur.de/jobsuche/jobdetail/16129-19414-5-S,16129-19414-5-S
https://www.arbeitsagentur.de/jobsuche/jobdetail/12162-A1LV0X3ZZ2HGWV9T-S,12162-A1LV0X3ZZ2HGWV9T-S
https://www.arbeitsagentur.de/jobsuche/jobdetail/12704-EI7DZBE312G0ZUO5-S,12704-EI7DZBE312G0ZUO5-S
https://www.arbeitsagentur.de/jobsuche/jobdetail/10001-1003041517-S,10001-1003041517-S
https://www.arbeitsagentur.de/jobsuche/jobdetail/12811-2248526-S,12811-2248526-S
https://www.arbeitsagentur.de/jobsuche/jobdetail/10001-1003041153-S,10001-1003041153-S
https://www.arbeitsagentur.de/jobsuche/jobdetail/12147-20260506219319-S,12147-20260506219319-S
https://www.arbeitsagentur.de/jobsuche/jobdetail/14385-492-2565582-26-S,14385-492-2565582-26-S
https://www.arbeitsagentur.de/jobsuche/jobdetail/10000-1206436383-S,10000-1206436383-S
https://www.arbeitsagentur.de/jobsuche/jobdetail/11949-17215791-S,11949-17215791-S
https://www.arbeitsagentur.de/jobsuche/jobdetail/16427-S8JGB8BEACGUMU56-S,16427-S8JGB8BEACGUMU56-S
https://www.arbeitsagentur.de/jobsuche/jobdetail/11949-17215446-S,11949-17215446-S
https://www.arbeitsagentur.de/jobsuche/jobdetail/16963-REF204V-7103870248-S,16963-REF204V-7103870248-S
https://www.arbeitsagentur.de/jobsuche/jobdetail/14751-437A228-S,14751-437A228-S
https://www.arbeitsagentur.de/jobsuche/jobdetail/17489-b8d477029d7144f-S,17489-b8d477029d7144f-S
https://www.arbeitsagentur.de/jobsuche/jobdetail/11973-c-561078-S,11973-c-561078-S
https://www.arbeitsagentur.de/jobsuche/jobdetail/11949-17216119-S,11949-17216119-S
https://www.arbeitsagentur.de/jobsuche/jobdetail/13669-BQJ2BBDEP6G8CMNQ-S,13669-BQJ2BBDEP6G8CMNQ-S
https://www.arbeitsagentur.de/jobsuche/jobdetail/14087-VT1YIB6D0UIIL0MI-S,14087-VT1YIB6D0UIIL0MI-S
https://www.arbeitsagentur.de/jobsuche/jobdetail/10000-1206439180-S,10000-1206439180-S
https://www.arbeitsagentur.de/jobsuche/jobdetail/14722-WDVDOTH2XRFBMH8M-S,14722-WDVDOTH2XRFBMH8M-S
https://www.arbeitsagentur.de/jobsuche/jobdetail/13334-00005f6433a001-S,13334-00005f6433a001-S
https://www.arbeitsagentur.de/jobsuche/jobdetail/11949-17213923-S,11949-17213923-S
https://www.arbeitsagentur.de/jobsuche/jobdetail/16291-e289c9c2bdbc4b6-S,16291-e289c9c2bdbc4b6-S
https://www.arbeitsagentur.de/jobsuche/jobdetail/12287-JOB-838021-S,12287-JOB-838021-S
https://www.arbeitsagentur.de/jobsuche/jobdetail/12456-1571315-1-S,12456-1571315-1-S
https://www.arbeitsagentur.de/jobsuche/jobdetail/13356-102628A46343C2-S,13356-102628A46343C2-S
https://www.arbeitsagentur.de/jobsuche/jobdetail/10001-1003038205-S,10001-1003038205-S
https://www.arbeitsagentur.de/jobsuche/jobdetail/10000-1206445126-S,10000-1206445126-S
https://www.arbeitsagentur.de/jobsuche/jobdetail/10001-1003037897-S,10001-1003037897-S
https://www.arbeitsagentur.de/jobsuche/jobdetail/12811-2248841-S,12811-2248841-S
https://www.arbeitsagentur.de/jobsuche/jobdetail/13270-2026-00003176-1-S,13270-2026-00003176-1-S
https://www.arbeitsagentur.de/jobsuche/jobdetail/12147-20260507219336-S,12147-20260507219336-S
https://www.arbeitsagentur.de/jobsuche/jobdetail/18825-62HPCVYQI36NGGIG-S,18825-62HPCVYQI36NGGIG-S
https://www.arbeitsagentur.de/jobsuche/jobdetail/13635-js_ul_49_JB5139973-S,13635-js_ul_49_JB5139973-S
https://www.arbeitsagentur.de/jobsuche/jobdetail/11119-4791130592-S,11119-4791130592-S
https://www.arbeitsagentur.de/jobsuche/jobdetail/10001-1003041706-S,10001-1003041706-S
https://www.arbeitsagentur.de/jobsuche/jobdetail/12811-2248749-S,12811-2248749-S
https://www.arbeitsagentur.de/jobsuche/jobdetail/12288-4803130595-S,12288-4803130595-S
https://www.arbeitsagentur.de/jobsuche/jobdetail/12513-0007639484-S,12513-0007639484-S
https://www.arbeitsagentur.de/jobsuche/jobdetail/11949-17215630-S,11949-17215630-S
https://www.arbeitsagentur.de/jobsuche/jobdetail/14722-Z2UGANXAB0S8WJTK-S,14722-Z2UGANXAB0S8WJTK-S
https://www.arbeitsagentur.de/jobsuche/jobdetail/17803-260506170951-OA1313-S,17803-260506170951-OA1313-S
https://www.arbeitsagentur.de/jobsuche/jobdetail/17592-7fa40c5ddf4249c-S,17592-7fa40c5ddf4249c-S
https://www.arbeitsagentur.de/jobsuche/jobdetail/11949-17214608-S,11949-17214608-S
https://www.arbeitsagentur.de/jobsuche/jobdetail/14751-62A117709-S,14751-62A117709-S
https://www.arbeitsagentur.de/jobsuche/jobdetail/10001-1003042735-S,10001-1003042735-S
https://www.arbeitsagentur.de/jobsuche/jobdetail/10001-1003040584-S,10001-1003040584-S
https://www.arbeitsagentur.de/jobsuche/jobdetail/10001-1003042760-S,10001-1003042760-S
https://www.arbeitsagentur.de/jobsuche/jobdetail/11119-4803018258-S,11119-4803018258-S
https://www.arbeitsagentur.de/jobsuche/jobdetail/11949-17215852-S,11949-17215852-S
https://www.arbeitsagentur.de/jobsuche/jobdetail/11949-17214754-S,11949-17214754-S
https://www.arbeitsagentur.de/jobsuche/jobdetail/10000-1206443548-S,10000-1206443548-S
https://www.arbeitsagentur.de/jobsuche/jobdetail/12811-2248490-S,12811-2248490-S
https://www.arbeitsagentur.de/jobsuche/jobdetail/20730-2248782-S,20730-2248782-S
https://www.arbeitsagentur.de/jobsuche/jobdetail/10001-1003042550-S,10001-1003042550-S
https://www.arbeitsagentur.de/jobsuche/jobdetail/10001-1003038340-S,10001-1003038340-S
https://www.arbeitsagentur.de/jobsuche/jobdetail/10001-1003040661-S,10001-1003040661-S
https://www.arbeitsagentur.de/jobsuche/jobdetail/11949-17215279-S,11949-17215279-S
https://www.arbeitsagentur.de/jobsuche/jobdetail/10001-1003040180-S,10001-1003040180-S
https://www.arbeitsagentur.de/jobsuche/jobdetail/10001-1003036796-S,10001-1003036796-S
https://www.arbeitsagentur.de/jobsuche/jobdetail/10001-1003038744-S,10001-1003038744-S
https://www.arbeitsagentur.de/jobsuche/jobdetail/12811-2249203-S,12811-2249203-S
https://www.arbeitsagentur.de/jobsuche/jobdetail/11949-17213998-S,11949-17213998-S
https://www.arbeitsagentur.de/jobsuche/jobdetail/18024-100PJ0003dp1o-S,18024-100PJ0003dp1o-S
https://www.arbeitsagentur.de/jobsuche/jobdetail/11119-4791095533-S,11119-4791095533-S
https://www.arbeitsagentur.de/jobsuche/jobdetail/12811-2248375-S,12811-2248375-S
https://www.arbeitsagentur.de/jobsuche/jobdetail/10001-1003043251-S,10001-1003043251-S
https://www.arbeitsagentur.de/jobsuche/jobdetail/14385-601-2565624-26-S,14385-601-2565624-26-S
https://www.arbeitsagentur.de/jobsuche/jobdetail/16144-944317121-S,16144-944317121-S
https://www.arbeitsagentur.de/jobsuche/jobdetail/12633-6e4bf216_JB5140182-S,12633-6e4bf216_JB5140182-S
https://www.arbeitsagentur.de/jobsuche/jobdetail/12306-E4FPY1U0DUAISXKP-S,12306-E4FPY1U0DUAISXKP-S
https://www.arbeitsagentur.de/jobsuche/jobdetail/10001-1003037339-S,10001-1003037339-S
https://www.arbeitsagentur.de/jobsuche/jobdetail/14751-437A332-S,14751-437A332-S
https://www.arbeitsagentur.de/jobsuche/jobdetail/10001-1003041417-S,10001-1003041417-S
https://www.arbeitsagentur.de/jobsuche/jobdetail/12811-2249046-S,12811-2249046-S
https://www.arbeitsagentur.de/jobsuche/jobdetail/13635-Catch135_JB5140542-S,13635-Catch135_JB5140542-S
https://www.arbeitsagentur.de/jobsuche/jobdetail/13280-V8KZNDWHB6VV0OCV-S,13280-V8KZNDWHB6VV0OCV-S
https://www.arbeitsagentur.de/jobsuche/jobdetail/12618-173696-S,12618-173696-S
https://www.arbeitsagentur.de/jobsuche/jobdetail/14795-66662_118793-S,14795-66662_118793-S
https://www.arbeitsagentur.de/jobsuche/jobdetail/14385-449-2565455-26-S,14385-449-2565455-26-S
https://www.arbeitsagentur.de/jobsuche/jobdetail/10001-1003042992-S,10001-1003042992-S
https://www.arbeitsagentur.de/jobsuche/jobdetail/10000-1206447610-S,10000-1206447610-S
https://www.arbeitsagentur.de/jobsuche/jobdetail/13635-564867f3_JB5139877-S,13635-564867f3_JB5139877-S
https://www.arbeitsagentur.de/jobsuche/jobdetail/10001-1003036183-S,10001-1003036183-S
https://www.arbeitsagentur.de/jobsuche/jobdetail/11119-4792401158-S,11119-4792401158-S
https://www.arbeitsagentur.de/jobsuche/jobdetail/11949-17213881-S,11949-17213881-S
https://www.arbeitsagentur.de/jobsuche/jobdetail/12086-7WNDDUUUDM7LC9NY-S,12086-7WNDDUUUDM7LC9NY-S
https://www.arbeitsagentur.de/jobsuche/jobdetail/10001-1003042108-S,10001-1003042108-S
https://www.arbeitsagentur.de/jobsuche/jobdetail/14048-d2ed4821ee74d13d-S,14048-d2ed4821ee74d13d-S
https://www.arbeitsagentur.de/jobsuche/jobdetail/13356-101813A33873C42-S,13356-101813A33873C42-S
https://www.arbeitsagentur.de/jobsuche/jobdetail/10001-1003040247-S,10001-1003040247-S
https://www.arbeitsagentur.de/jobsuche/jobdetail/10001-1003041896-S,10001-1003041896-S
https://www.arbeitsagentur.de/jobsuche/jobdetail/11119-4804227668-S,11119-4804227668-S
https://www.arbeitsagentur.de/jobsuche/jobdetail/14927-dzk1y7-S,14927-dzk1y7-S
https://www.arbeitsagentur.de/jobsuche/jobdetail/10001-1003042120-S,10001-1003042120-S
https://www.arbeitsagentur.de/jobsuche/jobdetail/12509-3287186-S,12509-3287186-S
https://www.arbeitsagentur.de/jobsuche/jobdetail/13356-102628A46367C13-S,13356-102628A46367C13-S
https://www.arbeitsagentur.de/jobsuche/jobdetail/10001-1003036175-S,10001-1003036175-S
https://www.arbeitsagentur.de/jobsuche/jobdetail/12811-2249072-S,12811-2249072-S
https://www.arbeitsagentur.de/jobsuche/jobdetail/11119-4791109922-S,11119-4791109922-S
https://www.arbeitsagentur.de/jobsuche/jobdetail/16986-JOB-116148-S,16986-JOB-116148-S
https://www.arbeitsagentur.de/jobsuche/jobdetail/10001-1003040345-S,10001-1003040345-S
https://www.arbeitsagentur.de/jobsuche/jobdetail/10001-1003036001-S,10001-1003036001-S
https://www.arbeitsagentur.de/jobsuche/jobdetail/11119-4804147179-S,11119-4804147179-S
https://www.arbeitsagentur.de/jobsuche/jobdetail/12618-173720-S,12618-173720-S
https://www.arbeitsagentur.de/jobsuche/jobdetail/14177-44157999-56-S,14177-44157999-56-S
https://www.arbeitsagentur.de/jobsuche/jobdetail/11949-17215247-S,11949-17215247-S
https://www.arbeitsagentur.de/jobsuche/jobdetail/19631-429A8-S,19631-429A8-S
https://www.arbeitsagentur.de/jobsuche/jobdetail/14751-373A95663-S,14751-373A95663-S
https://www.arbeitsagentur.de/jobsuche/jobdetail/12811-2248862-S,12811-2248862-S
https://www.arbeitsagentur.de/jobsuche/jobdetail/12759-P0WPO01Z1C6A667P-S,12759-P0WPO01Z1C6A667P-S
https://www.arbeitsagentur.de/jobsuche/jobdetail/10000-1206434587-S,10000-1206434587-S
https://www.arbeitsagentur.de/jobsuche/jobdetail/10001-1003041834-S,10001-1003041834-S
https://www.arbeitsagentur.de/jobsuche/jobdetail/13280-8M1C0UR4EZ2D7XI3-S,13280-8M1C0UR4EZ2D7XI3-S
https://www.arbeitsagentur.de/jobsuche/jobdetail/17902-k59932.5682-S,17902-k59932.5682-S
https://www.arbeitsagentur.de/jobsuche/jobdetail/14048-81bdf31227df1f29-S,14048-81bdf31227df1f29-S
https://www.arbeitsagentur.de/jobsuche/jobdetail/16547-UY4EXKOIMD5M66ZA-S,16547-UY4EXKOIMD5M66ZA-S
https://www.arbeitsagentur.de/jobsuche/jobdetail/10001-1003037087-S,10001-1003037087-S
https://www.arbeitsagentur.de/jobsuche/jobdetail/10001-1003042052-S,10001-1003042052-S
https://www.arbeitsagentur.de/jobsuche/jobdetail/13635-0d127763_JB5140120-S,13635-0d127763_JB5140120-S
https://www.arbeitsagentur.de/jobsuche/jobdetail/16185-KK6CSLLT10RDMDA1-S,16185-KK6CSLLT10RDMDA1-S
https://www.arbeitsagentur.de/jobsuche/jobdetail/11949-17215849-S,11949-17215849-S
https://www.arbeitsagentur.de/jobsuche/jobdetail/11949-17215790-S,11949-17215790-S
https://www.arbeitsagentur.de/jobsuche/jobdetail/14385-602-2565637-26-S,14385-602-2565637-26-S
https://www.arbeitsagentur.de/jobsuche/jobdetail/11119-4803004462-S,11119-4803004462-S
https://www.arbeitsagentur.de/jobsuche/jobdetail/11949-17215459-S,11949-17215459-S
https://www.arbeitsagentur.de/jobsuche/jobdetail/16630-k58445.1509-S,16630-k58445.1509-S
https://www.arbeitsagentur.de/jobsuche/jobdetail/10000-1206448693-S,10000-1206448693-S
https://www.arbeitsagentur.de/jobsuche/jobdetail/13652-JOB-838224-S,13652-JOB-838224-S
https://www.arbeitsagentur.de/jobsuche/jobdetail/10001-1003039113-S,10001-1003039113-S
https://www.arbeitsagentur.de/jobsuche/jobdetail/13643-1L_606390-S,13643-1L_606390-S
https://www.arbeitsagentur.de/jobsuche/jobdetail/11949-17215126-S,11949-17215126-S
https://www.arbeitsagentur.de/jobsuche/jobdetail/15428-EN0XWCSASKBXOCPS-S,15428-EN0XWCSASKBXOCPS-S
https://www.arbeitsagentur.de/jobsuche/jobdetail/10001-1003034635-S,10001-1003034635-S
https://www.arbeitsagentur.de/jobsuche/jobdetail/12811-2249217-S,12811-2249217-S
https://www.arbeitsagentur.de/jobsuche/jobdetail/10001-1003041611-S,10001-1003041611-S
https://www.arbeitsagentur.de/jobsuche/jobdetail/14795-66472_118856-S,14795-66472_118856-S
https://www.arbeitsagentur.de/jobsuche/jobdetail/17803-260507172724-PH1423-S,17803-260507172724-PH1423-S
https://www.arbeitsagentur.de/jobsuche/jobdetail/11081-IQT2G46K7JWM466T-S,11081-IQT2G46K7JWM466T-S
https://www.arbeitsagentur.de/jobsuche/jobdetail/11949-17215646-S,11949-17215646-S
https://www.arbeitsagentur.de/jobsuche/jobdetail/12704-WXFHKYIUKPGMYC9O-S,12704-WXFHKYIUKPGMYC9O-S
https://www.arbeitsagentur.de/jobsuche/jobdetail/19821-YQS3CHBJ2VZ5SZ9A-S,19821-YQS3CHBJ2VZ5SZ9A-S
https://www.arbeitsagentur.de/jobsuche/jobdetail/12465-1569762-1-S,12465-1569762-1-S
https://www.arbeitsagentur.de/jobsuche/jobdetail/11949-17215125-S,11949-17215125-S
https://www.arbeitsagentur.de/jobsuche/jobdetail/13643-AW_609613LS-S,13643-AW_609613LS-S
https://www.arbeitsagentur.de/jobsuche/jobdetail/17394-2025-12830016-S,17394-2025-12830016-S
https://www.arbeitsagentur.de/jobsuche/jobdetail/18024-100PJ000VRl0R-S,18024-100PJ000VRl0R-S
https://www.arbeitsagentur.de/jobsuche/jobdetail/11949-17215246-S,11949-17215246-S
https://www.arbeitsagentur.de/jobsuche/jobdetail/11119-4802958464-S,11119-4802958464-S
https://www.arbeitsagentur.de/jobsuche/jobdetail/12632-6d356024_JB5140152-S,12632-6d356024_JB5140152-S
https://www.arbeitsagentur.de/jobsuche/jobdetail/11119-4804137885-S,11119-4804137885-S
https://www.arbeitsagentur.de/jobsuche/jobdetail/10000-1206443133-S,10000-1206443133-S
https://www.arbeitsagentur.de/jobsuche/jobdetail/14048-a0ac1a486b7c3001-S,14048-a0ac1a486b7c3001-S
https://www.arbeitsagentur.de/jobsuche/jobdetail/11119-4803003596-S,11119-4803003596-S
https://www.arbeitsagentur.de/jobsuche/jobdetail/10001-1003042202-S,10001-1003042202-S
https://www.arbeitsagentur.de/jobsuche/jobdetail/14014-13743357-S,14014-13743357-S
https://www.arbeitsagentur.de/jobsuche/jobdetail/13635-1b709fbd_JB5140070-S,13635-1b709fbd_JB5140070-S
https://www.arbeitsagentur.de/jobsuche/jobdetail/18024-100PJ000TAW0N-S,18024-100PJ000TAW0N-S
https://www.arbeitsagentur.de/jobsuche/jobdetail/10001-1003036676-S,10001-1003036676-S
https://www.arbeitsagentur.de/jobsuche/jobdetail/12898-P2091379-21-S,12898-P2091379-21-S
https://www.arbeitsagentur.de/jobsuche/jobdetail/10001-1003037791-S,10001-1003037791-S
https://www.arbeitsagentur.de/jobsuche/jobdetail/10001-1003042738-S,10001-1003042738-S
https://www.arbeitsagentur.de/jobsuche/jobdetail/10000-1206436665-S,10000-1206436665-S
https://www.arbeitsagentur.de/jobsuche/jobdetail/16291-b998638f9c58412-S,16291-b998638f9c58412-S
https://www.arbeitsagentur.de/jobsuche/jobdetail/11864-AO7GRQ57SVU8O984-S,11864-AO7GRQ57SVU8O984-S
https://www.arbeitsagentur.de/jobsuche/jobdetail/12759-LWDT8MV59133AGZ0-S,12759-LWDT8MV59133AGZ0-S
https://www.arbeitsagentur.de/jobsuche/jobdetail/10001-1003034604-S,10001-1003034604-S
https://www.arbeitsagentur.de/jobsuche/jobdetail/14751-437A372-S,14751-437A372-S
https://www.arbeitsagentur.de/jobsuche/jobdetail/20397-4804181163-S,20397-4804181163-S
https://www.arbeitsagentur.de/jobsuche/jobdetail/10001-1003040644-S,10001-1003040644-S
https://www.arbeitsagentur.de/jobsuche/jobdetail/10001-1003040947-S,10001-1003040947-S
https://www.arbeitsagentur.de/jobsuche/jobdetail/19466-4804135316-S,19466-4804135316-S
https://www.arbeitsagentur.de/jobsuche/jobdetail/11949-17215609-S,11949-17215609-S
https://www.arbeitsagentur.de/jobsuche/jobdetail/14795-66477_118864-S,14795-66477_118864-S
https://www.arbeitsagentur.de/jobsuche/jobdetail/12203-6fbd50075e4949c-S,12203-6fbd50075e4949c-S
https://www.arbeitsagentur.de/jobsuche/jobdetail/11119-4791361138-S,11119-4791361138-S
https://www.arbeitsagentur.de/jobsuche/jobdetail/12811-2248933-S,12811-2248933-S
https://www.arbeitsagentur.de/jobsuche/jobdetail/10000-1206444777-S,10000-1206444777-S
https://www.arbeitsagentur.de/jobsuche/jobdetail/13635-ae65b2d1_JB5141042-S,13635-ae65b2d1_JB5141042-S
https://www.arbeitsagentur.de/jobsuche/jobdetail/11949-17216141-S,11949-17216141-S
https://www.arbeitsagentur.de/jobsuche/jobdetail/10001-1003038746-S,10001-1003038746-S
https://www.arbeitsagentur.de/jobsuche/jobdetail/10001-1003036414-S,10001-1003036414-S
https://www.arbeitsagentur.de/jobsuche/jobdetail/10000-1206434538-S,10000-1206434538-S
https://www.arbeitsagentur.de/jobsuche/jobdetail/10001-1003033077-S,10001-1003033077-S
https://www.arbeitsagentur.de/jobsuche/jobdetail/10001-1003037346-S,10001-1003037346-S
https://www.arbeitsagentur.de/jobsuche/jobdetail/12811-2249095-S,12811-2249095-S
https://www.arbeitsagentur.de/jobsuche/jobdetail/12704-HEK37QEFIGFJS7HQ-S,12704-HEK37QEFIGFJS7HQ-S
https://www.arbeitsagentur.de/jobsuche/jobdetail/10001-1003040294-S,10001-1003040294-S
https://www.arbeitsagentur.de/jobsuche/jobdetail/16291-977214332cdb41d-S,16291-977214332cdb41d-S
https://www.arbeitsagentur.de/jobsuche/jobdetail/10001-1003041177-S,10001-1003041177-S
https://www.arbeitsagentur.de/jobsuche/jobdetail/15699-1571583-1-S,15699-1571583-1-S
https://www.arbeitsagentur.de/jobsuche/jobdetail/13669-2ZGILXV0LLKVM3E2-S,13669-2ZGILXV0LLKVM3E2-S
https://www.arbeitsagentur.de/jobsuche/jobdetail/11081-0O70IJ45ODCHSGTI-S,11081-0O70IJ45ODCHSGTI-S
https://www.arbeitsagentur.de/jobsuche/jobdetail/18248-GKBJM0TWQML01V8L-S,18248-GKBJM0TWQML01V8L-S
https://www.arbeitsagentur.de/jobsuche/jobdetail/10001-1003042242-S,10001-1003042242-S
https://www.arbeitsagentur.de/jobsuche/jobdetail/10001-1003035009-S,10001-1003035009-S
https://www.arbeitsagentur.de/jobsuche/jobdetail/10000-1206449784-S,10000-1206449784-S
https://www.arbeitsagentur.de/jobsuche/jobdetail/11949-17213768-S,11949-17213768-S
https://www.arbeitsagentur.de/jobsuche/jobdetail/20397-4801680297-S,20397-4801680297-S
https://www.arbeitsagentur.de/jobsuche/jobdetail/13006-66373_61278-1-S,13006-66373_61278-1-S
https://www.arbeitsagentur.de/jobsuche/jobdetail/11949-17215476-S,11949-17215476-S
https://www.arbeitsagentur.de/jobsuche/jobdetail/13635-26ff6d85_JB5140243-S,13635-26ff6d85_JB5140243-S
https://www.arbeitsagentur.de/jobsuche/jobdetail/14722-CG0ZWLXPQJXGPHH6-S,14722-CG0ZWLXPQJXGPHH6-S
https://www.arbeitsagentur.de/jobsuche/jobdetail/14751-70A22044-S,14751-70A22044-S
https://www.arbeitsagentur.de/jobsuche/jobdetail/10001-1003039445-S,10001-1003039445-S
https://www.arbeitsagentur.de/jobsuche/jobdetail/14751-429A18-S,14751-429A18-S
https://www.arbeitsagentur.de/jobsuche/jobdetail/18398-6KY9KY66ZIV6XSHQ-S,18398-6KY9KY66ZIV6XSHQ-S
https://www.arbeitsagentur.de/jobsuche/jobdetail/10001-1003042717-S,10001-1003042717-S
https://www.arbeitsagentur.de/jobsuche/jobdetail/10000-1206415699-S,10000-1206415699-S
https://www.arbeitsagentur.de/jobsuche/jobdetail/17489-7cffae1080a64ee-S,17489-7cffae1080a64ee-S
https://www.arbeitsagentur.de/jobsuche/jobdetail/15265-k45925.4967-S,15265-k45925.4967-S
https://www.arbeitsagentur.de/jobsuche/jobdetail/14048-828ce8428d33fb01-S,14048-828ce8428d33fb01-S
https://www.arbeitsagentur.de/jobsuche/jobdetail/10001-1003041308-S,10001-1003041308-S
https://www.arbeitsagentur.de/jobsuche/jobdetail/10000-1206447034-S,10000-1206447034-S
https://www.arbeitsagentur.de/jobsuche/jobdetail/10001-1003038729-S,10001-1003038729-S
https://www.arbeitsagentur.de/jobsuche/jobdetail/11949-17215554-S,11949-17215554-S
https://www.arbeitsagentur.de/jobsuche/jobdetail/12704-GU8DPOGE30JQ8UE0-S,12704-GU8DPOGE30JQ8UE0-S
https://www.arbeitsagentur.de/jobsuche/jobdetail/10001-1003040738-S,10001-1003040738-S
https://www.arbeitsagentur.de/jobsuche/jobdetail/10001-1003034726-S,10001-1003034726-S
https://www.arbeitsagentur.de/jobsuche/jobdetail/16185-XM8TTA5863ULWHJR-S,16185-XM8TTA5863ULWHJR-S
https://www.arbeitsagentur.de/jobsuche/jobdetail/13999-k53401.30942-S,13999-k53401.30942-S
https://www.arbeitsagentur.de/jobsuche/jobdetail/10001-1003042685-S,10001-1003042685-S
https://www.arbeitsagentur.de/jobsuche/jobdetail/10000-1206441672-S,10000-1206441672-S
https://www.arbeitsagentur.de/jobsuche/jobdetail/10001-1003036976-S,10001-1003036976-S
https://www.arbeitsagentur.de/jobsuche/jobdetail/10000-1206369757-S,10000-1206369757-S
https://www.arbeitsagentur.de/jobsuche/jobdetail/10001-1003040553-S,10001-1003040553-S
https://www.arbeitsagentur.de/jobsuche/jobdetail/12032-R62E91281-S,12032-R62E91281-S
https://www.arbeitsagentur.de/jobsuche/jobdetail/18024-100PJ000Vao02-S,18024-100PJ000Vao02-S
https://www.arbeitsagentur.de/jobsuche/jobdetail/11949-17215959-S,11949-17215959-S
https://www.arbeitsagentur.de/jobsuche/jobdetail/17394-2024-11870141-S,17394-2024-11870141-S
https://www.arbeitsagentur.de/jobsuche/jobdetail/10001-1003041294-S,10001-1003041294-S
https://www.arbeitsagentur.de/jobsuche/jobdetail/13635-a7ce9004_JB5140960-S,13635-a7ce9004_JB5140960-S
https://www.arbeitsagentur.de/jobsuche/jobdetail/12811-2248961-S,12811-2248961-S
https://www.arbeitsagentur.de/jobsuche/jobdetail/11949-17215997-S,11949-17215997-S
https://www.arbeitsagentur.de/jobsuche/jobdetail/12288-4803093044-S,12288-4803093044-S
https://www.arbeitsagentur.de/jobsuche/jobdetail/19546-2248687-S,19546-2248687-S
https://www.arbeitsagentur.de/jobsuche/jobdetail/17489-ce2813ed1b864ef-S,17489-ce2813ed1b864ef-S
https://www.arbeitsagentur.de/jobsuche/jobdetail/10001-1003036280-S,10001-1003036280-S
https://www.arbeitsagentur.de/jobsuche/jobdetail/16864-8V8HAJVUHEX7W13P-S,16864-8V8HAJVUHEX7W13P-S
https://www.arbeitsagentur.de/jobsuche/jobdetail/11119-4804197526-S,11119-4804197526-S
https://www.arbeitsagentur.de/jobsuche/jobdetail/10001-1003036152-S,10001-1003036152-S
https://www.arbeitsagentur.de/jobsuche/jobdetail/14094-20260506225842-S,14094-20260506225842-S
https://www.arbeitsagentur.de/jobsuche/jobdetail/12122-209176-1771107-0-S,12122-209176-1771107-0-S
https://www.arbeitsagentur.de/jobsuche/jobdetail/20242-4804157061-S,20242-4804157061-S
https://www.arbeitsagentur.de/jobsuche/jobdetail/11119-4804127576-S,11119-4804127576-S
https://www.arbeitsagentur.de/jobsuche/jobdetail/12826-SA0137601_JB5141028-S,12826-SA0137601_JB5141028-S
https://www.arbeitsagentur.de/jobsuche/jobdetail/12739-Y9KZ8LHJFH2PMKN0-S,12739-Y9KZ8LHJFH2PMKN0-S
https://www.arbeitsagentur.de/jobsuche/jobdetail/10001-1003040363-S,10001-1003040363-S
https://www.arbeitsagentur.de/jobsuche/jobdetail/10000-1206445881-S,10000-1206445881-S
https://www.arbeitsagentur.de/jobsuche/jobdetail/12811-2249184-S,12811-2249184-S
https://www.arbeitsagentur.de/jobsuche/jobdetail/10001-1003034962-S,10001-1003034962-S
https://www.arbeitsagentur.de/jobsuche/jobdetail/14751-417A9177-S,14751-417A9177-S
https://www.arbeitsagentur.de/jobsuche/jobdetail/14048-78d5af5c49c06acf-S,14048-78d5af5c49c06acf-S
https://www.arbeitsagentur.de/jobsuche/jobdetail/16947-944085085-S,16947-944085085-S
https://www.arbeitsagentur.de/jobsuche/jobdetail/15939-BB-633655-7878-3653-S,15939-BB-633655-7878-3653-S
https://www.arbeitsagentur.de/jobsuche/jobdetail/10001-1003040327-S,10001-1003040327-S
https://www.arbeitsagentur.de/jobsuche/jobdetail/16864-4WGTBT1YFOEA4MNJ-S,16864-4WGTBT1YFOEA4MNJ-S
https://www.arbeitsagentur.de/jobsuche/jobdetail/15937-k55805.115283-S,15937-k55805.115283-S
https://www.arbeitsagentur.de/jobsuche/jobdetail/12811-2249416-S,12811-2249416-S
https://www.arbeitsagentur.de/jobsuche/jobdetail/17803-260506171109-HE1314-S,17803-260506171109-HE1314-S
https://www.arbeitsagentur.de/jobsuche/jobdetail/16819-65e5e9e791bf7b38-S,16819-65e5e9e791bf7b38-S
https://www.arbeitsagentur.de/jobsuche/jobdetail/20145-6STPMEN9Fotbwr-S,20145-6STPMEN9Fotbwr-S
https://www.arbeitsagentur.de/jobsuche/jobdetail/11081-EPHYD2AFEOUO3SEA-S,11081-EPHYD2AFEOUO3SEA-S
https://www.arbeitsagentur.de/jobsuche/jobdetail/10001-1003036188-S,10001-1003036188-S
https://www.arbeitsagentur.de/jobsuche/jobdetail/10001-1003034626-S,10001-1003034626-S
https://www.arbeitsagentur.de/jobsuche/jobdetail/11081-NV8UEVTP7NKJCZYI-S,11081-NV8UEVTP7NKJCZYI-S
https://www.arbeitsagentur.de/jobsuche/jobdetail/11949-17214051-S,11949-17214051-S
https://www.arbeitsagentur.de/jobsuche/jobdetail/10001-1003037490-S,10001-1003037490-S
https://www.arbeitsagentur.de/jobsuche/jobdetail/18024-100BR0003ZS0G-S,18024-100BR0003ZS0G-S
https://www.arbeitsagentur.de/jobsuche/jobdetail/11949-17216331-S,11949-17216331-S
https://www.arbeitsagentur.de/jobsuche/jobdetail/10001-1003041736-S,10001-1003041736-S
https://www.arbeitsagentur.de/jobsuche/jobdetail/10001-1003034909-S,10001-1003034909-S
https://www.arbeitsagentur.de/jobsuche/jobdetail/10001-1003041277-S,10001-1003041277-S
https://www.arbeitsagentur.de/jobsuche/jobdetail/10001-1003043274-S,10001-1003043274-S
https://www.arbeitsagentur.de/jobsuche/jobdetail/12759-7G0JWIPVE48S7RR5-S,12759-7G0JWIPVE48S7RR5-S
https://www.arbeitsagentur.de/jobsuche/jobdetail/10000-1206446729-S,10000-1206446729-S
https://www.arbeitsagentur.de/jobsuche/jobdetail/12618-173722-S,12618-173722-S
https://www.arbeitsagentur.de/jobsuche/jobdetail/13999-k53401.30927-S,13999-k53401.30927-S
https://www.arbeitsagentur.de/jobsuche/jobdetail/12608-1401826-39922-1-S,12608-1401826-39922-1-S
https://www.arbeitsagentur.de/jobsuche/jobdetail/13635-11a4b0b3_JB5139771-S,13635-11a4b0b3_JB5139771-S
https://www.arbeitsagentur.de/jobsuche/jobdetail/10000-1206436964-S,10000-1206436964-S
https://www.arbeitsagentur.de/jobsuche/jobdetail/14655-2026055940515585-S,14655-2026055940515585-S
https://www.arbeitsagentur.de/jobsuche/jobdetail/11119-4804136015-S,11119-4804136015-S
https://www.arbeitsagentur.de/jobsuche/jobdetail/16291-05fa5947e22c4e8-S,16291-05fa5947e22c4e8-S
https://www.arbeitsagentur.de/jobsuche/jobdetail/10001-1003035896-S,10001-1003035896-S
https://www.arbeitsagentur.de/jobsuche/jobdetail/10000-1206449685-S,10000-1206449685-S
https://www.arbeitsagentur.de/jobsuche/jobdetail/10001-1003036854-S,10001-1003036854-S
https://www.arbeitsagentur.de/jobsuche/jobdetail/11081-KWANV0AFL5TSIW8J-S,11081-KWANV0AFL5TSIW8J-S
https://www.arbeitsagentur.de/jobsuche/jobdetail/13635-1be22d66_JB5139873-S,13635-1be22d66_JB5139873-S
https://www.arbeitsagentur.de/jobsuche/jobdetail/10001-1003037361-S,10001-1003037361-S
https://www.arbeitsagentur.de/jobsuche/jobdetail/17803-260507172806-PF1402-S,17803-260507172806-PF1402-S
https://www.arbeitsagentur.de/jobsuche/jobdetail/13334-00005f5b0b8003-S,13334-00005f5b0b8003-S
https://www.arbeitsagentur.de/jobsuche/jobdetail/12811-2248421-S,12811-2248421-S
https://www.arbeitsagentur.de/jobsuche/jobdetail/12811-2249176-S,12811-2249176-S
https://www.arbeitsagentur.de/jobsuche/jobdetail/11868-13742496-S,11868-13742496-S
https://www.arbeitsagentur.de/jobsuche/jobdetail/12086-4JG1LLEPHFHJ2P2Y-S,12086-4JG1LLEPHFHJ2P2Y-S
https://www.arbeitsagentur.de/jobsuche/jobdetail/10001-1003039792-S,10001-1003039792-S
https://www.arbeitsagentur.de/jobsuche/jobdetail/17560-74b689471a6d4ba-S,17560-74b689471a6d4ba-S
https://www.arbeitsagentur.de/jobsuche/jobdetail/13635-58c33108_JB5139914-S,13635-58c33108_JB5139914-S
https://www.arbeitsagentur.de/jobsuche/jobdetail/13643-AW_609612LS-S,13643-AW_609612LS-S
https://www.arbeitsagentur.de/jobsuche/jobdetail/14722-B8HQQP5KMSHC4ONK-S,14722-B8HQQP5KMSHC4ONK-S
https://www.arbeitsagentur.de/jobsuche/jobdetail/12811-2249008-S,12811-2249008-S
https://www.arbeitsagentur.de/jobsuche/jobdetail/17560-4e29787084e848e-S,17560-4e29787084e848e-S
https://www.arbeitsagentur.de/jobsuche/jobdetail/10000-1206436638-S,10000-1206436638-S
https://www.arbeitsagentur.de/jobsuche/jobdetail/14927-19i4i7m329e-S,14927-19i4i7m329e-S
https://www.arbeitsagentur.de/jobsuche/jobdetail/11949-17215142-S,11949-17215142-S
https://www.arbeitsagentur.de/jobsuche/jobdetail/10001-1003040756-S,10001-1003040756-S
https://www.arbeitsagentur.de/jobsuche/jobdetail/14048-23ee08fb5ea012a8-S,14048-23ee08fb5ea012a8-S
https://www.arbeitsagentur.de/jobsuche/jobdetail/10000-1206435524-S,10000-1206435524-S
https://www.arbeitsagentur.de/jobsuche/jobdetail/10001-1003039044-S,10001-1003039044-S
https://www.arbeitsagentur.de/jobsuche/jobdetail/12787-258321060526-S,12787-258321060526-S
https://www.arbeitsagentur.de/jobsuche/jobdetail/14385-620-2565660-26-S,14385-620-2565660-26-S
https://www.arbeitsagentur.de/jobsuche/jobdetail/10001-1003035462-S,10001-1003035462-S
https://www.arbeitsagentur.de/jobsuche/jobdetail/10001-1003038139-S,10001-1003038139-S
https://www.arbeitsagentur.de/jobsuche/jobdetail/14722-K9NLUSSJMMTWLWVZ-S,14722-K9NLUSSJMMTWLWVZ-S
https://www.arbeitsagentur.de/jobsuche/jobdetail/14933-444f55118b6c437-S,14933-444f55118b6c437-S
https://www.arbeitsagentur.de/jobsuche/jobdetail/10001-1003038541-S,10001-1003038541-S
https://www.arbeitsagentur.de/jobsuche/jobdetail/13280-43RVP5J30JG6MNJ1-S,13280-43RVP5J30JG6MNJ1-S
https://www.arbeitsagentur.de/jobsuche/jobdetail/10001-1003039427-S,10001-1003039427-S
https://www.arbeitsagentur.de/jobsuche/jobdetail/17560-bce91f229f154f6-S,17560-bce91f229f154f6-S
https://www.arbeitsagentur.de/jobsuche/jobdetail/16963-REF324M-0438572248-S,16963-REF324M-0438572248-S
https://www.arbeitsagentur.de/jobsuche/jobdetail/10000-1206448944-S,10000-1206448944-S
https://www.arbeitsagentur.de/jobsuche/jobdetail/12608-1401688-10341-1-S,12608-1401688-10341-1-S
https://www.arbeitsagentur.de/jobsuche/jobdetail/14722-EBBTLJBHJH2PLBIV-S,14722-EBBTLJBHJH2PLBIV-S
https://www.arbeitsagentur.de/jobsuche/jobdetail/11081-XSWOT691FIBR0E8E-S,11081-XSWOT691FIBR0E8E-S
https://www.arbeitsagentur.de/jobsuche/jobdetail/19847-GM50AV89EX2E4IBW-S,19847-GM50AV89EX2E4IBW-S
https://www.arbeitsagentur.de/jobsuche/jobdetail/10001-1003042668-S,10001-1003042668-S
https://www.arbeitsagentur.de/jobsuche/jobdetail/17592-1d9b6a619f99407-S,17592-1d9b6a619f99407-S
https://www.arbeitsagentur.de/jobsuche/jobdetail/12541-NVOITGUHVNNINHC7-S,12541-NVOITGUHVNNINHC7-S
https://www.arbeitsagentur.de/jobsuche/jobdetail/10001-1003033559-S,10001-1003033559-S
https://www.arbeitsagentur.de/jobsuche/jobdetail/17803-260507173008-ER1401-S,17803-260507173008-ER1401-S
https://www.arbeitsagentur.de/jobsuche/jobdetail/14751-417A10943-S,14751-417A10943-S
https://www.arbeitsagentur.de/jobsuche/jobdetail/11119-4804177556-S,11119-4804177556-S
https://www.arbeitsagentur.de/jobsuche/jobdetail/10001-1003040043-S,10001-1003040043-S
https://www.arbeitsagentur.de/jobsuche/jobdetail/10000-1206450117-S,10000-1206450117-S
https://www.arbeitsagentur.de/jobsuche/jobdetail/12288-4803087599-S,12288-4803087599-S
https://www.arbeitsagentur.de/jobsuche/jobdetail/10001-1003036184-S,10001-1003036184-S
https://www.arbeitsagentur.de/jobsuche/jobdetail/14385-455-2174P-26-S,14385-455-2174P-26-S
https://www.arbeitsagentur.de/jobsuche/jobdetail/18024-100PJ000VQz0S-S,18024-100PJ000VQz0S-S
https://www.arbeitsagentur.de/jobsuche/jobdetail/12122-209221-1771091-0-S,12122-209221-1771091-0-S
https://www.arbeitsagentur.de/jobsuche/jobdetail/11081-5CY6DZTT69X69GCR-S,11081-5CY6DZTT69X69GCR-S
https://www.arbeitsagentur.de/jobsuche/jobdetail/14811-00005d0973e001-S,14811-00005d0973e001-S
https://www.arbeitsagentur.de/jobsuche/jobdetail/14751-70A21991-S,14751-70A21991-S
https://www.arbeitsagentur.de/jobsuche/jobdetail/10001-1003036522-S,10001-1003036522-S
https://www.arbeitsagentur.de/jobsuche/jobdetail/10001-1003038583-S,10001-1003038583-S
https://www.arbeitsagentur.de/jobsuche/jobdetail/11119-4791129921-S,11119-4791129921-S
https://www.arbeitsagentur.de/jobsuche/jobdetail/10001-1003035532-S,10001-1003035532-S
https://www.arbeitsagentur.de/jobsuche/jobdetail/10001-1002517637-S,10001-1002517637-S
https://www.arbeitsagentur.de/jobsuche/jobdetail/14751-422A669-S,14751-422A669-S
https://www.arbeitsagentur.de/jobsuche/jobdetail/10001-1003035764-S,10001-1003035764-S
https://www.arbeitsagentur.de/jobsuche/jobdetail/11119-4791376511-S,11119-4791376511-S
https://www.arbeitsagentur.de/jobsuche/jobdetail/11119-4792418622-S,11119-4792418622-S
https://www.arbeitsagentur.de/jobsuche/jobdetail/10000-1206437107-S,10000-1206437107-S
https://www.arbeitsagentur.de/jobsuche/jobdetail/11949-17214138-S,11949-17214138-S
https://www.arbeitsagentur.de/jobsuche/jobdetail/10000-1206446134-S,10000-1206446134-S
https://www.arbeitsagentur.de/jobsuche/jobdetail/14792-QG1IOUWGO5HK088H-S,14792-QG1IOUWGO5HK088H-S
https://www.arbeitsagentur.de/jobsuche/jobdetail/10001-1003036901-S,10001-1003036901-S
https://www.arbeitsagentur.de/jobsuche/jobdetail/10001-1003039297-S,10001-1003039297-S
https://www.arbeitsagentur.de/jobsuche/jobdetail/12456-1571328-1-S,12456-1571328-1-S
https://www.arbeitsagentur.de/jobsuche/jobdetail/10001-1003036127-S,10001-1003036127-S
https://www.arbeitsagentur.de/jobsuche/jobdetail/10001-1003037194-S,10001-1003037194-S
https://www.arbeitsagentur.de/jobsuche/jobdetail/13433-1AI9G7JDUSCG1CWF-S,13433-1AI9G7JDUSCG1CWF-S
https://www.arbeitsagentur.de/jobsuche/jobdetail/14087-J76FPW5G90EHU8N8-S,14087-J76FPW5G90EHU8N8-S
https://www.arbeitsagentur.de/jobsuche/jobdetail/16819-eebdbc751e5e8cee-S,16819-eebdbc751e5e8cee-S
https://www.arbeitsagentur.de/jobsuche/jobdetail/16317-X1MQ5FNX629TV63J-S,16317-X1MQ5FNX629TV63J-S
https://www.arbeitsagentur.de/jobsuche/jobdetail/12086-ZD3BO14GKOUR99PZ-S,12086-ZD3BO14GKOUR99PZ-S
https://www.arbeitsagentur.de/jobsuche/jobdetail/10001-1003039520-S,10001-1003039520-S
https://www.arbeitsagentur.de/jobsuche/jobdetail/10001-1003037904-S,10001-1003037904-S
https://www.arbeitsagentur.de/jobsuche/jobdetail/11081-S8S2TZSA378VBYUP-S,11081-S8S2TZSA378VBYUP-S
https://www.arbeitsagentur.de/jobsuche/jobdetail/17459-k59342.7806-S,17459-k59342.7806-S
https://www.arbeitsagentur.de/jobsuche/jobdetail/16963-REF210I-7573470248-S,16963-REF210I-7573470248-S
https://www.arbeitsagentur.de/jobsuche/jobdetail/14722-JI2FBJ9ONEM7N2AX-S,14722-JI2FBJ9ONEM7N2AX-S
https://www.arbeitsagentur.de/jobsuche/jobdetail/10001-1003039880-S,10001-1003039880-S
https://www.arbeitsagentur.de/jobsuche/jobdetail/11949-17216305-S,11949-17216305-S
https://www.arbeitsagentur.de/jobsuche/jobdetail/10001-1003041922-S,10001-1003041922-S
https://www.arbeitsagentur.de/jobsuche/jobdetail/18024-100PJ000VZ008-S,18024-100PJ000VZ008-S
https://www.arbeitsagentur.de/jobsuche/jobdetail/12513-0007639493-S,12513-0007639493-S
https://www.arbeitsagentur.de/jobsuche/jobdetail/10000-1206439859-S,10000-1206439859-S
https://www.arbeitsagentur.de/jobsuche/jobdetail/10001-1003035900-S,10001-1003035900-S
https://www.arbeitsagentur.de/jobsuche/jobdetail/10000-1206448756-S,10000-1206448756-S
https://www.arbeitsagentur.de/jobsuche/jobdetail/10001-1003036315-S,10001-1003036315-S
https://www.arbeitsagentur.de/jobsuche/jobdetail/10001-1003041127-S,10001-1003041127-S
https://www.arbeitsagentur.de/jobsuche/jobdetail/18384-A3OM3IPZY8MA5XBN-S,18384-A3OM3IPZY8MA5XBN-S
https://www.arbeitsagentur.de/jobsuche/jobdetail/10001-1003036007-S,10001-1003036007-S
https://www.arbeitsagentur.de/jobsuche/jobdetail/12407-P1SPFIHRQXIM4UKZ-S,12407-P1SPFIHRQXIM4UKZ-S
https://www.arbeitsagentur.de/jobsuche/jobdetail/12811-2248771-S,12811-2248771-S
https://www.arbeitsagentur.de/jobsuche/jobdetail/13635-cc7a4a8c_JB5139876-S,13635-cc7a4a8c_JB5139876-S
https://www.arbeitsagentur.de/jobsuche/jobdetail/17139-k58747.2375-S,17139-k58747.2375-S
https://www.arbeitsagentur.de/jobsuche/jobdetail/11949-17215866-S,11949-17215866-S
https://www.arbeitsagentur.de/jobsuche/jobdetail/12811-2249043-S,12811-2249043-S
https://www.arbeitsagentur.de/jobsuche/jobdetail/13356-109526A47889C7-S,13356-109526A47889C7-S
https://www.arbeitsagentur.de/jobsuche/jobdetail/10000-1206434742-S,10000-1206434742-S
https://www.arbeitsagentur.de/jobsuche/jobdetail/10001-1003042188-S,10001-1003042188-S
https://www.arbeitsagentur.de/jobsuche/jobdetail/14751-417A10905-S,14751-417A10905-S
https://www.arbeitsagentur.de/jobsuche/jobdetail/10001-1003036166-S,10001-1003036166-S
https://www.arbeitsagentur.de/jobsuche/jobdetail/13270-2026-00003379-1-S,13270-2026-00003379-1-S
https://www.arbeitsagentur.de/jobsuche/jobdetail/11949-17215798-S,11949-17215798-S
https://www.arbeitsagentur.de/jobsuche/jobdetail/17803-260507172937-OA1425-S,17803-260507172937-OA1425-S
https://www.arbeitsagentur.de/jobsuche/jobdetail/11119-4803037374-S,11119-4803037374-S
https://www.arbeitsagentur.de/jobsuche/jobdetail/16569-0064610053-S,16569-0064610053-S
https://www.arbeitsagentur.de/jobsuche/jobdetail/11119-4804139877-S,11119-4804139877-S
https://www.arbeitsagentur.de/jobsuche/jobdetail/16291-a07aa72a28324b4-S,16291-a07aa72a28324b4-S
https://www.arbeitsagentur.de/jobsuche/jobdetail/14751-437A324-S,14751-437A324-S
https://www.arbeitsagentur.de/jobsuche/jobdetail/13635-16d5a6b0_JB5140566-S,13635-16d5a6b0_JB5140566-S
https://www.arbeitsagentur.de/jobsuche/jobdetail/10001-1003033316-S,10001-1003033316-S
https://www.arbeitsagentur.de/jobsuche/jobdetail/17560-7495716d11b74c4-S,17560-7495716d11b74c4-S
https://www.arbeitsagentur.de/jobsuche/jobdetail/18024-100PJ000VVF0J-S,18024-100PJ000VVF0J-S
https://www.arbeitsagentur.de/jobsuche/jobdetail/14751-272A544-S,14751-272A544-S
https://www.arbeitsagentur.de/jobsuche/jobdetail/10001-1003038848-S,10001-1003038848-S
https://www.arbeitsagentur.de/jobsuche/jobdetail/11081-W6ON644E31OB26AQ-S,11081-W6ON644E31OB26AQ-S
https://www.arbeitsagentur.de/jobsuche/jobdetail/12608-1401805-10003-1-S,12608-1401805-10003-1-S
https://www.arbeitsagentur.de/jobsuche/jobdetail/11949-17216108-S,11949-17216108-S
https://www.arbeitsagentur.de/jobsuche/jobdetail/12122-209147-1771115-0-S,12122-209147-1771115-0-S
https://www.arbeitsagentur.de/jobsuche/jobdetail/12906-206A1311-S,12906-206A1311-S
https://www.arbeitsagentur.de/jobsuche/jobdetail/14661-f7ca254332ce492-S,14661-f7ca254332ce492-S
https://www.arbeitsagentur.de/jobsuche/jobdetail/17803-260506170748-PF1317-S,17803-260506170748-PF1317-S
https://www.arbeitsagentur.de/jobsuche/jobdetail/12209-13743270-S,12209-13743270-S
https://www.arbeitsagentur.de/jobsuche/jobdetail/11119-4804150250-S,11119-4804150250-S
https://www.arbeitsagentur.de/jobsuche/jobdetail/13356-101823A47688C1-S,13356-101823A47688C1-S
https://www.arbeitsagentur.de/jobsuche/jobdetail/11081-0DPBPT87HGPBFRD3-S,11081-0DPBPT87HGPBFRD3-S
https://www.arbeitsagentur.de/jobsuche/jobdetail/12787-258251050526-S,12787-258251050526-S
https://www.arbeitsagentur.de/jobsuche/jobdetail/11949-17215419-S,11949-17215419-S
https://www.arbeitsagentur.de/jobsuche/jobdetail/12162-S3VF3F70CL12QXIN-S,12162-S3VF3F70CL12QXIN-S
https://www.arbeitsagentur.de/jobsuche/jobdetail/11119-4804188573-S,11119-4804188573-S
https://www.arbeitsagentur.de/jobsuche/jobdetail/10001-1003042937-S,10001-1003042937-S
https://www.arbeitsagentur.de/jobsuche/jobdetail/11119-4803831505-S,11119-4803831505-S
https://www.arbeitsagentur.de/jobsuche/jobdetail/14385-446-2565447-26-S,14385-446-2565447-26-S
https://www.arbeitsagentur.de/jobsuche/jobdetail/10001-1003041712-S,10001-1003041712-S
https://www.arbeitsagentur.de/jobsuche/jobdetail/10001-1003043211-S,10001-1003043211-S
https://www.arbeitsagentur.de/jobsuche/jobdetail/14722-X6YF4L54THHLG7JX-S,14722-X6YF4L54THHLG7JX-S
https://www.arbeitsagentur.de/jobsuche/jobdetail/13334-00005f643ce001-S,13334-00005f643ce001-S
https://www.arbeitsagentur.de/jobsuche/jobdetail/16465-k58186.6089-S,16465-k58186.6089-S
https://www.arbeitsagentur.de/jobsuche/jobdetail/10001-1003039294-S,10001-1003039294-S
https://www.arbeitsagentur.de/jobsuche/jobdetail/10001-1003035893-S,10001-1003035893-S
https://www.arbeitsagentur.de/jobsuche/jobdetail/12129-4804185373-S,12129-4804185373-S
https://www.arbeitsagentur.de/jobsuche/jobdetail/10000-1206431864-S,10000-1206431864-S
https://www.arbeitsagentur.de/jobsuche/jobdetail/13270-2026-00003593-1-S,13270-2026-00003593-1-S
https://www.arbeitsagentur.de/jobsuche/jobdetail/12704-WQP1SRJYWB55IB38-S,12704-WQP1SRJYWB55IB38-S
https://www.arbeitsagentur.de/jobsuche/jobdetail/13635-7ed47aa4_JB5139901-S,13635-7ed47aa4_JB5139901-S
https://www.arbeitsagentur.de/jobsuche/jobdetail/11119-4803004468-S,11119-4803004468-S
https://www.arbeitsagentur.de/jobsuche/jobdetail/10001-1003040737-S,10001-1003040737-S
https://www.arbeitsagentur.de/jobsuche/jobdetail/14792-JL3BYVIT8VPUFVSG-S,14792-JL3BYVIT8VPUFVSG-S
https://www.arbeitsagentur.de/jobsuche/jobdetail/11949-17213542-S,11949-17213542-S
https://www.arbeitsagentur.de/jobsuche/jobdetail/10000-1206444976-S,10000-1206444976-S
https://www.arbeitsagentur.de/jobsuche/jobdetail/14795-66437_118839-S,14795-66437_118839-S
https://www.arbeitsagentur.de/jobsuche/jobdetail/14087-UXKIS8OEC8K1PJG4-S,14087-UXKIS8OEC8K1PJG4-S
https://www.arbeitsagentur.de/jobsuche/jobdetail/17803-260507173044-AF1409-S,17803-260507173044-AF1409-S
https://www.arbeitsagentur.de/jobsuche/jobdetail/10001-1003035512-S,10001-1003035512-S
https://www.arbeitsagentur.de/jobsuche/jobdetail/15937-k55805.115278-S,15937-k55805.115278-S
https://www.arbeitsagentur.de/jobsuche/jobdetail/11119-4804140795-S,11119-4804140795-S
https://www.arbeitsagentur.de/jobsuche/jobdetail/11081-QLU2J8RDEGZOZ30Q-S,11081-QLU2J8RDEGZOZ30Q-S
https://www.arbeitsagentur.de/jobsuche/jobdetail/10001-1003039544-S,10001-1003039544-S
https://www.arbeitsagentur.de/jobsuche/jobdetail/14087-1EXFQ7VXEN424XCQ-S,14087-1EXFQ7VXEN424XCQ-S
https://www.arbeitsagentur.de/jobsuche/jobdetail/10001-1003036782-S,10001-1003036782-S
https://www.arbeitsagentur.de/jobsuche/jobdetail/10001-1003039643-S,10001-1003039643-S
https://www.arbeitsagentur.de/jobsuche/jobdetail/10001-1003037185-S,10001-1003037185-S
https://www.arbeitsagentur.de/jobsuche/jobdetail/11119-4804138270-S,11119-4804138270-S
https://www.arbeitsagentur.de/jobsuche/jobdetail/18248-O9WA8TSHKY6XIPVX-S,18248-O9WA8TSHKY6XIPVX-S
https://www.arbeitsagentur.de/jobsuche/jobdetail/10001-1003036377-S,10001-1003036377-S
https://www.arbeitsagentur.de/jobsuche/jobdetail/13356-105550A47140C5-S,13356-105550A47140C5-S
https://www.arbeitsagentur.de/jobsuche/jobdetail/10001-1003036060-S,10001-1003036060-S
https://www.arbeitsagentur.de/jobsuche/jobdetail/10000-1206431925-S,10000-1206431925-S
https://www.arbeitsagentur.de/jobsuche/jobdetail/10001-1003041218-S,10001-1003041218-S
https://www.arbeitsagentur.de/jobsuche/jobdetail/11949-17216484-S,11949-17216484-S
https://www.arbeitsagentur.de/jobsuche/jobdetail/12086-D5V8SY7GGZIVIUMT-S,12086-D5V8SY7GGZIVIUMT-S
https://www.arbeitsagentur.de/jobsuche/jobdetail/13525-k45548.3515-S,13525-k45548.3515-S
https://www.arbeitsagentur.de/jobsuche/jobdetail/10001-1003042043-S,10001-1003042043-S
https://www.arbeitsagentur.de/jobsuche/jobdetail/11119-4791110066-S,11119-4791110066-S
https://www.arbeitsagentur.de/jobsuche/jobdetail/11949-17216306-S,11949-17216306-S
https://www.arbeitsagentur.de/jobsuche/jobdetail/12632-1bf155a1_JB5139946-S,12632-1bf155a1_JB5139946-S
https://www.arbeitsagentur.de/jobsuche/jobdetail/11119-4804127964-S,11119-4804127964-S
https://www.arbeitsagentur.de/jobsuche/jobdetail/11119-4791109845-S,11119-4791109845-S
https://www.arbeitsagentur.de/jobsuche/jobdetail/17803-260507172901-PS1419-S,17803-260507172901-PS1419-S
https://www.arbeitsagentur.de/jobsuche/jobdetail/12210-9bf7b510d8fb4b1-S,12210-9bf7b510d8fb4b1-S
https://www.arbeitsagentur.de/jobsuche/jobdetail/10001-1003041781-S,10001-1003041781-S
https://www.arbeitsagentur.de/jobsuche/jobdetail/11949-17215470-S,11949-17215470-S
https://www.arbeitsagentur.de/jobsuche/jobdetail/11081-EG0QP2LY9VK9QCLZ-S,11081-EG0QP2LY9VK9QCLZ-S
https://www.arbeitsagentur.de/jobsuche/jobdetail/14751-70A22023-S,14751-70A22023-S
https://www.arbeitsagentur.de/jobsuche/jobdetail/12288-4803140179-S,12288-4803140179-S
https://www.arbeitsagentur.de/jobsuche/jobdetail/12288-4804123010-S,12288-4804123010-S
https://www.arbeitsagentur.de/jobsuche/jobdetail/11119-4792487557-S,11119-4792487557-S
https://www.arbeitsagentur.de/jobsuche/jobdetail/12032-RG2C7G2F1-S,12032-RG2C7G2F1-S
https://www.arbeitsagentur.de/jobsuche/jobdetail/12122-208780-1770930-0-S,12122-208780-1770930-0-S
https://www.arbeitsagentur.de/jobsuche/jobdetail/11949-17216679-S,11949-17216679-S
https://www.arbeitsagentur.de/jobsuche/jobdetail/11949-17214991-S,11949-17214991-S
https://www.arbeitsagentur.de/jobsuche/jobdetail/10001-1003040856-S,10001-1003040856-S
https://www.arbeitsagentur.de/jobsuche/jobdetail/10001-1003043221-S,10001-1003043221-S
https://www.arbeitsagentur.de/jobsuche/jobdetail/12811-2249241-S,12811-2249241-S
https://www.arbeitsagentur.de/jobsuche/jobdetail/20099-109-1771074-0-S,20099-109-1771074-0-S
https://www.arbeitsagentur.de/jobsuche/jobdetail/12739-CN0LZRYYN10MBGHH-S,12739-CN0LZRYYN10MBGHH-S
https://www.arbeitsagentur.de/jobsuche/jobdetail/10001-1003039082-S,10001-1003039082-S
https://www.arbeitsagentur.de/jobsuche/jobdetail/18594-fb7b0e27790de79e-S,18594-fb7b0e27790de79e-S
https://www.arbeitsagentur.de/jobsuche/jobdetail/11949-17214402-S,11949-17214402-S
https://www.arbeitsagentur.de/jobsuche/jobdetail/11949-17216579-S,11949-17216579-S
https://www.arbeitsagentur.de/jobsuche/jobdetail/10001-1003039171-S,10001-1003039171-S
https://www.arbeitsagentur.de/jobsuche/jobdetail/10001-1003037195-S,10001-1003037195-S
https://www.arbeitsagentur.de/jobsuche/jobdetail/10000-1206444703-S,10000-1206444703-S
https://www.arbeitsagentur.de/jobsuche/jobdetail/18024-100PC000ACC28-S,18024-100PC000ACC28-S
https://www.arbeitsagentur.de/jobsuche/jobdetail/11949-17175686-S,11949-17175686-S
https://www.arbeitsagentur.de/jobsuche/jobdetail/13635-a865442d_JB5139827-S,13635-a865442d_JB5139827-S
https://www.arbeitsagentur.de/jobsuche/jobdetail/14751-70A22067-S,14751-70A22067-S
https://www.arbeitsagentur.de/jobsuche/jobdetail/12811-2249369-S,12811-2249369-S
https://www.arbeitsagentur.de/jobsuche/jobdetail/11864-R88IC7S22IFXK8W4-S,11864-R88IC7S22IFXK8W4-S
https://www.arbeitsagentur.de/jobsuche/jobdetail/11119-4802997283-S,11119-4802997283-S
https://www.arbeitsagentur.de/jobsuche/jobdetail/10001-1003034036-S,10001-1003034036-S
https://www.arbeitsagentur.de/jobsuche/jobdetail/11949-17216184-S,11949-17216184-S
https://www.arbeitsagentur.de/jobsuche/jobdetail/13398-k12330.30219-S,13398-k12330.30219-S
https://www.arbeitsagentur.de/jobsuche/jobdetail/15518-KA8LNCL2MCCGLJA0-S,15518-KA8LNCL2MCCGLJA0-S
https://www.arbeitsagentur.de/jobsuche/jobdetail/10001-1003030764-S,10001-1003030764-S
https://www.arbeitsagentur.de/jobsuche/jobdetail/12826-SA0135525_JB5140613-S,12826-SA0135525_JB5140613-S
https://www.arbeitsagentur.de/jobsuche/jobdetail/11119-4792467090-S,11119-4792467090-S
https://www.arbeitsagentur.de/jobsuche/jobdetail/11949-17214696-S,11949-17214696-S
https://www.arbeitsagentur.de/jobsuche/jobdetail/12704-OE992HQOUNECJ8DY-S,12704-OE992HQOUNECJ8DY-S
https://www.arbeitsagentur.de/jobsuche/jobdetail/13635-4e6ce171_JB5140122-S,13635-4e6ce171_JB5140122-S
https://www.arbeitsagentur.de/jobsuche/jobdetail/10000-1206414761-S,10000-1206414761-S
https://www.arbeitsagentur.de/jobsuche/jobdetail/14927-1rew6etd10h-S,14927-1rew6etd10h-S
https://www.arbeitsagentur.de/jobsuche/jobdetail/14751-373A92778-S,14751-373A92778-S
https://www.arbeitsagentur.de/jobsuche/jobdetail/10000-1206447436-S,10000-1206447436-S
https://www.arbeitsagentur.de/jobsuche/jobdetail/13359-j105S19517-49762-S,13359-j105S19517-49762-S
https://www.arbeitsagentur.de/jobsuche/jobdetail/18024-1002X000QSE0L-S,18024-1002X000QSE0L-S
https://www.arbeitsagentur.de/jobsuche/jobdetail/17724-5TVN4C9SSBR7MIHD-S,17724-5TVN4C9SSBR7MIHD-S
https://www.arbeitsagentur.de/jobsuche/jobdetail/16291-1bb1e6e04b924bd-S,16291-1bb1e6e04b924bd-S
https://www.arbeitsagentur.de/jobsuche/jobdetail/12739-020GZICS0W5SARPQ-S,12739-020GZICS0W5SARPQ-S
https://www.arbeitsagentur.de/jobsuche/jobdetail/10000-1206439917-S,10000-1206439917-S
https://www.arbeitsagentur.de/jobsuche/jobdetail/12811-2249167-S,12811-2249167-S
https://www.arbeitsagentur.de/jobsuche/jobdetail/12456-1571566-1-S,12456-1571566-1-S
https://www.arbeitsagentur.de/jobsuche/jobdetail/13635-e76b9c59_JB5140129-S,13635-e76b9c59_JB5140129-S
https://www.arbeitsagentur.de/jobsuche/jobdetail/11119-4803023082-S,11119-4803023082-S
https://www.arbeitsagentur.de/jobsuche/jobdetail/12288-4803198754-S,12288-4803198754-S
https://www.arbeitsagentur.de/jobsuche/jobdetail/14751-437A346-S,14751-437A346-S
https://www.arbeitsagentur.de/jobsuche/jobdetail/11119-4804162058-S,11119-4804162058-S
https://www.arbeitsagentur.de/jobsuche/jobdetail/10000-1206442010-S,10000-1206442010-S
https://www.arbeitsagentur.de/jobsuche/jobdetail/10000-1206444524-S,10000-1206444524-S
https://www.arbeitsagentur.de/jobsuche/jobdetail/10001-1003039184-S,10001-1003039184-S
https://www.arbeitsagentur.de/jobsuche/jobdetail/14751-22A51680-S,14751-22A51680-S
https://www.arbeitsagentur.de/jobsuche/jobdetail/14585-9ZCLCAK8N5IEV380-S,14585-9ZCLCAK8N5IEV380-S
https://www.arbeitsagentur.de/jobsuche/jobdetail/11868-13742771-S,11868-13742771-S
https://www.arbeitsagentur.de/jobsuche/jobdetail/13027-UQO8B9G0XVSMS1TA-S,13027-UQO8B9G0XVSMS1TA-S
https://www.arbeitsagentur.de/jobsuche/jobdetail/10001-1003039439-S,10001-1003039439-S
https://www.arbeitsagentur.de/jobsuche/jobdetail/10001-1003033420-S,10001-1003033420-S
https://www.arbeitsagentur.de/jobsuche/jobdetail/11949-17212195-S,11949-17212195-S
https://www.arbeitsagentur.de/jobsuche/jobdetail/18024-100PJ000VVS0D-S,18024-100PJ000VVS0D-S
https://www.arbeitsagentur.de/jobsuche/jobdetail/14792-93VI4RAOY8PAEWEF-S,14792-93VI4RAOY8PAEWEF-S
https://www.arbeitsagentur.de/jobsuche/jobdetail/10001-1003035514-S,10001-1003035514-S
https://www.arbeitsagentur.de/jobsuche/jobdetail/18024-100PC000ASi1n-S,18024-100PC000ASi1n-S
https://www.arbeitsagentur.de/jobsuche/jobdetail/12122-209166-1770959-0-S,12122-209166-1770959-0-S
https://www.arbeitsagentur.de/jobsuche/jobdetail/14977-k62635.1215-S,14977-k62635.1215-S
https://www.arbeitsagentur.de/jobsuche/jobdetail/10001-1003037920-S,10001-1003037920-S
https://www.arbeitsagentur.de/jobsuche/jobdetail/17489-9d80f3fa0e5d40c-S,17489-9d80f3fa0e5d40c-S
https://www.arbeitsagentur.de/jobsuche/jobdetail/10001-1003036635-S,10001-1003036635-S
https://www.arbeitsagentur.de/jobsuche/jobdetail/10001-1003041804-S,10001-1003041804-S
https://www.arbeitsagentur.de/jobsuche/jobdetail/11949-17215140-S,11949-17215140-S
https://www.arbeitsagentur.de/jobsuche/jobdetail/11949-17213716-S,11949-17213716-S
https://www.arbeitsagentur.de/jobsuche/jobdetail/14795-66951_118923-S,14795-66951_118923-S
https://www.arbeitsagentur.de/jobsuche/jobdetail/10001-1003041037-S,10001-1003041037-S
https://www.arbeitsagentur.de/jobsuche/jobdetail/13635-711f7d13_JB5140463-S,13635-711f7d13_JB5140463-S
https://www.arbeitsagentur.de/jobsuche/jobdetail/15690-8TIEMJ7UDOPP2SM9-S,15690-8TIEMJ7UDOPP2SM9-S
https://www.arbeitsagentur.de/jobsuche/jobdetail/11864-W2TZX6MLQQNGKEP9-S,11864-W2TZX6MLQQNGKEP9-S
https://www.arbeitsagentur.de/jobsuche/jobdetail/17018-44160754-56-S,17018-44160754-56-S
https://www.arbeitsagentur.de/jobsuche/jobdetail/10001-1003035499-S,10001-1003035499-S
https://www.arbeitsagentur.de/jobsuche/jobdetail/14271-1408989-3-S,14271-1408989-3-S
https://www.arbeitsagentur.de/jobsuche/jobdetail/11949-17213373-S,11949-17213373-S
https://www.arbeitsagentur.de/jobsuche/jobdetail/17489-3c1068ce0e7c481-S,17489-3c1068ce0e7c481-S
https://www.arbeitsagentur.de/jobsuche/jobdetail/10001-1003042776-S,10001-1003042776-S
https://www.arbeitsagentur.de/jobsuche/jobdetail/10000-1206450420-S,10000-1206450420-S
https://www.arbeitsagentur.de/jobsuche/jobdetail/17803-260507172901-PS1420-S,17803-260507172901-PS1420-S
https://www.arbeitsagentur.de/jobsuche/jobdetail/12288-4803155667-S,12288-4803155667-S
https://www.arbeitsagentur.de/jobsuche/jobdetail/10000-1206435175-S,10000-1206435175-S
https://www.arbeitsagentur.de/jobsuche/jobdetail/13424-W1BEMU2TCZWW2T71-S,13424-W1BEMU2TCZWW2T71-S
https://www.arbeitsagentur.de/jobsuche/jobdetail/11119-4791110079-S,11119-4791110079-S
https://www.arbeitsagentur.de/jobsuche/jobdetail/14927-1ocv5oflvpz-S,14927-1ocv5oflvpz-S
https://www.arbeitsagentur.de/jobsuche/jobdetail/10000-1206435758-S,10000-1206435758-S
https://www.arbeitsagentur.de/jobsuche/jobdetail/11119-4804127011-S,11119-4804127011-S
https://www.arbeitsagentur.de/jobsuche/jobdetail/11949-17215364-S,11949-17215364-S
https://www.arbeitsagentur.de/jobsuche/jobdetail/11949-17215271-S,11949-17215271-S
https://www.arbeitsagentur.de/jobsuche/jobdetail/11119-4804127473-S,11119-4804127473-S
https://www.arbeitsagentur.de/jobsuche/jobdetail/10001-1003038256-S,10001-1003038256-S
https://www.arbeitsagentur.de/jobsuche/jobdetail/17803-260507173152-AH1402-S,17803-260507173152-AH1402-S
https://www.arbeitsagentur.de/jobsuche/jobdetail/11119-4803148966-S,11119-4803148966-S
https://www.arbeitsagentur.de/jobsuche/jobdetail/13635-fba6d2fb_JB5139889-S,13635-fba6d2fb_JB5139889-S
https://www.arbeitsagentur.de/jobsuche/jobdetail/12086-0SAH546WU3AVD4F8-S,12086-0SAH546WU3AVD4F8-S
https://www.arbeitsagentur.de/jobsuche/jobdetail/14617-k61089.1770-S,14617-k61089.1770-S
https://www.arbeitsagentur.de/jobsuche/jobdetail/10001-1003039529-S,10001-1003039529-S
https://www.arbeitsagentur.de/jobsuche/jobdetail/10001-1003040604-S,10001-1003040604-S
https://www.arbeitsagentur.de/jobsuche/jobdetail/10001-1003042921-S,10001-1003042921-S
https://www.arbeitsagentur.de/jobsuche/jobdetail/11949-17214067-S,11949-17214067-S
https://www.arbeitsagentur.de/jobsuche/jobdetail/10000-1206440027-S,10000-1206440027-S
https://www.arbeitsagentur.de/jobsuche/jobdetail/13635-8d0f97cd_JB5140126-S,13635-8d0f97cd_JB5140126-S
https://www.arbeitsagentur.de/jobsuche/jobdetail/10001-1003043081-S,10001-1003043081-S
https://www.arbeitsagentur.de/jobsuche/jobdetail/12456-1570798-1-S,12456-1570798-1-S
https://www.arbeitsagentur.de/jobsuche/jobdetail/11949-17214979-S,11949-17214979-S
https://www.arbeitsagentur.de/jobsuche/jobdetail/14332-00002f2a302001-S,14332-00002f2a302001-S
https://www.arbeitsagentur.de/jobsuche/jobdetail/12147-20260507219354-S,12147-20260507219354-S
https://www.arbeitsagentur.de/jobsuche/jobdetail/10001-1003040226-S,10001-1003040226-S
https://www.arbeitsagentur.de/jobsuche/jobdetail/14751-417A10942-S,14751-417A10942-S
https://www.arbeitsagentur.de/jobsuche/jobdetail/11119-4803021195-S,11119-4803021195-S
https://www.arbeitsagentur.de/jobsuche/jobdetail/11119-4804205574-S,11119-4804205574-S
https://www.arbeitsagentur.de/jobsuche/jobdetail/10001-1003035773-S,10001-1003035773-S
https://www.arbeitsagentur.de/jobsuche/jobdetail/18024-100PJ000VVO0H-S,18024-100PJ000VVO0H-S
https://www.arbeitsagentur.de/jobsuche/jobdetail/10000-1206439949-S,10000-1206439949-S
https://www.arbeitsagentur.de/jobsuche/jobdetail/17803-260506171043-AF1303-S,17803-260506171043-AF1303-S
https://www.arbeitsagentur.de/jobsuche/jobdetail/17803-260507172937-OA1402-S,17803-260507172937-OA1402-S
https://www.arbeitsagentur.de/jobsuche/jobdetail/11864-HKHBK9UTQ15GWQJZ-S,11864-HKHBK9UTQ15GWQJZ-S
https://www.arbeitsagentur.de/jobsuche/jobdetail/11119-4804180662-S,11119-4804180662-S
https://www.arbeitsagentur.de/jobsuche/jobdetail/10001-1003040920-S,10001-1003040920-S
https://www.arbeitsagentur.de/jobsuche/jobdetail/11081-ENW53JDU6PX4G8HB-S,11081-ENW53JDU6PX4G8HB-S
https://www.arbeitsagentur.de/jobsuche/jobdetail/19997-WOBD8SA4NI9OHF40-S,19997-WOBD8SA4NI9OHF40-S
https://www.arbeitsagentur.de/jobsuche/jobdetail/10001-1003040246-S,10001-1003040246-S
https://www.arbeitsagentur.de/jobsuche/jobdetail/12288-4803095108-S,12288-4803095108-S
https://www.arbeitsagentur.de/jobsuche/jobdetail/18024-100BR0003NE3H-S,18024-100BR0003NE3H-S
https://www.arbeitsagentur.de/jobsuche/jobdetail/10001-1003039703-S,10001-1003039703-S
https://www.arbeitsagentur.de/jobsuche/jobdetail/16963-REF312L-7380883248-S,16963-REF312L-7380883248-S
https://www.arbeitsagentur.de/jobsuche/jobdetail/12811-2248084-S,12811-2248084-S
https://www.arbeitsagentur.de/jobsuche/jobdetail/12288-4803100117-S,12288-4803100117-S
https://www.arbeitsagentur.de/jobsuche/jobdetail/11852-944079611-S,11852-944079611-S
https://www.arbeitsagentur.de/jobsuche/jobdetail/14751-373A97241-S,14751-373A97241-S
https://www.arbeitsagentur.de/jobsuche/jobdetail/12287-JOB-284457-S,12287-JOB-284457-S
https://www.arbeitsagentur.de/jobsuche/jobdetail/10001-1003034535-S,10001-1003034535-S
https://www.arbeitsagentur.de/jobsuche/jobdetail/10001-1003041112-S,10001-1003041112-S
https://www.arbeitsagentur.de/jobsuche/jobdetail/13635-b0b6d91e_JB5140438-S,13635-b0b6d91e_JB5140438-S
https://www.arbeitsagentur.de/jobsuche/jobdetail/11949-17214968-S,11949-17214968-S
https://www.arbeitsagentur.de/jobsuche/jobdetail/13669-27835NRTWY97PUK0-S,13669-27835NRTWY97PUK0-S
https://www.arbeitsagentur.de/jobsuche/jobdetail/18024-1002X000QQ50X-S,18024-1002X000QQ50X-S
https://www.arbeitsagentur.de/jobsuche/jobdetail/10001-1003037628-S,10001-1003037628-S
https://www.arbeitsagentur.de/jobsuche/jobdetail/20804-668_0-S,20804-668_0-S
https://www.arbeitsagentur.de/jobsuche/jobdetail/11949-17215457-S,11949-17215457-S
https://www.arbeitsagentur.de/jobsuche/jobdetail/15631-T12ATV2NEOR7EWK2-S,15631-T12ATV2NEOR7EWK2-S
https://www.arbeitsagentur.de/jobsuche/jobdetail/10001-1003038355-S,10001-1003038355-S
https://www.arbeitsagentur.de/jobsuche/jobdetail/14014-13743368-S,14014-13743368-S
https://www.arbeitsagentur.de/jobsuche/jobdetail/14795-67136_118875-S,14795-67136_118875-S
https://www.arbeitsagentur.de/jobsuche/jobdetail/12288-4803135577-S,12288-4803135577-S
https://www.arbeitsagentur.de/jobsuche/jobdetail/16291-35752dcbf54847b-S,16291-35752dcbf54847b-S
https://www.arbeitsagentur.de/jobsuche/jobdetail/10001-1003042777-S,10001-1003042777-S
https://www.arbeitsagentur.de/jobsuche/jobdetail/13270-2026-00003541-1-S,13270-2026-00003541-1-S
https://www.arbeitsagentur.de/jobsuche/jobdetail/12811-2249233-S,12811-2249233-S
https://www.arbeitsagentur.de/jobsuche/jobdetail/10001-1003036016-S,10001-1003036016-S
https://www.arbeitsagentur.de/jobsuche/jobdetail/13433-19POM8JMC9WHTLBT-S,13433-19POM8JMC9WHTLBT-S
https://www.arbeitsagentur.de/jobsuche/jobdetail/12811-2249006-S,12811-2249006-S
https://www.arbeitsagentur.de/jobsuche/jobdetail/14751-70A21993-S,14751-70A21993-S
https://www.arbeitsagentur.de/jobsuche/jobdetail/11949-17215331-S,11949-17215331-S
https://www.arbeitsagentur.de/jobsuche/jobdetail/16963-REF286A-9969501248-S,16963-REF286A-9969501248-S
https://www.arbeitsagentur.de/jobsuche/jobdetail/15576-2248733-S,15576-2248733-S
https://www.arbeitsagentur.de/jobsuche/jobdetail/12456-1571053-1-S,12456-1571053-1-S
https://www.arbeitsagentur.de/jobsuche/jobdetail/14614-13742523-S,14614-13742523-S
https://www.arbeitsagentur.de/jobsuche/jobdetail/12122-209133-1770895-0-S,12122-209133-1770895-0-S
https://www.arbeitsagentur.de/jobsuche/jobdetail/16314-PPT2U9KZ62KRBR3B-S,16314-PPT2U9KZ62KRBR3B-S
https://www.arbeitsagentur.de/jobsuche/jobdetail/11949-17214863-S,11949-17214863-S
https://www.arbeitsagentur.de/jobsuche/jobdetail/11119-4792405374-S,11119-4792405374-S
https://www.arbeitsagentur.de/jobsuche/jobdetail/11949-17215275-S,11949-17215275-S
https://www.arbeitsagentur.de/jobsuche/jobdetail/18024-1002X000QEf0e-S,18024-1002X000QEf0e-S
https://www.arbeitsagentur.de/jobsuche/jobdetail/11119-4803042460-S,11119-4803042460-S
https://www.arbeitsagentur.de/jobsuche/jobdetail/14751-437A335-S,14751-437A335-S
https://www.arbeitsagentur.de/jobsuche/jobdetail/10001-1003040271-S,10001-1003040271-S
https://www.arbeitsagentur.de/jobsuche/jobdetail/13292-0B2LBDIPDEWNQ399-S,13292-0B2LBDIPDEWNQ399-S
https://www.arbeitsagentur.de/jobsuche/jobdetail/10001-1003042853-S,10001-1003042853-S
https://www.arbeitsagentur.de/jobsuche/jobdetail/12122-209121-1770947-0-S,12122-209121-1770947-0-S
https://www.arbeitsagentur.de/jobsuche/jobdetail/13635-3abb5752_JB5139829-S,13635-3abb5752_JB5139829-S
https://www.arbeitsagentur.de/jobsuche/jobdetail/15015-19589-1770917-0-S,15015-19589-1770917-0-S
https://www.arbeitsagentur.de/jobsuche/jobdetail/10001-1003036707-S,10001-1003036707-S
https://www.arbeitsagentur.de/jobsuche/jobdetail/10001-1003037546-S,10001-1003037546-S
https://www.arbeitsagentur.de/jobsuche/jobdetail/11119-4803114422-S,11119-4803114422-S
https://www.arbeitsagentur.de/jobsuche/jobdetail/11868-13743025-S,11868-13743025-S
https://www.arbeitsagentur.de/jobsuche/jobdetail/17803-260507173118-HE1404-S,17803-260507173118-HE1404-S
https://www.arbeitsagentur.de/jobsuche/jobdetail/13635-ee5aef08_JB5140226-S,13635-ee5aef08_JB5140226-S
https://www.arbeitsagentur.de/jobsuche/jobdetail/10001-1003036454-S,10001-1003036454-S
https://www.arbeitsagentur.de/jobsuche/jobdetail/11949-17215637-S,11949-17215637-S
https://www.arbeitsagentur.de/jobsuche/jobdetail/13356-101571A48145C6-S,13356-101571A48145C6-S
https://www.arbeitsagentur.de/jobsuche/jobdetail/12287-JOB-22928-S,12287-JOB-22928-S
https://www.arbeitsagentur.de/jobsuche/jobdetail/10001-1003040473-S,10001-1003040473-S
https://www.arbeitsagentur.de/jobsuche/jobdetail/10001-1003036941-S,10001-1003036941-S
https://www.arbeitsagentur.de/jobsuche/jobdetail/16963-REF382B-5609585248-S,16963-REF382B-5609585248-S
https://www.arbeitsagentur.de/jobsuche/jobdetail/12288-4803147949-S,12288-4803147949-S
https://www.arbeitsagentur.de/jobsuche/jobdetail/13635-f2c1918c_JB5140427-S,13635-f2c1918c_JB5140427-S
https://www.arbeitsagentur.de/jobsuche/jobdetail/10001-1003037834-S,10001-1003037834-S
https://www.arbeitsagentur.de/jobsuche/jobdetail/20471-2249372-S,20471-2249372-S
https://www.arbeitsagentur.de/jobsuche/jobdetail/14751-62A117747-S,14751-62A117747-S
https://www.arbeitsagentur.de/jobsuche/jobdetail/10001-1003040486-S,10001-1003040486-S
https://www.arbeitsagentur.de/jobsuche/jobdetail/10001-1003038068-S,10001-1003038068-S
https://www.arbeitsagentur.de/jobsuche/jobdetail/14927-pfgfx172x9-S,14927-pfgfx172x9-S
https://www.arbeitsagentur.de/jobsuche/jobdetail/12288-4803164693-S,12288-4803164693-S
https://www.arbeitsagentur.de/jobsuche/jobdetail/11864-0WOJ21ERZ7TTLR3W-S,11864-0WOJ21ERZ7TTLR3W-S
https://www.arbeitsagentur.de/jobsuche/jobdetail/17560-168f9a9f69d94df-S,17560-168f9a9f69d94df-S
https://www.arbeitsagentur.de/jobsuche/jobdetail/10001-1003037420-S,10001-1003037420-S
https://www.arbeitsagentur.de/jobsuche/jobdetail/11081-9RBKG9Q3L5RUSE5A-S,11081-9RBKG9Q3L5RUSE5A-S
https://www.arbeitsagentur.de/jobsuche/jobdetail/10001-1003033450-S,10001-1003033450-S
https://www.arbeitsagentur.de/jobsuche/jobdetail/12787-258370060526-S,12787-258370060526-S
https://www.arbeitsagentur.de/jobsuche/jobdetail/17046-k58907.1135-S,17046-k58907.1135-S
https://www.arbeitsagentur.de/jobsuche/jobdetail/17592-0c44b4b6a8fc428-S,17592-0c44b4b6a8fc428-S
https://www.arbeitsagentur.de/jobsuche/jobdetail/10001-1003040744-S,10001-1003040744-S
https://www.arbeitsagentur.de/jobsuche/jobdetail/10001-1003042821-S,10001-1003042821-S
https://www.arbeitsagentur.de/jobsuche/jobdetail/11119-4791182008-S,11119-4791182008-S
https://www.arbeitsagentur.de/jobsuche/jobdetail/12288-4803118039-S,12288-4803118039-S
https://www.arbeitsagentur.de/jobsuche/jobdetail/12811-2248940-S,12811-2248940-S
https://www.arbeitsagentur.de/jobsuche/jobdetail/20401-k61967.1027-S,20401-k61967.1027-S
https://www.arbeitsagentur.de/jobsuche/jobdetail/13651-JOB-612263-S,13651-JOB-612263-S
https://www.arbeitsagentur.de/jobsuche/jobdetail/10001-1003035792-S,10001-1003035792-S
https://www.arbeitsagentur.de/jobsuche/jobdetail/11949-17213118-S,11949-17213118-S
https://www.arbeitsagentur.de/jobsuche/jobdetail/10001-1003043054-S,10001-1003043054-S
https://www.arbeitsagentur.de/jobsuche/jobdetail/16185-D0X273BJ2860PYHU-S,16185-D0X273BJ2860PYHU-S
https://www.arbeitsagentur.de/jobsuche/jobdetail/18306-BB-634235-7878-6206-S,18306-BB-634235-7878-6206-S
https://www.arbeitsagentur.de/jobsuche/jobdetail/12147-20260507219358-S,12147-20260507219358-S
https://www.arbeitsagentur.de/jobsuche/jobdetail/14927-2bxztiqfxna-S,14927-2bxztiqfxna-S
https://www.arbeitsagentur.de/jobsuche/jobdetail/16163-JOB-837326-S,16163-JOB-837326-S
https://www.arbeitsagentur.de/jobsuche/jobdetail/14751-373A94631-S,14751-373A94631-S
https://www.arbeitsagentur.de/jobsuche/jobdetail/10001-1003038624-S,10001-1003038624-S
https://www.arbeitsagentur.de/jobsuche/jobdetail/10001-1003038440-S,10001-1003038440-S
https://www.arbeitsagentur.de/jobsuche/jobdetail/10001-1003033991-S,10001-1003033991-S
https://www.arbeitsagentur.de/jobsuche/jobdetail/12811-2248035-S,12811-2248035-S
https://www.arbeitsagentur.de/jobsuche/jobdetail/10001-1003038434-S,10001-1003038434-S
https://www.arbeitsagentur.de/jobsuche/jobdetail/11949-17215072-S,11949-17215072-S
https://www.arbeitsagentur.de/jobsuche/jobdetail/12564-k21840.14282-S,12564-k21840.14282-S
https://www.arbeitsagentur.de/jobsuche/jobdetail/13465-00021a6492a001-S,13465-00021a6492a001-S
https://www.arbeitsagentur.de/jobsuche/jobdetail/12362-TR-286058_609487LS-S,12362-TR-286058_609487LS-S
https://www.arbeitsagentur.de/jobsuche/jobdetail/12608-1401709-83724-1-S,12608-1401709-83724-1-S
https://www.arbeitsagentur.de/jobsuche/jobdetail/12811-2249366-S,12811-2249366-S
https://www.arbeitsagentur.de/jobsuche/jobdetail/10001-1003042262-S,10001-1003042262-S
https://www.arbeitsagentur.de/jobsuche/jobdetail/11119-4792427050-S,11119-4792427050-S
https://www.arbeitsagentur.de/jobsuche/jobdetail/10001-1003040444-S,10001-1003040444-S
https://www.arbeitsagentur.de/jobsuche/jobdetail/14076-BB-12135-7878-35403-S,14076-BB-12135-7878-35403-S
https://www.arbeitsagentur.de/jobsuche/jobdetail/12811-2249007-S,12811-2249007-S
https://www.arbeitsagentur.de/jobsuche/jobdetail/11949-17215932-S,11949-17215932-S
https://www.arbeitsagentur.de/jobsuche/jobdetail/16547-XCYHLRIY8VS7EFYW-S,16547-XCYHLRIY8VS7EFYW-S
https://www.arbeitsagentur.de/jobsuche/jobdetail/11949-17216705-S,11949-17216705-S
https://www.arbeitsagentur.de/jobsuche/jobdetail/17560-0e00841945dc4b2-S,17560-0e00841945dc4b2-S
https://www.arbeitsagentur.de/jobsuche/jobdetail/10001-1003037744-S,10001-1003037744-S
https://www.arbeitsagentur.de/jobsuche/jobdetail/12288-4803093274-S,12288-4803093274-S
https://www.arbeitsagentur.de/jobsuche/jobdetail/10001-1003034999-S,10001-1003034999-S
https://www.arbeitsagentur.de/jobsuche/jobdetail/15079-k28811.4814-S,15079-k28811.4814-S
https://www.arbeitsagentur.de/jobsuche/jobdetail/10001-1003043071-S,10001-1003043071-S
https://www.arbeitsagentur.de/jobsuche/jobdetail/12513-0007639479-S,12513-0007639479-S
https://www.arbeitsagentur.de/jobsuche/jobdetail/13270-2026-00003601-1-S,13270-2026-00003601-1-S
https://www.arbeitsagentur.de/jobsuche/jobdetail/12147-20260505219204-S,12147-20260505219204-S
https://www.arbeitsagentur.de/jobsuche/jobdetail/11949-17215727-S,11949-17215727-S
https://www.arbeitsagentur.de/jobsuche/jobdetail/18663-0064595643-S,18663-0064595643-S
https://www.arbeitsagentur.de/jobsuche/jobdetail/10000-1206450604-S,10000-1206450604-S
https://www.arbeitsagentur.de/jobsuche/jobdetail/11864-FXHKLJR1DW0HA1TA-S,11864-FXHKLJR1DW0HA1TA-S
https://www.arbeitsagentur.de/jobsuche/jobdetail/12086-FUI2HOBD6B5NK44U-S,12086-FUI2HOBD6B5NK44U-S
https://www.arbeitsagentur.de/jobsuche/jobdetail/10000-1206445186-S,10000-1206445186-S
https://www.arbeitsagentur.de/jobsuche/jobdetail/10001-1003037471-S,10001-1003037471-S
https://www.arbeitsagentur.de/jobsuche/jobdetail/13635-c40f07c9_JB5140336-S,13635-c40f07c9_JB5140336-S
https://www.arbeitsagentur.de/jobsuche/jobdetail/11081-9A0EYKIGQTRZ6YYA-S,11081-9A0EYKIGQTRZ6YYA-S
https://www.arbeitsagentur.de/jobsuche/jobdetail/20122-57ce2d194c24373b-S,20122-57ce2d194c24373b-S
https://www.arbeitsagentur.de/jobsuche/jobdetail/14751-266A1737-S,14751-266A1737-S
https://www.arbeitsagentur.de/jobsuche/jobdetail/15631-U2US92J1BWBQPCWF-S,15631-U2US92J1BWBQPCWF-S
https://www.arbeitsagentur.de/jobsuche/jobdetail/11949-17214108-S,11949-17214108-S
https://www.arbeitsagentur.de/jobsuche/jobdetail/14751-373A95773-S,14751-373A95773-S
https://www.arbeitsagentur.de/jobsuche/jobdetail/12147-20260505219229-S,12147-20260505219229-S
https://www.arbeitsagentur.de/jobsuche/jobdetail/12322-3GUFPGBLXI1RW77L-S,12322-3GUFPGBLXI1RW77L-S
https://www.arbeitsagentur.de/jobsuche/jobdetail/11119-4804170620-S,11119-4804170620-S
https://www.arbeitsagentur.de/jobsuche/jobdetail/10000-1206431727-S,10000-1206431727-S
https://www.arbeitsagentur.de/jobsuche/jobdetail/10001-1003040390-S,10001-1003040390-S
https://www.arbeitsagentur.de/jobsuche/jobdetail/11119-4804144605-S,11119-4804144605-S
https://www.arbeitsagentur.de/jobsuche/jobdetail/10001-1003038814-S,10001-1003038814-S
https://www.arbeitsagentur.de/jobsuche/jobdetail/14751-62A117740-S,14751-62A117740-S
https://www.arbeitsagentur.de/jobsuche/jobdetail/13916-44160849-56-S,13916-44160849-56-S
https://www.arbeitsagentur.de/jobsuche/jobdetail/12967-0002_00111297-S,12967-0002_00111297-S
https://www.arbeitsagentur.de/jobsuche/jobdetail/10001-1003043206-S,10001-1003043206-S
https://www.arbeitsagentur.de/jobsuche/jobdetail/11949-17216717-S,11949-17216717-S
https://www.arbeitsagentur.de/jobsuche/jobdetail/17803-260507172724-PH1406-S,17803-260507172724-PH1406-S
https://www.arbeitsagentur.de/jobsuche/jobdetail/13635-c126d694_JB5140115-S,13635-c126d694_JB5140115-S
https://www.arbeitsagentur.de/jobsuche/jobdetail/13635-ddb1cc94_JB5140943-S,13635-ddb1cc94_JB5140943-S
https://www.arbeitsagentur.de/jobsuche/jobdetail/14927-dkeppqmqkw-S,14927-dkeppqmqkw-S
https://www.arbeitsagentur.de/jobsuche/jobdetail/10001-1003033973-S,10001-1003033973-S
https://www.arbeitsagentur.de/jobsuche/jobdetail/13635-5ae2e1e5_JB5139817-S,13635-5ae2e1e5_JB5139817-S
https://www.arbeitsagentur.de/jobsuche/jobdetail/13669-IUZ906D2M1AZQ1UX-S,13669-IUZ906D2M1AZQ1UX-S
https://www.arbeitsagentur.de/jobsuche/jobdetail/10000-1206434597-S,10000-1206434597-S
https://www.arbeitsagentur.de/jobsuche/jobdetail/17803-260506170748-PF1310-S,17803-260506170748-PF1310-S
https://www.arbeitsagentur.de/jobsuche/jobdetail/13208-11891-1771108-0-S,13208-11891-1771108-0-S
https://www.arbeitsagentur.de/jobsuche/jobdetail/15937-k55805.115277-S,15937-k55805.115277-S
https://www.arbeitsagentur.de/jobsuche/jobdetail/10001-1003042475-S,10001-1003042475-S
https://www.arbeitsagentur.de/jobsuche/jobdetail/11949-17117269-S,11949-17117269-S
https://www.arbeitsagentur.de/jobsuche/jobdetail/10001-1003040397-S,10001-1003040397-S
https://www.arbeitsagentur.de/jobsuche/jobdetail/12072-PT78TQUBZJCYMAVT-S,12072-PT78TQUBZJCYMAVT-S
https://www.arbeitsagentur.de/jobsuche/jobdetail/10001-1003037247-S,10001-1003037247-S
https://www.arbeitsagentur.de/jobsuche/jobdetail/16967-k58864.1601-S,16967-k58864.1601-S
https://www.arbeitsagentur.de/jobsuche/jobdetail/14795-67146_118889-S,14795-67146_118889-S
https://www.arbeitsagentur.de/jobsuche/jobdetail/10000-1206438987-S,10000-1206438987-S
https://www.arbeitsagentur.de/jobsuche/jobdetail/16989-0002d1041e1001-S,16989-0002d1041e1001-S
https://www.arbeitsagentur.de/jobsuche/jobdetail/18024-100PJ000VTq0L-S,18024-100PJ000VTq0L-S
https://www.arbeitsagentur.de/jobsuche/jobdetail/10001-1003038210-S,10001-1003038210-S
https://www.arbeitsagentur.de/jobsuche/jobdetail/10001-1003035416-S,10001-1003035416-S
https://www.arbeitsagentur.de/jobsuche/jobdetail/12537-148ACB1702A5A4DE3F2-S,12537-148ACB1702A5A4DE3F2-S
https://www.arbeitsagentur.de/jobsuche/jobdetail/12288-4803159828-S,12288-4803159828-S
https://www.arbeitsagentur.de/jobsuche/jobdetail/12759-VFZD75UZ8DU8C4XY-S,12759-VFZD75UZ8DU8C4XY-S
https://www.arbeitsagentur.de/jobsuche/jobdetail/12787-258283060526-S,12787-258283060526-S
https://www.arbeitsagentur.de/jobsuche/jobdetail/10001-1003039402-S,10001-1003039402-S
https://www.arbeitsagentur.de/jobsuche/jobdetail/10001-1003040665-S,10001-1003040665-S
https://www.arbeitsagentur.de/jobsuche/jobdetail/11949-17213994-S,11949-17213994-S
https://www.arbeitsagentur.de/jobsuche/jobdetail/11949-17215001-S,11949-17215001-S
https://www.arbeitsagentur.de/jobsuche/jobdetail/17803-260507172901-PS1402-S,17803-260507172901-PS1402-S
https://www.arbeitsagentur.de/jobsuche/jobdetail/12826-SA0137586_JB5141014-S,12826-SA0137586_JB5141014-S
https://www.arbeitsagentur.de/jobsuche/jobdetail/18024-100PJ000Tx31l-S,18024-100PJ000Tx31l-S
https://www.arbeitsagentur.de/jobsuche/jobdetail/10001-1003041300-S,10001-1003041300-S
https://www.arbeitsagentur.de/jobsuche/jobdetail/12811-2248947-S,12811-2248947-S
https://www.arbeitsagentur.de/jobsuche/jobdetail/16185-WUJ8S3H3HUS9YNGE-S,16185-WUJ8S3H3HUS9YNGE-S
https://www.arbeitsagentur.de/jobsuche/jobdetail/11949-17214003-S,11949-17214003-S
https://www.arbeitsagentur.de/jobsuche/jobdetail/11949-17215605-S,11949-17215605-S
https://www.arbeitsagentur.de/jobsuche/jobdetail/20730-2248776-S,20730-2248776-S
https://www.arbeitsagentur.de/jobsuche/jobdetail/10001-1003039611-S,10001-1003039611-S
https://www.arbeitsagentur.de/jobsuche/jobdetail/13635-4143388d_JB5140516-S,13635-4143388d_JB5140516-S
https://www.arbeitsagentur.de/jobsuche/jobdetail/10001-1003042270-S,10001-1003042270-S
https://www.arbeitsagentur.de/jobsuche/jobdetail/18024-1002X000QHh0Y-S,18024-1002X000QHh0Y-S
https://www.arbeitsagentur.de/jobsuche/jobdetail/13356-102652A18687C89-S,13356-102652A18687C89-S
https://www.arbeitsagentur.de/jobsuche/jobdetail/12811-2248595-S,12811-2248595-S
https://www.arbeitsagentur.de/jobsuche/jobdetail/13356-105555A36142C39-S,13356-105555A36142C39-S
https://www.arbeitsagentur.de/jobsuche/jobdetail/12608-1401810-8759-1-S,12608-1401810-8759-1-S
https://www.arbeitsagentur.de/jobsuche/jobdetail/11081-P49XTGKEIL9A8O1Q-S,11081-P49XTGKEIL9A8O1Q-S
https://www.arbeitsagentur.de/jobsuche/jobdetail/10001-1003042702-S,10001-1003042702-S
https://www.arbeitsagentur.de/jobsuche/jobdetail/10000-1206364784-S,10000-1206364784-S
https://www.arbeitsagentur.de/jobsuche/jobdetail/11949-17214092-S,11949-17214092-S
https://www.arbeitsagentur.de/jobsuche/jobdetail/14661-e918337b4ddb420-S,14661-e918337b4ddb420-S
https://www.arbeitsagentur.de/jobsuche/jobdetail/14795-67151_118903-S,14795-67151_118903-S
https://www.arbeitsagentur.de/jobsuche/jobdetail/14795-66480_118866-S,14795-66480_118866-S
https://www.arbeitsagentur.de/jobsuche/jobdetail/13356-109526A46907C11-S,13356-109526A46907C11-S
https://www.arbeitsagentur.de/jobsuche/jobdetail/10001-1003039094-S,10001-1003039094-S
https://www.arbeitsagentur.de/jobsuche/jobdetail/14751-417A9209-S,14751-417A9209-S
https://www.arbeitsagentur.de/jobsuche/jobdetail/13356-101830A29617C28-S,13356-101830A29617C28-S
https://www.arbeitsagentur.de/jobsuche/jobdetail/13356-103537A47893C7-S,13356-103537A47893C7-S
https://www.arbeitsagentur.de/jobsuche/jobdetail/11949-17216412-S,11949-17216412-S
https://www.arbeitsagentur.de/jobsuche/jobdetail/14751-70A22027-S,14751-70A22027-S
https://www.arbeitsagentur.de/jobsuche/jobdetail/10001-1003037265-S,10001-1003037265-S
https://www.arbeitsagentur.de/jobsuche/jobdetail/12967-0002_00111302-S,12967-0002_00111302-S
https://www.arbeitsagentur.de/jobsuche/jobdetail/12759-98H4EU8HBXQIGPQZ-S,12759-98H4EU8HBXQIGPQZ-S
https://www.arbeitsagentur.de/jobsuche/jobdetail/10001-1003041566-S,10001-1003041566-S
https://www.arbeitsagentur.de/jobsuche/jobdetail/12618-173663-S,12618-173663-S
https://www.arbeitsagentur.de/jobsuche/jobdetail/10001-1003038320-S,10001-1003038320-S
https://www.arbeitsagentur.de/jobsuche/jobdetail/10001-1003042934-S,10001-1003042934-S
https://www.arbeitsagentur.de/jobsuche/jobdetail/14751-358A1717-S,14751-358A1717-S
https://www.arbeitsagentur.de/jobsuche/jobdetail/13356-105555A47778C8-S,13356-105555A47778C8-S
https://www.arbeitsagentur.de/jobsuche/jobdetail/14927-2pd5vx8jxjt-S,14927-2pd5vx8jxjt-S
https://www.arbeitsagentur.de/jobsuche/jobdetail/11119-4804147954-S,11119-4804147954-S
https://www.arbeitsagentur.de/jobsuche/jobdetail/10001-1003042026-S,10001-1003042026-S
https://www.arbeitsagentur.de/jobsuche/jobdetail/10001-1003040461-S,10001-1003040461-S
https://www.arbeitsagentur.de/jobsuche/jobdetail/10000-1206445094-S,10000-1206445094-S
https://www.arbeitsagentur.de/jobsuche/jobdetail/10001-1003041030-S,10001-1003041030-S
https://www.arbeitsagentur.de/jobsuche/jobdetail/10001-1003041951-S,10001-1003041951-S
https://www.arbeitsagentur.de/jobsuche/jobdetail/16963-REF121R-4687918248-S,16963-REF121R-4687918248-S
https://www.arbeitsagentur.de/jobsuche/jobdetail/11949-17216089-S,11949-17216089-S
https://www.arbeitsagentur.de/jobsuche/jobdetail/10001-1003040932-S,10001-1003040932-S
https://www.arbeitsagentur.de/jobsuche/jobdetail/11119-4804139669-S,11119-4804139669-S
https://www.arbeitsagentur.de/jobsuche/jobdetail/13635-14142be7_JB5140247-S,13635-14142be7_JB5140247-S
https://www.arbeitsagentur.de/jobsuche/jobdetail/10000-1206445330-S,10000-1206445330-S
https://www.arbeitsagentur.de/jobsuche/jobdetail/10001-1003034578-S,10001-1003034578-S
https://www.arbeitsagentur.de/jobsuche/jobdetail/13356-106285A47713C8-S,13356-106285A47713C8-S
https://www.arbeitsagentur.de/jobsuche/jobdetail/11081-SPU7OA7N4L3T71KM-S,11081-SPU7OA7N4L3T71KM-S
https://www.arbeitsagentur.de/jobsuche/jobdetail/10001-1003040518-S,10001-1003040518-S
https://www.arbeitsagentur.de/jobsuche/jobdetail/10000-1206249361-S,10000-1206249361-S
https://www.arbeitsagentur.de/jobsuche/jobdetail/18914-9YGZC0JK3ZUZ5FBX-S,18914-9YGZC0JK3ZUZ5FBX-S
https://www.arbeitsagentur.de/jobsuche/jobdetail/16547-WVQXSCOP1RSY0XLV-S,16547-WVQXSCOP1RSY0XLV-S
https://www.arbeitsagentur.de/jobsuche/jobdetail/10001-1003036538-S,10001-1003036538-S
https://www.arbeitsagentur.de/jobsuche/jobdetail/10001-1003040990-S,10001-1003040990-S
https://www.arbeitsagentur.de/jobsuche/jobdetail/12147-20260507219338-S,12147-20260507219338-S
https://www.arbeitsagentur.de/jobsuche/jobdetail/14751-106A5209-S,14751-106A5209-S
https://www.arbeitsagentur.de/jobsuche/jobdetail/10001-1003040035-S,10001-1003040035-S
https://www.arbeitsagentur.de/jobsuche/jobdetail/10001-1003041438-S,10001-1003041438-S
https://www.arbeitsagentur.de/jobsuche/jobdetail/12287-JOB-691593-S,12287-JOB-691593-S
https://www.arbeitsagentur.de/jobsuche/jobdetail/10001-1003039692-S,10001-1003039692-S
https://www.arbeitsagentur.de/jobsuche/jobdetail/13635-308bbd60_JB5139769-S,13635-308bbd60_JB5139769-S
https://www.arbeitsagentur.de/jobsuche/jobdetail/11081-MTXZX8HS5634D1KD-S,11081-MTXZX8HS5634D1KD-S
https://www.arbeitsagentur.de/jobsuche/jobdetail/17803-260507173152-AH1405-S,17803-260507173152-AH1405-S
https://www.arbeitsagentur.de/jobsuche/jobdetail/17803-260507172901-PS1422-S,17803-260507172901-PS1422-S
https://www.arbeitsagentur.de/jobsuche/jobdetail/15303-LD3F6GBPWEZ0JQI9-S,15303-LD3F6GBPWEZ0JQI9-S
https://www.arbeitsagentur.de/jobsuche/jobdetail/12811-2249278-S,12811-2249278-S
https://www.arbeitsagentur.de/jobsuche/jobdetail/14751-70A22009-S,14751-70A22009-S
https://www.arbeitsagentur.de/jobsuche/jobdetail/11949-17213505-S,11949-17213505-S
https://www.arbeitsagentur.de/jobsuche/jobdetail/11949-17214374-S,11949-17214374-S
https://www.arbeitsagentur.de/jobsuche/jobdetail/12288-4803100785-S,12288-4803100785-S
https://www.arbeitsagentur.de/jobsuche/jobdetail/10001-1003043302-S,10001-1003043302-S
https://www.arbeitsagentur.de/jobsuche/jobdetail/13414-AZRT6QBOXH02798Z-S,13414-AZRT6QBOXH02798Z-S
https://www.arbeitsagentur.de/jobsuche/jobdetail/14617-k61089.1769-S,14617-k61089.1769-S
https://www.arbeitsagentur.de/jobsuche/jobdetail/10000-1206448765-S,10000-1206448765-S
https://www.arbeitsagentur.de/jobsuche/jobdetail/10001-1003042551-S,10001-1003042551-S
https://www.arbeitsagentur.de/jobsuche/jobdetail/11949-17216590-S,11949-17216590-S
https://www.arbeitsagentur.de/jobsuche/jobdetail/12288-4804126468-S,12288-4804126468-S
https://www.arbeitsagentur.de/jobsuche/jobdetail/10001-1003043094-S,10001-1003043094-S
https://www.arbeitsagentur.de/jobsuche/jobdetail/13356-109596A47731C7-S,13356-109596A47731C7-S
https://www.arbeitsagentur.de/jobsuche/jobdetail/12811-2249338-S,12811-2249338-S
https://www.arbeitsagentur.de/jobsuche/jobdetail/12288-4803125904-S,12288-4803125904-S
https://www.arbeitsagentur.de/jobsuche/jobdetail/18489-j109S16125-44238-S,18489-j109S16125-44238-S
https://www.arbeitsagentur.de/jobsuche/jobdetail/14742-3101425_3998047-S,14742-3101425_3998047-S
https://www.arbeitsagentur.de/jobsuche/jobdetail/11081-OA45AX24B2BVAPO9-S,11081-OA45AX24B2BVAPO9-S
https://www.arbeitsagentur.de/jobsuche/jobdetail/17803-260507172901-PS1413-S,17803-260507172901-PS1413-S
https://www.arbeitsagentur.de/jobsuche/jobdetail/12362-TR-259588_609656LS-S,12362-TR-259588_609656LS-S
https://www.arbeitsagentur.de/jobsuche/jobdetail/10001-1003039111-S,10001-1003039111-S
https://www.arbeitsagentur.de/jobsuche/jobdetail/10000-1206446182-S,10000-1206446182-S
https://www.arbeitsagentur.de/jobsuche/jobdetail/10001-1003038990-S,10001-1003038990-S
https://www.arbeitsagentur.de/jobsuche/jobdetail/10001-1003038224-S,10001-1003038224-S
https://www.arbeitsagentur.de/jobsuche/jobdetail/10000-1206448599-S,10000-1206448599-S
https://www.arbeitsagentur.de/jobsuche/jobdetail/16963-REF333L-4364619248-S,16963-REF333L-4364619248-S
https://www.arbeitsagentur.de/jobsuche/jobdetail/11949-17215439-S,11949-17215439-S
https://www.arbeitsagentur.de/jobsuche/jobdetail/10001-1003038841-S,10001-1003038841-S
https://www.arbeitsagentur.de/jobsuche/jobdetail/14048-ed0e6c994d8f3e9f-S,14048-ed0e6c994d8f3e9f-S
https://www.arbeitsagentur.de/jobsuche/jobdetail/11949-17215082-S,11949-17215082-S
https://www.arbeitsagentur.de/jobsuche/jobdetail/10001-1003040028-S,10001-1003040028-S
https://www.arbeitsagentur.de/jobsuche/jobdetail/11949-17216134-S,11949-17216134-S
https://www.arbeitsagentur.de/jobsuche/jobdetail/11949-17215730-S,11949-17215730-S
https://www.arbeitsagentur.de/jobsuche/jobdetail/14087-S3H4D52BDIGLK5A5-S,14087-S3H4D52BDIGLK5A5-S
https://www.arbeitsagentur.de/jobsuche/jobdetail/17803-57GMI4A7N87P0QPB-S,17803-57GMI4A7N87P0QPB-S
https://www.arbeitsagentur.de/jobsuche/jobdetail/13999-k53401.30944-S,13999-k53401.30944-S
https://www.arbeitsagentur.de/jobsuche/jobdetail/14742-3101328_3998010-S,14742-3101328_3998010-S
https://www.arbeitsagentur.de/jobsuche/jobdetail/12513-0007639480-S,12513-0007639480-S
https://www.arbeitsagentur.de/jobsuche/jobdetail/11949-17209192-S,11949-17209192-S
https://www.arbeitsagentur.de/jobsuche/jobdetail/12811-2249068-S,12811-2249068-S
https://www.arbeitsagentur.de/jobsuche/jobdetail/12811-2249177-S,12811-2249177-S
https://www.arbeitsagentur.de/jobsuche/jobdetail/10001-1003039975-S,10001-1003039975-S
https://www.arbeitsagentur.de/jobsuche/jobdetail/17803-260507172937-OA1415-S,17803-260507172937-OA1415-S
https://www.arbeitsagentur.de/jobsuche/jobdetail/17803-260506171134-AH1301-S,17803-260506171134-AH1301-S
https://www.arbeitsagentur.de/jobsuche/jobdetail/14811-00005d09736001-S,14811-00005d09736001-S
https://www.arbeitsagentur.de/jobsuche/jobdetail/20515-1986706-S,20515-1986706-S
https://www.arbeitsagentur.de/jobsuche/jobdetail/11949-17215278-S,11949-17215278-S
https://www.arbeitsagentur.de/jobsuche/jobdetail/10001-1003035803-S,10001-1003035803-S
https://www.arbeitsagentur.de/jobsuche/jobdetail/10001-1003039801-S,10001-1003039801-S
https://www.arbeitsagentur.de/jobsuche/jobdetail/20730-2248795-S,20730-2248795-S
https://www.arbeitsagentur.de/jobsuche/jobdetail/10001-1003041557-S,10001-1003041557-S
https://www.arbeitsagentur.de/jobsuche/jobdetail/14751-373A97109-S,14751-373A97109-S
https://www.arbeitsagentur.de/jobsuche/jobdetail/12288-4803148046-S,12288-4803148046-S
https://www.arbeitsagentur.de/jobsuche/jobdetail/12730-HP93BA17RAHH9VJH-S,12730-HP93BA17RAHH9VJH-S
https://www.arbeitsagentur.de/jobsuche/jobdetail/12811-2248596-S,12811-2248596-S
https://www.arbeitsagentur.de/jobsuche/jobdetail/14373-k36443.4019-S,14373-k36443.4019-S
https://www.arbeitsagentur.de/jobsuche/jobdetail/13270-2026-00003352-1-S,13270-2026-00003352-1-S
https://www.arbeitsagentur.de/jobsuche/jobdetail/16575-k58251.1901-S,16575-k58251.1901-S
https://www.arbeitsagentur.de/jobsuche/jobdetail/13635-e877305e_JB5140071-S,13635-e877305e_JB5140071-S
https://www.arbeitsagentur.de/jobsuche/jobdetail/13270-2026-00003594-2-S,13270-2026-00003594-2-S
https://www.arbeitsagentur.de/jobsuche/jobdetail/10001-1003040311-S,10001-1003040311-S
https://www.arbeitsagentur.de/jobsuche/jobdetail/13635-b285ca6b_JB5140811-S,13635-b285ca6b_JB5140811-S
https://www.arbeitsagentur.de/jobsuche/jobdetail/10001-1003041752-S,10001-1003041752-S
https://www.arbeitsagentur.de/jobsuche/jobdetail/11081-AX301CAY7UEGFQ3M-S,11081-AX301CAY7UEGFQ3M-S
https://www.arbeitsagentur.de/jobsuche/jobdetail/10000-1206450302-S,10000-1206450302-S
https://www.arbeitsagentur.de/jobsuche/jobdetail/14751-417A10867-S,14751-417A10867-S
https://www.arbeitsagentur.de/jobsuche/jobdetail/12787-258464070526-S,12787-258464070526-S
https://www.arbeitsagentur.de/jobsuche/jobdetail/13999-k53401.30919-S,13999-k53401.30919-S
https://www.arbeitsagentur.de/jobsuche/jobdetail/19821-70T78EZ7YU084GYQ-S,19821-70T78EZ7YU084GYQ-S
https://www.arbeitsagentur.de/jobsuche/jobdetail/12646-VO2026-006361-S,12646-VO2026-006361-S
https://www.arbeitsagentur.de/jobsuche/jobdetail/10001-1003041645-S,10001-1003041645-S
https://www.arbeitsagentur.de/jobsuche/jobdetail/11119-4804136788-S,11119-4804136788-S
https://www.arbeitsagentur.de/jobsuche/jobdetail/17560-bdb65bd259b0482-S,17560-bdb65bd259b0482-S
https://www.arbeitsagentur.de/jobsuche/jobdetail/10001-1003042004-S,10001-1003042004-S
https://www.arbeitsagentur.de/jobsuche/jobdetail/14087-AI8C71OHMNSDZ593-S,14087-AI8C71OHMNSDZ593-S
https://www.arbeitsagentur.de/jobsuche/jobdetail/14040-OXXKDR032RGKOTEP-S,14040-OXXKDR032RGKOTEP-S
https://www.arbeitsagentur.de/jobsuche/jobdetail/13635-9199566d_JB5140086-S,13635-9199566d_JB5140086-S
https://www.arbeitsagentur.de/jobsuche/jobdetail/11949-17216553-S,11949-17216553-S
https://www.arbeitsagentur.de/jobsuche/jobdetail/10001-1003036814-S,10001-1003036814-S
https://www.arbeitsagentur.de/jobsuche/jobdetail/10001-1003042102-S,10001-1003042102-S
https://www.arbeitsagentur.de/jobsuche/jobdetail/10001-1003041403-S,10001-1003041403-S
https://www.arbeitsagentur.de/jobsuche/jobdetail/12811-2249192-S,12811-2249192-S
https://www.arbeitsagentur.de/jobsuche/jobdetail/11949-17215794-S,11949-17215794-S
https://www.arbeitsagentur.de/jobsuche/jobdetail/11119-4804183838-S,11119-4804183838-S
https://www.arbeitsagentur.de/jobsuche/jobdetail/18914-F360HCF2N7ZJDRQ2-S,18914-F360HCF2N7ZJDRQ2-S
https://www.arbeitsagentur.de/jobsuche/jobdetail/12787-258455070526-S,12787-258455070526-S
https://www.arbeitsagentur.de/jobsuche/jobdetail/20242-4804161161-S,20242-4804161161-S
https://www.arbeitsagentur.de/jobsuche/jobdetail/12122-209255-1771110-0-S,12122-209255-1771110-0-S
https://www.arbeitsagentur.de/jobsuche/jobdetail/16575-k58251.1902-S,16575-k58251.1902-S
https://www.arbeitsagentur.de/jobsuche/jobdetail/10001-1003043042-S,10001-1003043042-S
https://www.arbeitsagentur.de/jobsuche/jobdetail/14087-4908BXD4L5BQGUUN-S,14087-4908BXD4L5BQGUUN-S
https://www.arbeitsagentur.de/jobsuche/jobdetail/10001-1003037736-S,10001-1003037736-S
https://www.arbeitsagentur.de/jobsuche/jobdetail/16185-MOHO9UCDBK0W247N-S,16185-MOHO9UCDBK0W247N-S
https://www.arbeitsagentur.de/jobsuche/jobdetail/12946-2908-1771033-0-S,12946-2908-1771033-0-S
https://www.arbeitsagentur.de/jobsuche/jobdetail/10001-1003037276-S,10001-1003037276-S
https://www.arbeitsagentur.de/jobsuche/jobdetail/13635-a884f9fc_JB5140486-S,13635-a884f9fc_JB5140486-S
https://www.arbeitsagentur.de/jobsuche/jobdetail/10001-1003035438-S,10001-1003035438-S
https://www.arbeitsagentur.de/jobsuche/jobdetail/10000-1206445601-S,10000-1206445601-S
https://www.arbeitsagentur.de/jobsuche/jobdetail/18024-100PJ000VVi0H-S,18024-100PJ000VVi0H-S
https://www.arbeitsagentur.de/jobsuche/jobdetail/13270-2026-00003584-1-S,13270-2026-00003584-1-S
https://www.arbeitsagentur.de/jobsuche/jobdetail/11949-17214987-S,11949-17214987-S
https://www.arbeitsagentur.de/jobsuche/jobdetail/11119-4804147961-S,11119-4804147961-S
https://www.arbeitsagentur.de/jobsuche/jobdetail/11119-4804139464-S,11119-4804139464-S
https://www.arbeitsagentur.de/jobsuche/jobdetail/10000-1206448323-S,10000-1206448323-S
https://www.arbeitsagentur.de/jobsuche/jobdetail/10001-1003036120-S,10001-1003036120-S
https://www.arbeitsagentur.de/jobsuche/jobdetail/10001-1003043101-S,10001-1003043101-S
https://www.arbeitsagentur.de/jobsuche/jobdetail/17803-260507172937-OA1417-S,17803-260507172937-OA1417-S
https://www.arbeitsagentur.de/jobsuche/jobdetail/11949-17215208-S,11949-17215208-S
https://www.arbeitsagentur.de/jobsuche/jobdetail/10001-1003036698-S,10001-1003036698-S
https://www.arbeitsagentur.de/jobsuche/jobdetail/17803-260507172806-PF1423-S,17803-260507172806-PF1423-S
https://www.arbeitsagentur.de/jobsuche/jobdetail/13635-99fa8cc2_JB5140141-S,13635-99fa8cc2_JB5140141-S
https://www.arbeitsagentur.de/jobsuche/jobdetail/10001-1003040813-S,10001-1003040813-S
https://www.arbeitsagentur.de/jobsuche/jobdetail/16986-JOB-116154-S,16986-JOB-116154-S
https://www.arbeitsagentur.de/jobsuche/jobdetail/11949-17216591-S,11949-17216591-S
https://www.arbeitsagentur.de/jobsuche/jobdetail/14751-62A117748-S,14751-62A117748-S
https://www.arbeitsagentur.de/jobsuche/jobdetail/14585-618C2OYXR7GET8ZI-S,14585-618C2OYXR7GET8ZI-S
https://www.arbeitsagentur.de/jobsuche/jobdetail/18024-100PJ000Tip1C-S,18024-100PJ000Tip1C-S
https://www.arbeitsagentur.de/jobsuche/jobdetail/14040-GO20V2LWPP0T8F9M-S,14040-GO20V2LWPP0T8F9M-S
https://www.arbeitsagentur.de/jobsuche/jobdetail/18741-458577227-S,18741-458577227-S
https://www.arbeitsagentur.de/jobsuche/jobdetail/10000-1206443719-S,10000-1206443719-S
https://www.arbeitsagentur.de/jobsuche/jobdetail/10001-1003037573-S,10001-1003037573-S
https://www.arbeitsagentur.de/jobsuche/jobdetail/10001-1003042813-S,10001-1003042813-S
https://www.arbeitsagentur.de/jobsuche/jobdetail/10001-1003038593-S,10001-1003038593-S
https://www.arbeitsagentur.de/jobsuche/jobdetail/10001-1003037390-S,10001-1003037390-S
https://www.arbeitsagentur.de/jobsuche/jobdetail/18024-100PJ000VTO0L-S,18024-100PJ000VTO0L-S
https://www.arbeitsagentur.de/jobsuche/jobdetail/12288-4803140878-S,12288-4803140878-S
https://www.arbeitsagentur.de/jobsuche/jobdetail/10001-1003028564-S,10001-1003028564-S
https://www.arbeitsagentur.de/jobsuche/jobdetail/15937-k55805.115256-S,15937-k55805.115256-S
https://www.arbeitsagentur.de/jobsuche/jobdetail/13356-102628A47487C10-S,13356-102628A47487C10-S
https://www.arbeitsagentur.de/jobsuche/jobdetail/12811-2248802-S,12811-2248802-S
https://www.arbeitsagentur.de/jobsuche/jobdetail/10001-1003039437-S,10001-1003039437-S
https://www.arbeitsagentur.de/jobsuche/jobdetail/14927-lmyn8cblm-S,14927-lmyn8cblm-S
https://www.arbeitsagentur.de/jobsuche/jobdetail/14751-106A5210-S,14751-106A5210-S
https://www.arbeitsagentur.de/jobsuche/jobdetail/12608-1401671-7995-1-S,12608-1401671-7995-1-S
https://www.arbeitsagentur.de/jobsuche/jobdetail/17803-260507173118-HE1403-S,17803-260507173118-HE1403-S
https://www.arbeitsagentur.de/jobsuche/jobdetail/12811-2248974-S,12811-2248974-S
https://www.arbeitsagentur.de/jobsuche/jobdetail/14751-373A93376-S,14751-373A93376-S
https://www.arbeitsagentur.de/jobsuche/jobdetail/14927-acg7ttwx2t-S,14927-acg7ttwx2t-S
https://www.arbeitsagentur.de/jobsuche/jobdetail/12456-1558046-2-S,12456-1558046-2-S
https://www.arbeitsagentur.de/jobsuche/jobdetail/11949-17213952-S,11949-17213952-S
https://www.arbeitsagentur.de/jobsuche/jobdetail/10001-1003039939-S,10001-1003039939-S
https://www.arbeitsagentur.de/jobsuche/jobdetail/10001-1003037692-S,10001-1003037692-S
https://www.arbeitsagentur.de/jobsuche/jobdetail/12122-209170-1770982-0-S,12122-209170-1770982-0-S
https://www.arbeitsagentur.de/jobsuche/jobdetail/10001-1003037506-S,10001-1003037506-S
https://www.arbeitsagentur.de/jobsuche/jobdetail/12210-8241190982f648d-S,12210-8241190982f648d-S
https://www.arbeitsagentur.de/jobsuche/jobdetail/13947-00009d18049001-S,13947-00009d18049001-S
https://www.arbeitsagentur.de/jobsuche/jobdetail/10001-1003041631-S,10001-1003041631-S
https://www.arbeitsagentur.de/jobsuche/jobdetail/10001-1003042987-S,10001-1003042987-S
https://www.arbeitsagentur.de/jobsuche/jobdetail/10001-1003038877-S,10001-1003038877-S
https://www.arbeitsagentur.de/jobsuche/jobdetail/10001-1003035644-S,10001-1003035644-S
https://www.arbeitsagentur.de/jobsuche/jobdetail/15507-20260vavnab7-000-S,15507-20260vavnab7-000-S
https://www.arbeitsagentur.de/jobsuche/jobdetail/14722-KITL4QHHPO606UJR-S,14722-KITL4QHHPO606UJR-S
https://www.arbeitsagentur.de/jobsuche/jobdetail/13356-101823A46852C11-S,13356-101823A46852C11-S
https://www.arbeitsagentur.de/jobsuche/jobdetail/20730-2248788-S,20730-2248788-S
https://www.arbeitsagentur.de/jobsuche/jobdetail/12086-NS5QOVGXCOTFB8C2-S,12086-NS5QOVGXCOTFB8C2-S
https://www.arbeitsagentur.de/jobsuche/jobdetail/10001-1003041141-S,10001-1003041141-S
https://www.arbeitsagentur.de/jobsuche/jobdetail/12288-4804118836-S,12288-4804118836-S
https://www.arbeitsagentur.de/jobsuche/jobdetail/11864-AC1CSY1WVC8PVER6-S,11864-AC1CSY1WVC8PVER6-S
https://www.arbeitsagentur.de/jobsuche/jobdetail/10000-1206445314-S,10000-1206445314-S
https://www.arbeitsagentur.de/jobsuche/jobdetail/13465-00021a64355002-S,13465-00021a64355002-S
https://www.arbeitsagentur.de/jobsuche/jobdetail/14751-417A10932-S,14751-417A10932-S
https://www.arbeitsagentur.de/jobsuche/jobdetail/13635-6a7697ee_JB5140379-S,13635-6a7697ee_JB5140379-S
https://www.arbeitsagentur.de/jobsuche/jobdetail/13424-R98E5SEZFY4V2J31-S,13424-R98E5SEZFY4V2J31-S
https://www.arbeitsagentur.de/jobsuche/jobdetail/11949-17215203-S,11949-17215203-S
https://www.arbeitsagentur.de/jobsuche/jobdetail/12811-2249211-S,12811-2249211-S
https://www.arbeitsagentur.de/jobsuche/jobdetail/10000-1206444701-S,10000-1206444701-S
https://www.arbeitsagentur.de/jobsuche/jobdetail/12086-3IRWZHTNX0HVE9XZ-S,12086-3IRWZHTNX0HVE9XZ-S
https://www.arbeitsagentur.de/jobsuche/jobdetail/11949-17215290-S,11949-17215290-S
https://www.arbeitsagentur.de/jobsuche/jobdetail/14795-66442_118842-S,14795-66442_118842-S
https://www.arbeitsagentur.de/jobsuche/jobdetail/12513-0007639476-S,12513-0007639476-S
https://www.arbeitsagentur.de/jobsuche/jobdetail/10001-1003038394-S,10001-1003038394-S
https://www.arbeitsagentur.de/jobsuche/jobdetail/10000-1206434724-S,10000-1206434724-S
https://www.arbeitsagentur.de/jobsuche/jobdetail/11949-17215360-S,11949-17215360-S
https://www.arbeitsagentur.de/jobsuche/jobdetail/14927-2m2u9b09ro5-S,14927-2m2u9b09ro5-S
https://www.arbeitsagentur.de/jobsuche/jobdetail/17803-260507172724-PH1413-S,17803-260507172724-PH1413-S
https://www.arbeitsagentur.de/jobsuche/jobdetail/11119-4803004308-S,11119-4803004308-S
https://www.arbeitsagentur.de/jobsuche/jobdetail/18024-100aR0001HH2D-S,18024-100aR0001HH2D-S
https://www.arbeitsagentur.de/jobsuche/jobdetail/12122-209158-1770906-0-S,12122-209158-1770906-0-S
https://www.arbeitsagentur.de/jobsuche/jobdetail/10000-1206441763-S,10000-1206441763-S
https://www.arbeitsagentur.de/jobsuche/jobdetail/10000-1206446302-S,10000-1206446302-S
https://www.arbeitsagentur.de/jobsuche/jobdetail/10001-1003043002-S,10001-1003043002-S
https://www.arbeitsagentur.de/jobsuche/jobdetail/14655-2026054176116042-S,14655-2026054176116042-S
https://www.arbeitsagentur.de/jobsuche/jobdetail/13270-2026-00003701-1-S,13270-2026-00003701-1-S
https://www.arbeitsagentur.de/jobsuche/jobdetail/11868-13742580-S,11868-13742580-S
https://www.arbeitsagentur.de/jobsuche/jobdetail/10001-1003040352-S,10001-1003040352-S
https://www.arbeitsagentur.de/jobsuche/jobdetail/14927-2qb4t474sge-S,14927-2qb4t474sge-S
https://www.arbeitsagentur.de/jobsuche/jobdetail/12288-4803082341-S,12288-4803082341-S
https://www.arbeitsagentur.de/jobsuche/jobdetail/10000-1206428445-S,10000-1206428445-S
https://www.arbeitsagentur.de/jobsuche/jobdetail/10001-1003037203-S,10001-1003037203-S
https://www.arbeitsagentur.de/jobsuche/jobdetail/11119-4804181165-S,11119-4804181165-S
https://www.arbeitsagentur.de/jobsuche/jobdetail/13669-W2708CWR55IY1MYZ-S,13669-W2708CWR55IY1MYZ-S
https://www.arbeitsagentur.de/jobsuche/jobdetail/10001-1003041098-S,10001-1003041098-S
https://www.arbeitsagentur.de/jobsuche/jobdetail/16864-W7F5G8PD5O0IKFHT-S,16864-W7F5G8PD5O0IKFHT-S
https://www.arbeitsagentur.de/jobsuche/jobdetail/12054-J1FWAQYV59DK25UB-S,12054-J1FWAQYV59DK25UB-S
https://www.arbeitsagentur.de/jobsuche/jobdetail/10000-1206435382-S,10000-1206435382-S
https://www.arbeitsagentur.de/jobsuche/jobdetail/11949-17214838-S,11949-17214838-S
https://www.arbeitsagentur.de/jobsuche/jobdetail/11949-17216692-S,11949-17216692-S
https://www.arbeitsagentur.de/jobsuche/jobdetail/15464-k49847.1773-S,15464-k49847.1773-S
https://www.arbeitsagentur.de/jobsuche/jobdetail/14585-B8MHAM0FOU9OEJXC-S,14585-B8MHAM0FOU9OEJXC-S
https://www.arbeitsagentur.de/jobsuche/jobdetail/10001-1003036049-S,10001-1003036049-S
https://www.arbeitsagentur.de/jobsuche/jobdetail/11119-4804110961-S,11119-4804110961-S
https://www.arbeitsagentur.de/jobsuche/jobdetail/10001-1003036718-S,10001-1003036718-S
https://www.arbeitsagentur.de/jobsuche/jobdetail/17803-260507173008-ER1419-S,17803-260507173008-ER1419-S
https://www.arbeitsagentur.de/jobsuche/jobdetail/11949-17214853-S,11949-17214853-S
https://www.arbeitsagentur.de/jobsuche/jobdetail/13356-102628A46731C14-S,13356-102628A46731C14-S
https://www.arbeitsagentur.de/jobsuche/jobdetail/11949-17214076-S,11949-17214076-S
https://www.arbeitsagentur.de/jobsuche/jobdetail/12908-062039612-S,12908-062039612-S
https://www.arbeitsagentur.de/jobsuche/jobdetail/10000-1206436110-S,10000-1206436110-S
https://www.arbeitsagentur.de/jobsuche/jobdetail/10001-1003036285-S,10001-1003036285-S
https://www.arbeitsagentur.de/jobsuche/jobdetail/12811-2249116-S,12811-2249116-S
https://www.arbeitsagentur.de/jobsuche/jobdetail/11119-4804139169-S,11119-4804139169-S
https://www.arbeitsagentur.de/jobsuche/jobdetail/10001-1003042931-S,10001-1003042931-S
https://www.arbeitsagentur.de/jobsuche/jobdetail/11949-17216131-S,11949-17216131-S
https://www.arbeitsagentur.de/jobsuche/jobdetail/10001-1003038945-S,10001-1003038945-S
https://www.arbeitsagentur.de/jobsuche/jobdetail/10001-1003038372-S,10001-1003038372-S
https://www.arbeitsagentur.de/jobsuche/jobdetail/13669-IVTPPRSTC3PGB0Y6-S,13669-IVTPPRSTC3PGB0Y6-S
https://www.arbeitsagentur.de/jobsuche/jobdetail/10001-1003032037-S,10001-1003032037-S
https://www.arbeitsagentur.de/jobsuche/jobdetail/14471-C43LXOB6GNSLR60A-S,14471-C43LXOB6GNSLR60A-S
https://www.arbeitsagentur.de/jobsuche/jobdetail/11119-4804203525-S,11119-4804203525-S
https://www.arbeitsagentur.de/jobsuche/jobdetail/12811-2249208-S,12811-2249208-S
https://www.arbeitsagentur.de/jobsuche/jobdetail/10001-1003039854-S,10001-1003039854-S
https://www.arbeitsagentur.de/jobsuche/jobdetail/18024-100aR00016Z2z-S,18024-100aR00016Z2z-S
https://www.arbeitsagentur.de/jobsuche/jobdetail/10001-1003037007-S,10001-1003037007-S
https://www.arbeitsagentur.de/jobsuche/jobdetail/11864-F0S3E0GAAN4E2G6F-S,11864-F0S3E0GAAN4E2G6F-S
https://www.arbeitsagentur.de/jobsuche/jobdetail/10001-1003034239-S,10001-1003034239-S
https://www.arbeitsagentur.de/jobsuche/jobdetail/10000-1206445392-S,10000-1206445392-S
https://www.arbeitsagentur.de/jobsuche/jobdetail/11949-17213320-S,11949-17213320-S
https://www.arbeitsagentur.de/jobsuche/jobdetail/12759-S75DCD9A89VDFCM1-S,12759-S75DCD9A89VDFCM1-S
https://www.arbeitsagentur.de/jobsuche/jobdetail/13424-G3WH9KX1NHDX0ARV-S,13424-G3WH9KX1NHDX0ARV-S
https://www.arbeitsagentur.de/jobsuche/jobdetail/12608-1401644-39625-1-S,12608-1401644-39625-1-S
https://www.arbeitsagentur.de/jobsuche/jobdetail/11949-17215403-S,11949-17215403-S
https://www.arbeitsagentur.de/jobsuche/jobdetail/16292-202636p2lfzy-000-S,16292-202636p2lfzy-000-S
https://www.arbeitsagentur.de/jobsuche/jobdetail/10001-1003042167-S,10001-1003042167-S
https://www.arbeitsagentur.de/jobsuche/jobdetail/13999-k53401.30918-S,13999-k53401.30918-S
https://www.arbeitsagentur.de/jobsuche/jobdetail/10001-1003038925-S,10001-1003038925-S
https://www.arbeitsagentur.de/jobsuche/jobdetail/11119-4802984947-S,11119-4802984947-S
https://www.arbeitsagentur.de/jobsuche/jobdetail/14795-66473_118857-S,14795-66473_118857-S
https://www.arbeitsagentur.de/jobsuche/jobdetail/10001-1003037727-S,10001-1003037727-S
https://www.arbeitsagentur.de/jobsuche/jobdetail/12811-2249260-S,12811-2249260-S
https://www.arbeitsagentur.de/jobsuche/jobdetail/11949-17212904-S,11949-17212904-S
https://www.arbeitsagentur.de/jobsuche/jobdetail/12811-2248557-S,12811-2248557-S
https://www.arbeitsagentur.de/jobsuche/jobdetail/10001-1003038035-S,10001-1003038035-S
https://www.arbeitsagentur.de/jobsuche/jobdetail/10001-1003038431-S,10001-1003038431-S
https://www.arbeitsagentur.de/jobsuche/jobdetail/11949-17215812-S,11949-17215812-S
https://www.arbeitsagentur.de/jobsuche/jobdetail/11081-QQVQ1X1GHJFH9DOZ-S,11081-QQVQ1X1GHJFH9DOZ-S
https://www.arbeitsagentur.de/jobsuche/jobdetail/13356-102624A44198C21-S,13356-102624A44198C21-S
https://www.arbeitsagentur.de/jobsuche/jobdetail/11081-25CLPPIYW9H1T5PQ-S,11081-25CLPPIYW9H1T5PQ-S
https://www.arbeitsagentur.de/jobsuche/jobdetail/13356-406863A46112C17-S,13356-406863A46112C17-S
https://www.arbeitsagentur.de/jobsuche/jobdetail/16538-SRTJWD4E9qfslz-S,16538-SRTJWD4E9qfslz-S
https://www.arbeitsagentur.de/jobsuche/jobdetail/11949-17215701-S,11949-17215701-S
https://www.arbeitsagentur.de/jobsuche/jobdetail/11081-LAV3LEGWA56WB7VP-S,11081-LAV3LEGWA56WB7VP-S
https://www.arbeitsagentur.de/jobsuche/jobdetail/10001-1003035520-S,10001-1003035520-S
https://www.arbeitsagentur.de/jobsuche/jobdetail/10001-1003035645-S,10001-1003035645-S
https://www.arbeitsagentur.de/jobsuche/jobdetail/14038-2026050722224-S,14038-2026050722224-S
https://www.arbeitsagentur.de/jobsuche/jobdetail/16963-REF365P-0241384248-S,16963-REF365P-0241384248-S
https://www.arbeitsagentur.de/jobsuche/jobdetail/20276-k62550.1195-S,20276-k62550.1195-S
https://www.arbeitsagentur.de/jobsuche/jobdetail/14373-k36443.3997-S,14373-k36443.3997-S
https://www.arbeitsagentur.de/jobsuche/jobdetail/13669-D2JL6AFKOJKWHUSY-S,13669-D2JL6AFKOJKWHUSY-S
https://www.arbeitsagentur.de/jobsuche/jobdetail/10001-1003043134-S,10001-1003043134-S
https://www.arbeitsagentur.de/jobsuche/jobdetail/12787-258336060526-S,12787-258336060526-S
https://www.arbeitsagentur.de/jobsuche/jobdetail/11949-17213732-S,11949-17213732-S
https://www.arbeitsagentur.de/jobsuche/jobdetail/13356-104230A49171C1-S,13356-104230A49171C1-S
https://www.arbeitsagentur.de/jobsuche/jobdetail/12811-2249173-S,12811-2249173-S
https://www.arbeitsagentur.de/jobsuche/jobdetail/17803-260507172724-PH1411-S,17803-260507172724-PH1411-S
https://www.arbeitsagentur.de/jobsuche/jobdetail/16678-0064602238-S,16678-0064602238-S
https://www.arbeitsagentur.de/jobsuche/jobdetail/10001-1003041848-S,10001-1003041848-S
https://www.arbeitsagentur.de/jobsuche/jobdetail/10001-1003042261-S,10001-1003042261-S
https://www.arbeitsagentur.de/jobsuche/jobdetail/12967-0002_00111291-S,12967-0002_00111291-S
https://www.arbeitsagentur.de/jobsuche/jobdetail/17592-c539b44c6784418-S,17592-c539b44c6784418-S
https://www.arbeitsagentur.de/jobsuche/jobdetail/10001-1003038001-S,10001-1003038001-S
https://www.arbeitsagentur.de/jobsuche/jobdetail/14661-fb19985b42934d6-S,14661-fb19985b42934d6-S
https://www.arbeitsagentur.de/jobsuche/jobdetail/15937-k55805.115279-S,15937-k55805.115279-S
https://www.arbeitsagentur.de/jobsuche/jobdetail/16185-OABQLJTGUYNR9UZY-S,16185-OABQLJTGUYNR9UZY-S
https://www.arbeitsagentur.de/jobsuche/jobdetail/16185-0508R7SL6BR4SYJY-S,16185-0508R7SL6BR4SYJY-S
https://www.arbeitsagentur.de/jobsuche/jobdetail/11949-17215928-S,11949-17215928-S
https://www.arbeitsagentur.de/jobsuche/jobdetail/15576-2248827-S,15576-2248827-S
https://www.arbeitsagentur.de/jobsuche/jobdetail/10001-1003042941-S,10001-1003042941-S
https://www.arbeitsagentur.de/jobsuche/jobdetail/12032-R62F38221-S,12032-R62F38221-S
https://www.arbeitsagentur.de/jobsuche/jobdetail/11949-17216328-S,11949-17216328-S
https://www.arbeitsagentur.de/jobsuche/jobdetail/13635-f8e840c0_JB5140837-S,13635-f8e840c0_JB5140837-S
https://www.arbeitsagentur.de/jobsuche/jobdetail/12811-2249302-S,12811-2249302-S
https://www.arbeitsagentur.de/jobsuche/jobdetail/10001-1003039099-S,10001-1003039099-S
https://www.arbeitsagentur.de/jobsuche/jobdetail/12826-SA0137606_JB5141033-S,12826-SA0137606_JB5141033-S
https://www.arbeitsagentur.de/jobsuche/jobdetail/12122-209160-1770993-0-S,12122-209160-1770993-0-S
https://www.arbeitsagentur.de/jobsuche/jobdetail/10001-1003042233-S,10001-1003042233-S
https://www.arbeitsagentur.de/jobsuche/jobdetail/10001-1003027614-S,10001-1003027614-S
https://www.arbeitsagentur.de/jobsuche/jobdetail/14722-BMM7PJ53XROKWX5N-S,14722-BMM7PJ53XROKWX5N-S
https://www.arbeitsagentur.de/jobsuche/jobdetail/10001-1003036745-S,10001-1003036745-S
https://www.arbeitsagentur.de/jobsuche/jobdetail/11949-17215863-S,11949-17215863-S
https://www.arbeitsagentur.de/jobsuche/jobdetail/12210-e64cf1f3c847453-S,12210-e64cf1f3c847453-S
https://www.arbeitsagentur.de/jobsuche/jobdetail/14373-k36443.4007-S,14373-k36443.4007-S
https://www.arbeitsagentur.de/jobsuche/jobdetail/10001-1003042714-S,10001-1003042714-S
https://www.arbeitsagentur.de/jobsuche/jobdetail/12288-4803095529-S,12288-4803095529-S
https://www.arbeitsagentur.de/jobsuche/jobdetail/17803-260507173008-ER1402-S,17803-260507173008-ER1402-S
https://www.arbeitsagentur.de/jobsuche/jobdetail/16963-REF154N-6595509248-S,16963-REF154N-6595509248-S
https://www.arbeitsagentur.de/jobsuche/jobdetail/13270-2026-00003678-1-S,13270-2026-00003678-1-S
https://www.arbeitsagentur.de/jobsuche/jobdetail/11119-4804221080-S,11119-4804221080-S
https://www.arbeitsagentur.de/jobsuche/jobdetail/11119-4804157163-S,11119-4804157163-S
https://www.arbeitsagentur.de/jobsuche/jobdetail/14751-70A22017-S,14751-70A22017-S
https://www.arbeitsagentur.de/jobsuche/jobdetail/10001-1003040149-S,10001-1003040149-S
https://www.arbeitsagentur.de/jobsuche/jobdetail/11949-17213509-S,11949-17213509-S
https://www.arbeitsagentur.de/jobsuche/jobdetail/11949-17215167-S,11949-17215167-S
https://www.arbeitsagentur.de/jobsuche/jobdetail/10000-1206444351-S,10000-1206444351-S
https://www.arbeitsagentur.de/jobsuche/jobdetail/10001-1003042762-S,10001-1003042762-S
https://www.arbeitsagentur.de/jobsuche/jobdetail/16291-5dcc6cf9dec04bb-S,16291-5dcc6cf9dec04bb-S
https://www.arbeitsagentur.de/jobsuche/jobdetail/10001-1003043135-S,10001-1003043135-S
https://www.arbeitsagentur.de/jobsuche/jobdetail/16291-c994450c5b924a3-S,16291-c994450c5b924a3-S
https://www.arbeitsagentur.de/jobsuche/jobdetail/12811-2249185-S,12811-2249185-S
https://www.arbeitsagentur.de/jobsuche/jobdetail/12739-1A9F6DTT3PCG04X8-S,12739-1A9F6DTT3PCG04X8-S
https://www.arbeitsagentur.de/jobsuche/jobdetail/14880-0064600398-S,14880-0064600398-S
https://www.arbeitsagentur.de/jobsuche/jobdetail/15518-RKUITMH3MUZWSJGW-S,15518-RKUITMH3MUZWSJGW-S
https://www.arbeitsagentur.de/jobsuche/jobdetail/14385-483-2565557-26-S,14385-483-2565557-26-S
https://www.arbeitsagentur.de/jobsuche/jobdetail/12129-4804147952-S,12129-4804147952-S
https://www.arbeitsagentur.de/jobsuche/jobdetail/11081-0M76PR9UTZPYQ072-S,11081-0M76PR9UTZPYQ072-S
https://www.arbeitsagentur.de/jobsuche/jobdetail/11119-4802946284-S,11119-4802946284-S
https://www.arbeitsagentur.de/jobsuche/jobdetail/10001-1003041124-S,10001-1003041124-S
https://www.arbeitsagentur.de/jobsuche/jobdetail/10001-1003037422-S,10001-1003037422-S
https://www.arbeitsagentur.de/jobsuche/jobdetail/20276-k62550.1197-S,20276-k62550.1197-S
https://www.arbeitsagentur.de/jobsuche/jobdetail/11119-4802998268-S,11119-4802998268-S
https://www.arbeitsagentur.de/jobsuche/jobdetail/13270-2026-00003598-1-S,13270-2026-00003598-1-S
https://www.arbeitsagentur.de/jobsuche/jobdetail/11119-4804173019-S,11119-4804173019-S
https://www.arbeitsagentur.de/jobsuche/jobdetail/10001-1003042224-S,10001-1003042224-S
https://www.arbeitsagentur.de/jobsuche/jobdetail/11864-UVV6FY2BR5GQ9T04-S,11864-UVV6FY2BR5GQ9T04-S
https://www.arbeitsagentur.de/jobsuche/jobdetail/11119-4804153643-S,11119-4804153643-S
https://www.arbeitsagentur.de/jobsuche/jobdetail/10001-1003043001-S,10001-1003043001-S
https://www.arbeitsagentur.de/jobsuche/jobdetail/10001-1003038840-S,10001-1003038840-S
https://www.arbeitsagentur.de/jobsuche/jobdetail/12811-2248819-S,12811-2248819-S
https://www.arbeitsagentur.de/jobsuche/jobdetail/17405-k60982.1556-S,17405-k60982.1556-S
https://www.arbeitsagentur.de/jobsuche/jobdetail/10000-1206441856-S,10000-1206441856-S
https://www.arbeitsagentur.de/jobsuche/jobdetail/10001-1003042274-S,10001-1003042274-S
https://www.arbeitsagentur.de/jobsuche/jobdetail/10001-1003040752-S,10001-1003040752-S
https://www.arbeitsagentur.de/jobsuche/jobdetail/10000-1206440810-S,10000-1206440810-S
https://www.arbeitsagentur.de/jobsuche/jobdetail/10001-1003040201-S,10001-1003040201-S
https://www.arbeitsagentur.de/jobsuche/jobdetail/12633-5b265339_JB5140206-S,12633-5b265339_JB5140206-S
https://www.arbeitsagentur.de/jobsuche/jobdetail/15765-B2IIRKUTBUMCHPI6-S,15765-B2IIRKUTBUMCHPI6-S
https://www.arbeitsagentur.de/jobsuche/jobdetail/18024-100PJ000PGX1p-S,18024-100PJ000PGX1p-S
https://www.arbeitsagentur.de/jobsuche/jobdetail/12288-4803076158-S,12288-4803076158-S
https://www.arbeitsagentur.de/jobsuche/jobdetail/11949-17216313-S,11949-17216313-S
https://www.arbeitsagentur.de/jobsuche/jobdetail/11949-17214032-S,11949-17214032-S
https://www.arbeitsagentur.de/jobsuche/jobdetail/12826-SA0137597_JB5141024-S,12826-SA0137597_JB5141024-S
https://www.arbeitsagentur.de/jobsuche/jobdetail/15937-k55805.115296-S,15937-k55805.115296-S
https://www.arbeitsagentur.de/jobsuche/jobdetail/14617-k61089.1759-S,14617-k61089.1759-S
https://www.arbeitsagentur.de/jobsuche/jobdetail/11119-4804225493-S,11119-4804225493-S
https://www.arbeitsagentur.de/jobsuche/jobdetail/10001-1003042961-S,10001-1003042961-S
https://www.arbeitsagentur.de/jobsuche/jobdetail/12054-U3K9YCP1ZKMC2ZLH-S,12054-U3K9YCP1ZKMC2ZLH-S
https://www.arbeitsagentur.de/jobsuche/jobdetail/14927-1se0fcasbgu-S,14927-1se0fcasbgu-S
https://www.arbeitsagentur.de/jobsuche/jobdetail/11119-4803025414-S,11119-4803025414-S
https://www.arbeitsagentur.de/jobsuche/jobdetail/11081-LID9U5RA97TSTAFF-S,11081-LID9U5RA97TSTAFF-S
https://www.arbeitsagentur.de/jobsuche/jobdetail/18024-100PJ000OMA1p-S,18024-100PJ000OMA1p-S
https://www.arbeitsagentur.de/jobsuche/jobdetail/11973-c-075498-S,11973-c-075498-S
https://www.arbeitsagentur.de/jobsuche/jobdetail/13635-a92d884d_JB5141079-S,13635-a92d884d_JB5141079-S
https://www.arbeitsagentur.de/jobsuche/jobdetail/10001-1003033297-S,10001-1003033297-S
https://www.arbeitsagentur.de/jobsuche/jobdetail/14751-62A117717-S,14751-62A117717-S
https://www.arbeitsagentur.de/jobsuche/jobdetail/18011-k59915.3445-S,18011-k59915.3445-S
https://www.arbeitsagentur.de/jobsuche/jobdetail/12931-10274-1771060-0-S,12931-10274-1771060-0-S
https://www.arbeitsagentur.de/jobsuche/jobdetail/10001-1003036553-S,10001-1003036553-S
https://www.arbeitsagentur.de/jobsuche/jobdetail/16857-k58582.1938-S,16857-k58582.1938-S
https://www.arbeitsagentur.de/jobsuche/jobdetail/11864-9RB22ET4OKBB7EUK-S,11864-9RB22ET4OKBB7EUK-S
https://www.arbeitsagentur.de/jobsuche/jobdetail/12608-1401789-9900-1-S,12608-1401789-9900-1-S
https://www.arbeitsagentur.de/jobsuche/jobdetail/13916-44160838-56-S,13916-44160838-56-S
https://www.arbeitsagentur.de/jobsuche/jobdetail/11119-4803022517-S,11119-4803022517-S
https://www.arbeitsagentur.de/jobsuche/jobdetail/12122-209136-1770932-0-S,12122-209136-1770932-0-S
https://www.arbeitsagentur.de/jobsuche/jobdetail/10000-1206442689-S,10000-1206442689-S
https://www.arbeitsagentur.de/jobsuche/jobdetail/10001-1003037984-S,10001-1003037984-S
https://www.arbeitsagentur.de/jobsuche/jobdetail/10000-1206444272-S,10000-1206444272-S
https://www.arbeitsagentur.de/jobsuche/jobdetail/10001-1003037201-S,10001-1003037201-S
https://www.arbeitsagentur.de/jobsuche/jobdetail/11081-02QEMIV6YSN53A8T-S,11081-02QEMIV6YSN53A8T-S
https://www.arbeitsagentur.de/jobsuche/jobdetail/10001-1003037377-S,10001-1003037377-S
https://www.arbeitsagentur.de/jobsuche/jobdetail/14751-272A546-S,14751-272A546-S
https://www.arbeitsagentur.de/jobsuche/jobdetail/10001-1003036712-S,10001-1003036712-S
https://www.arbeitsagentur.de/jobsuche/jobdetail/18024-100PJ000Vd000-S,18024-100PJ000Vd000-S
https://www.arbeitsagentur.de/jobsuche/jobdetail/10001-1003035382-S,10001-1003035382-S
https://www.arbeitsagentur.de/jobsuche/jobdetail/11119-4804164960-S,11119-4804164960-S
https://www.arbeitsagentur.de/jobsuche/jobdetail/10001-1003039020-S,10001-1003039020-S
https://www.arbeitsagentur.de/jobsuche/jobdetail/11949-17213402-S,11949-17213402-S
https://www.arbeitsagentur.de/jobsuche/jobdetail/17909-S95HQRBG2sbure-S,17909-S95HQRBG2sbure-S
https://www.arbeitsagentur.de/jobsuche/jobdetail/10001-1003038532-S,10001-1003038532-S
https://www.arbeitsagentur.de/jobsuche/jobdetail/14927-dvfrh6-S,14927-dvfrh6-S
https://www.arbeitsagentur.de/jobsuche/jobdetail/18024-1008y000ZmI0Z-S,18024-1008y000ZmI0Z-S
https://www.arbeitsagentur.de/jobsuche/jobdetail/11081-60K2GZJSO4ZSQF9Q-S,11081-60K2GZJSO4ZSQF9Q-S
https://www.arbeitsagentur.de/jobsuche/jobdetail/13635-c79868fb_JB5139755-S,13635-c79868fb_JB5139755-S
https://www.arbeitsagentur.de/jobsuche/jobdetail/11119-4791110008-S,11119-4791110008-S
https://www.arbeitsagentur.de/jobsuche/jobdetail/12811-2248580-S,12811-2248580-S
https://www.arbeitsagentur.de/jobsuche/jobdetail/19822-74ti15c4b2-S,19822-74ti15c4b2-S
https://www.arbeitsagentur.de/jobsuche/jobdetail/12633-84e05bba_JB5140188-S,12633-84e05bba_JB5140188-S
https://www.arbeitsagentur.de/jobsuche/jobdetail/12288-4803138081-S,12288-4803138081-S
https://www.arbeitsagentur.de/jobsuche/jobdetail/18024-100PJ000URk1n-S,18024-100PJ000URk1n-S
https://www.arbeitsagentur.de/jobsuche/jobdetail/13669-IISNLK7OWGWT62OJ-S,13669-IISNLK7OWGWT62OJ-S
https://www.arbeitsagentur.de/jobsuche/jobdetail/10001-1003042827-S,10001-1003042827-S
https://www.arbeitsagentur.de/jobsuche/jobdetail/11864-2KH6SP7YQ782U88L-S,11864-2KH6SP7YQ782U88L-S
https://www.arbeitsagentur.de/jobsuche/jobdetail/14792-85VX7CO90N34B463-S,14792-85VX7CO90N34B463-S
https://www.arbeitsagentur.de/jobsuche/jobdetail/10001-1003039625-S,10001-1003039625-S
https://www.arbeitsagentur.de/jobsuche/jobdetail/11081-R4S5EAZPZYRKST7Q-S,11081-R4S5EAZPZYRKST7Q-S
https://www.arbeitsagentur.de/jobsuche/jobdetail/15699-1571195-1-S,15699-1571195-1-S
https://www.arbeitsagentur.de/jobsuche/jobdetail/16864-5V167PACYD3JBDH7-S,16864-5V167PACYD3JBDH7-S
https://www.arbeitsagentur.de/jobsuche/jobdetail/11949-17216474-S,11949-17216474-S
https://www.arbeitsagentur.de/jobsuche/jobdetail/13947-00009d18092001-S,13947-00009d18092001-S
https://www.arbeitsagentur.de/jobsuche/jobdetail/11949-17216729-S,11949-17216729-S
https://www.arbeitsagentur.de/jobsuche/jobdetail/10001-1003043185-S,10001-1003043185-S
https://www.arbeitsagentur.de/jobsuche/jobdetail/15948-k55958.1679-S,15948-k55958.1679-S
https://www.arbeitsagentur.de/jobsuche/jobdetail/17803-260507172806-PF1418-S,17803-260507172806-PF1418-S
https://www.arbeitsagentur.de/jobsuche/jobdetail/11949-17215379-S,11949-17215379-S
https://www.arbeitsagentur.de/jobsuche/jobdetail/15160-4AS2YZU7ATOGOWJZ-S,15160-4AS2YZU7ATOGOWJZ-S
https://www.arbeitsagentur.de/jobsuche/jobdetail/17803-260507172937-OA1409-S,17803-260507172937-OA1409-S
https://www.arbeitsagentur.de/jobsuche/jobdetail/11949-17214407-S,11949-17214407-S
https://www.arbeitsagentur.de/jobsuche/jobdetail/10001-1003038946-S,10001-1003038946-S
https://www.arbeitsagentur.de/jobsuche/jobdetail/16291-ccede1cc0ec544f-S,16291-ccede1cc0ec544f-S
https://www.arbeitsagentur.de/jobsuche/jobdetail/10001-1003036265-S,10001-1003036265-S
https://www.arbeitsagentur.de/jobsuche/jobdetail/10000-1206431592-S,10000-1206431592-S
https://www.arbeitsagentur.de/jobsuche/jobdetail/10001-1003041644-S,10001-1003041644-S
https://www.arbeitsagentur.de/jobsuche/jobdetail/10000-1206447335-S,10000-1206447335-S
https://www.arbeitsagentur.de/jobsuche/jobdetail/14048-ae8eaa07dc0b8f17-S,14048-ae8eaa07dc0b8f17-S
https://www.arbeitsagentur.de/jobsuche/jobdetail/13424-SK2LAJGL98NGNSK4-S,13424-SK2LAJGL98NGNSK4-S
https://www.arbeitsagentur.de/jobsuche/jobdetail/17560-cf02f0b5340c448-S,17560-cf02f0b5340c448-S
https://www.arbeitsagentur.de/jobsuche/jobdetail/15339-1633-1771029-0-S,15339-1633-1771029-0-S
https://www.arbeitsagentur.de/jobsuche/jobdetail/11949-17216588-S,11949-17216588-S
https://www.arbeitsagentur.de/jobsuche/jobdetail/18934-14794-1771069-0-S,18934-14794-1771069-0-S
https://www.arbeitsagentur.de/jobsuche/jobdetail/15339-1092-1770968-0-S,15339-1092-1770968-0-S
https://www.arbeitsagentur.de/jobsuche/jobdetail/10001-1003037949-S,10001-1003037949-S
https://www.arbeitsagentur.de/jobsuche/jobdetail/10001-1003032733-S,10001-1003032733-S
https://www.arbeitsagentur.de/jobsuche/jobdetail/13635-c7cddf34_JB5140470-S,13635-c7cddf34_JB5140470-S
https://www.arbeitsagentur.de/jobsuche/jobdetail/12811-2249301-S,12811-2249301-S
https://www.arbeitsagentur.de/jobsuche/jobdetail/14617-k61089.1755-S,14617-k61089.1755-S
https://www.arbeitsagentur.de/jobsuche/jobdetail/10001-1003041560-S,10001-1003041560-S
https://www.arbeitsagentur.de/jobsuche/jobdetail/17724-M3HUHC2GQXU9QY9V-S,17724-M3HUHC2GQXU9QY9V-S
https://www.arbeitsagentur.de/jobsuche/jobdetail/13999-k53401.30943-S,13999-k53401.30943-S
https://www.arbeitsagentur.de/jobsuche/jobdetail/10001-1003040409-S,10001-1003040409-S
https://www.arbeitsagentur.de/jobsuche/jobdetail/10001-1003038092-S,10001-1003038092-S
https://www.arbeitsagentur.de/jobsuche/jobdetail/10001-1003033188-S,10001-1003033188-S
https://www.arbeitsagentur.de/jobsuche/jobdetail/10001-1003036355-S,10001-1003036355-S
https://www.arbeitsagentur.de/jobsuche/jobdetail/12382-2026-93160002-S,12382-2026-93160002-S
https://www.arbeitsagentur.de/jobsuche/jobdetail/10000-1206448254-S,10000-1206448254-S
https://www.arbeitsagentur.de/jobsuche/jobdetail/10001-1003041462-S,10001-1003041462-S
https://www.arbeitsagentur.de/jobsuche/jobdetail/14927-chbdh2h0if-S,14927-chbdh2h0if-S
https://www.arbeitsagentur.de/jobsuche/jobdetail/18024-100PJ000Uxu0n-S,18024-100PJ000Uxu0n-S
https://www.arbeitsagentur.de/jobsuche/jobdetail/11949-17216177-S,11949-17216177-S
https://www.arbeitsagentur.de/jobsuche/jobdetail/12541-HRGFPSYN1ZUNBDIS-S,12541-HRGFPSYN1ZUNBDIS-S
https://www.arbeitsagentur.de/jobsuche/jobdetail/10001-1003040455-S,10001-1003040455-S
https://www.arbeitsagentur.de/jobsuche/jobdetail/12147-20260507219324-S,12147-20260507219324-S
https://www.arbeitsagentur.de/jobsuche/jobdetail/10001-1003035778-S,10001-1003035778-S
https://www.arbeitsagentur.de/jobsuche/jobdetail/12288-4803163074-S,12288-4803163074-S
https://www.arbeitsagentur.de/jobsuche/jobdetail/11949-17215216-S,11949-17215216-S
https://www.arbeitsagentur.de/jobsuche/jobdetail/11949-17215490-S,11949-17215490-S
https://www.arbeitsagentur.de/jobsuche/jobdetail/17803-260507173008-ER1421-S,17803-260507173008-ER1421-S
https://www.arbeitsagentur.de/jobsuche/jobdetail/11949-17214952-S,11949-17214952-S
https://www.arbeitsagentur.de/jobsuche/jobdetail/11949-17215221-S,11949-17215221-S
https://www.arbeitsagentur.de/jobsuche/jobdetail/12288-4803152538-S,12288-4803152538-S
https://www.arbeitsagentur.de/jobsuche/jobdetail/14751-62A117734-S,14751-62A117734-S
https://www.arbeitsagentur.de/jobsuche/jobdetail/18024-100PJ000VIb0n-S,18024-100PJ000VIb0n-S
https://www.arbeitsagentur.de/jobsuche/jobdetail/12608-1401771-53536-1-S,12608-1401771-53536-1-S
https://www.arbeitsagentur.de/jobsuche/jobdetail/10001-1003042670-S,10001-1003042670-S
https://www.arbeitsagentur.de/jobsuche/jobdetail/10001-1003037164-S,10001-1003037164-S
https://www.arbeitsagentur.de/jobsuche/jobdetail/13947-00009d180ba001-S,13947-00009d180ba001-S
https://www.arbeitsagentur.de/jobsuche/jobdetail/10001-1003039899-S,10001-1003039899-S
https://www.arbeitsagentur.de/jobsuche/jobdetail/14927-tz7roi8dq9-S,14927-tz7roi8dq9-S
https://www.arbeitsagentur.de/jobsuche/jobdetail/10001-1003041654-S,10001-1003041654-S
https://www.arbeitsagentur.de/jobsuche/jobdetail/10000-1206440148-S,10000-1206440148-S
https://www.arbeitsagentur.de/jobsuche/jobdetail/12608-1401780-13024-1-S,12608-1401780-13024-1-S
https://www.arbeitsagentur.de/jobsuche/jobdetail/17394-2025-12480061-S,17394-2025-12480061-S
https://www.arbeitsagentur.de/jobsuche/jobdetail/13999-k53401.30945-S,13999-k53401.30945-S
https://www.arbeitsagentur.de/jobsuche/jobdetail/14927-yu3izva39d-S,14927-yu3izva39d-S
https://www.arbeitsagentur.de/jobsuche/jobdetail/11949-17216346-S,11949-17216346-S
https://www.arbeitsagentur.de/jobsuche/jobdetail/11949-17216300-S,11949-17216300-S
https://www.arbeitsagentur.de/jobsuche/jobdetail/10001-1003039168-S,10001-1003039168-S
https://www.arbeitsagentur.de/jobsuche/jobdetail/10001-1003041913-S,10001-1003041913-S
https://www.arbeitsagentur.de/jobsuche/jobdetail/11119-4804146955-S,11119-4804146955-S
https://www.arbeitsagentur.de/jobsuche/jobdetail/14792-YMFZWGGGCL0KNBI6-S,14792-YMFZWGGGCL0KNBI6-S
https://www.arbeitsagentur.de/jobsuche/jobdetail/10001-1003034507-S,10001-1003034507-S
https://www.arbeitsagentur.de/jobsuche/jobdetail/11119-4802968930-S,11119-4802968930-S
https://www.arbeitsagentur.de/jobsuche/jobdetail/12122-209252-1771096-0-S,12122-209252-1771096-0-S
https://www.arbeitsagentur.de/jobsuche/jobdetail/10000-1206447328-S,10000-1206447328-S
https://www.arbeitsagentur.de/jobsuche/jobdetail/11949-17216095-S,11949-17216095-S
https://www.arbeitsagentur.de/jobsuche/jobdetail/11119-4802973809-S,11119-4802973809-S
https://www.arbeitsagentur.de/jobsuche/jobdetail/13635-00511470_JB5140329-S,13635-00511470_JB5140329-S
https://www.arbeitsagentur.de/jobsuche/jobdetail/12288-4803147235-S,12288-4803147235-S
https://www.arbeitsagentur.de/jobsuche/jobdetail/10001-1003040070-S,10001-1003040070-S
https://www.arbeitsagentur.de/jobsuche/jobdetail/14751-417A9217-S,14751-417A9217-S
https://www.arbeitsagentur.de/jobsuche/jobdetail/14792-1MTRQCZNPI5M1XCE-S,14792-1MTRQCZNPI5M1XCE-S
https://www.arbeitsagentur.de/jobsuche/jobdetail/10001-1003042327-S,10001-1003042327-S
https://www.arbeitsagentur.de/jobsuche/jobdetail/14751-437A347-S,14751-437A347-S
https://www.arbeitsagentur.de/jobsuche/jobdetail/12147-20260506219234-S,12147-20260506219234-S
https://www.arbeitsagentur.de/jobsuche/jobdetail/11081-9Y1UXJMBBB0U93T2-S,11081-9Y1UXJMBBB0U93T2-S
https://www.arbeitsagentur.de/jobsuche/jobdetail/10001-1003036307-S,10001-1003036307-S
https://www.arbeitsagentur.de/jobsuche/jobdetail/16739-2025yv2izw6w-000-S,16739-2025yv2izw6w-000-S
https://www.arbeitsagentur.de/jobsuche/jobdetail/12287-JOB-838336-S,12287-JOB-838336-S
https://www.arbeitsagentur.de/jobsuche/jobdetail/10001-1003040421-S,10001-1003040421-S
https://www.arbeitsagentur.de/jobsuche/jobdetail/10001-1003038393-S,10001-1003038393-S
https://www.arbeitsagentur.de/jobsuche/jobdetail/12513-0007639495-S,12513-0007639495-S
https://www.arbeitsagentur.de/jobsuche/jobdetail/13251-7hjy2eh2sv-S,13251-7hjy2eh2sv-S
https://www.arbeitsagentur.de/jobsuche/jobdetail/10001-1003042070-S,10001-1003042070-S
https://www.arbeitsagentur.de/jobsuche/jobdetail/13356-106525A47724C8-S,13356-106525A47724C8-S
https://www.arbeitsagentur.de/jobsuche/jobdetail/10001-1003043033-S,10001-1003043033-S
https://www.arbeitsagentur.de/jobsuche/jobdetail/10000-1206446393-S,10000-1206446393-S
https://www.arbeitsagentur.de/jobsuche/jobdetail/10001-1003039482-S,10001-1003039482-S
https://www.arbeitsagentur.de/jobsuche/jobdetail/16291-8922c9bdb68a47f-S,16291-8922c9bdb68a47f-S
https://www.arbeitsagentur.de/jobsuche/jobdetail/13525-k45548.3517-S,13525-k45548.3517-S
https://www.arbeitsagentur.de/jobsuche/jobdetail/14927-dyxqbf-S,14927-dyxqbf-S
https://www.arbeitsagentur.de/jobsuche/jobdetail/13635-1235ddbe_JB5139930-S,13635-1235ddbe_JB5139930-S
https://www.arbeitsagentur.de/jobsuche/jobdetail/10001-1003035733-S,10001-1003035733-S
https://www.arbeitsagentur.de/jobsuche/jobdetail/11949-17215006-S,11949-17215006-S
https://www.arbeitsagentur.de/jobsuche/jobdetail/11081-5QKUDC6IC14EXHJI-S,11081-5QKUDC6IC14EXHJI-S
https://www.arbeitsagentur.de/jobsuche/jobdetail/12811-2248010-S,12811-2248010-S
https://www.arbeitsagentur.de/jobsuche/jobdetail/10001-1003042222-S,10001-1003042222-S
https://www.arbeitsagentur.de/jobsuche/jobdetail/10001-1003038277-S,10001-1003038277-S
https://www.arbeitsagentur.de/jobsuche/jobdetail/10001-1003040453-S,10001-1003040453-S
https://www.arbeitsagentur.de/jobsuche/jobdetail/13635-eaa73d15_JB5140450-S,13635-eaa73d15_JB5140450-S
https://www.arbeitsagentur.de/jobsuche/jobdetail/19155-b21b545c_JB5140743-S,19155-b21b545c_JB5140743-S
https://www.arbeitsagentur.de/jobsuche/jobdetail/12122-209141-1770943-0-S,12122-209141-1770943-0-S
https://www.arbeitsagentur.de/jobsuche/jobdetail/11949-17215586-S,11949-17215586-S
https://www.arbeitsagentur.de/jobsuche/jobdetail/11119-4791110605-S,11119-4791110605-S
https://www.arbeitsagentur.de/jobsuche/jobdetail/12608-1401834-8906-1-S,12608-1401834-8906-1-S
https://www.arbeitsagentur.de/jobsuche/jobdetail/14795-66467_118794-S,14795-66467_118794-S
https://www.arbeitsagentur.de/jobsuche/jobdetail/15986-REF285432U-1-S,15986-REF285432U-1-S
https://www.arbeitsagentur.de/jobsuche/jobdetail/14087-1LZQO1YGJK1HAL8C-S,14087-1LZQO1YGJK1HAL8C-S
https://www.arbeitsagentur.de/jobsuche/jobdetail/11949-17216068-S,11949-17216068-S
https://www.arbeitsagentur.de/jobsuche/jobdetail/10001-1003037183-S,10001-1003037183-S
https://www.arbeitsagentur.de/jobsuche/jobdetail/13356-102628A34468C44-S,13356-102628A34468C44-S
https://www.arbeitsagentur.de/jobsuche/jobdetail/13635-6beeb3a8_JB5139921-S,13635-6beeb3a8_JB5139921-S
https://www.arbeitsagentur.de/jobsuche/jobdetail/17803-260507172806-PF1424-S,17803-260507172806-PF1424-S
https://www.arbeitsagentur.de/jobsuche/jobdetail/18024-100PC0008sE1a-S,18024-100PC0008sE1a-S
https://www.arbeitsagentur.de/jobsuche/jobdetail/11081-RB55HK7IYPWRJE0C-S,11081-RB55HK7IYPWRJE0C-S
https://www.arbeitsagentur.de/jobsuche/jobdetail/17149-20230diffn9r-002-S,17149-20230diffn9r-002-S
https://www.arbeitsagentur.de/jobsuche/jobdetail/14927-2jg4hybv1ub-S,14927-2jg4hybv1ub-S
https://www.arbeitsagentur.de/jobsuche/jobdetail/10001-1003038684-S,10001-1003038684-S
https://www.arbeitsagentur.de/jobsuche/jobdetail/12826-SA0137552_JB5140527-S,12826-SA0137552_JB5140527-S
https://www.arbeitsagentur.de/jobsuche/jobdetail/11119-4803018673-S,11119-4803018673-S
https://www.arbeitsagentur.de/jobsuche/jobdetail/13635-86e1adf1_JB5140950-S,13635-86e1adf1_JB5140950-S
https://www.arbeitsagentur.de/jobsuche/jobdetail/10001-1003040018-S,10001-1003040018-S
https://www.arbeitsagentur.de/jobsuche/jobdetail/11949-17216469-S,11949-17216469-S
https://www.arbeitsagentur.de/jobsuche/jobdetail/11119-4803023954-S,11119-4803023954-S
https://www.arbeitsagentur.de/jobsuche/jobdetail/13517-0000301ae02001-S,13517-0000301ae02001-S
https://www.arbeitsagentur.de/jobsuche/jobdetail/10000-1206436793-S,10000-1206436793-S
https://www.arbeitsagentur.de/jobsuche/jobdetail/10000-1206439890-S,10000-1206439890-S
https://www.arbeitsagentur.de/jobsuche/jobdetail/10001-1003036013-S,10001-1003036013-S
https://www.arbeitsagentur.de/jobsuche/jobdetail/11081-A2KAULI8G60ET8KT-S,11081-A2KAULI8G60ET8KT-S
https://www.arbeitsagentur.de/jobsuche/jobdetail/14373-k36443.3999-S,14373-k36443.3999-S
https://www.arbeitsagentur.de/jobsuche/jobdetail/11119-4792564410-S,11119-4792564410-S
https://www.arbeitsagentur.de/jobsuche/jobdetail/10001-1003040583-S,10001-1003040583-S
https://www.arbeitsagentur.de/jobsuche/jobdetail/10001-1003036742-S,10001-1003036742-S
https://www.arbeitsagentur.de/jobsuche/jobdetail/11081-D8CKUE9B55DN7282-S,11081-D8CKUE9B55DN7282-S
https://www.arbeitsagentur.de/jobsuche/jobdetail/12209-13743225-S,12209-13743225-S
https://www.arbeitsagentur.de/jobsuche/jobdetail/12704-KLUUMN2SIJBZOBUT-S,12704-KLUUMN2SIJBZOBUT-S
https://www.arbeitsagentur.de/jobsuche/jobdetail/12310-5AENZMRA6QT49EFA-S,12310-5AENZMRA6QT49EFA-S
https://www.arbeitsagentur.de/jobsuche/jobdetail/11119-4804146947-S,11119-4804146947-S
https://www.arbeitsagentur.de/jobsuche/jobdetail/14751-70A21998-S,14751-70A21998-S
https://www.arbeitsagentur.de/jobsuche/jobdetail/13356-105965A18709C94-S,13356-105965A18709C94-S
https://www.arbeitsagentur.de/jobsuche/jobdetail/10001-1003041498-S,10001-1003041498-S
https://www.arbeitsagentur.de/jobsuche/jobdetail/10001-1003041337-S,10001-1003041337-S
https://www.arbeitsagentur.de/jobsuche/jobdetail/10000-1206413459-S,10000-1206413459-S
https://www.arbeitsagentur.de/jobsuche/jobdetail/10001-1003039387-S,10001-1003039387-S
https://www.arbeitsagentur.de/jobsuche/jobdetail/14722-M3X47QKK1WCBV62F-S,14722-M3X47QKK1WCBV62F-S
https://www.arbeitsagentur.de/jobsuche/jobdetail/13635-d5e9a636_JB5140025-S,13635-d5e9a636_JB5140025-S
https://www.arbeitsagentur.de/jobsuche/jobdetail/10000-1206439493-S,10000-1206439493-S
https://www.arbeitsagentur.de/jobsuche/jobdetail/18024-100BR0003Mz3H-S,18024-100BR0003Mz3H-S
https://www.arbeitsagentur.de/jobsuche/jobdetail/13635-3bdb5437_JB5140043-S,13635-3bdb5437_JB5140043-S
https://www.arbeitsagentur.de/jobsuche/jobdetail/14927-1y3dgqrm8b4-S,14927-1y3dgqrm8b4-S
https://www.arbeitsagentur.de/jobsuche/jobdetail/18506-a6ea8bc7056d4498-S,18506-a6ea8bc7056d4498-S
https://www.arbeitsagentur.de/jobsuche/jobdetail/14471-WMQ63IHZ5NK6DQ1E-S,14471-WMQ63IHZ5NK6DQ1E-S
https://www.arbeitsagentur.de/jobsuche/jobdetail/10001-1003040911-S,10001-1003040911-S
https://www.arbeitsagentur.de/jobsuche/jobdetail/13635-00511377_JB5140326-S,13635-00511377_JB5140326-S
https://www.arbeitsagentur.de/jobsuche/jobdetail/11949-17214948-S,11949-17214948-S
https://www.arbeitsagentur.de/jobsuche/jobdetail/12811-2249169-S,12811-2249169-S
https://www.arbeitsagentur.de/jobsuche/jobdetail/10001-1003037864-S,10001-1003037864-S
https://www.arbeitsagentur.de/jobsuche/jobdetail/12811-2248721-S,12811-2248721-S
https://www.arbeitsagentur.de/jobsuche/jobdetail/10000-1206447763-S,10000-1206447763-S
https://www.arbeitsagentur.de/jobsuche/jobdetail/13334-00005f643b6001-S,13334-00005f643b6001-S
https://www.arbeitsagentur.de/jobsuche/jobdetail/10000-1206437489-S,10000-1206437489-S
https://www.arbeitsagentur.de/jobsuche/jobdetail/18024-1002X000Q4g1V-S,18024-1002X000Q4g1V-S
https://www.arbeitsagentur.de/jobsuche/jobdetail/14751-373A97244-S,14751-373A97244-S
https://www.arbeitsagentur.de/jobsuche/jobdetail/20340-2248270-S,20340-2248270-S
https://www.arbeitsagentur.de/jobsuche/jobdetail/10001-1003041324-S,10001-1003041324-S
https://www.arbeitsagentur.de/jobsuche/jobdetail/13243-SDE-96790-JB-S,13243-SDE-96790-JB-S
https://www.arbeitsagentur.de/jobsuche/jobdetail/14751-70A21988-S,14751-70A21988-S
https://www.arbeitsagentur.de/jobsuche/jobdetail/11949-17213616-S,11949-17213616-S
https://www.arbeitsagentur.de/jobsuche/jobdetail/12608-1401784-8887-1-S,12608-1401784-8887-1-S
https://www.arbeitsagentur.de/jobsuche/jobdetail/18024-100PJ000VNh0Z-S,18024-100PJ000VNh0Z-S
https://www.arbeitsagentur.de/jobsuche/jobdetail/10001-1003038207-S,10001-1003038207-S
https://www.arbeitsagentur.de/jobsuche/jobdetail/11949-17214525-S,11949-17214525-S
https://www.arbeitsagentur.de/jobsuche/jobdetail/11119-4791109344-S,11119-4791109344-S
https://www.arbeitsagentur.de/jobsuche/jobdetail/12953-AW_609652LS-S,12953-AW_609652LS-S
https://www.arbeitsagentur.de/jobsuche/jobdetail/12288-4803155864-S,12288-4803155864-S
https://www.arbeitsagentur.de/jobsuche/jobdetail/14087-8IZQD0CS0ZQGLKWD-S,14087-8IZQD0CS0ZQGLKWD-S
https://www.arbeitsagentur.de/jobsuche/jobdetail/11119-4804123547-S,11119-4804123547-S
https://www.arbeitsagentur.de/jobsuche/jobdetail/10001-1003036301-S,10001-1003036301-S
https://www.arbeitsagentur.de/jobsuche/jobdetail/12086-KEA1IURAZD8EPZQN-S,12086-KEA1IURAZD8EPZQN-S
https://www.arbeitsagentur.de/jobsuche/jobdetail/11949-17214668-S,11949-17214668-S
https://www.arbeitsagentur.de/jobsuche/jobdetail/11112-3430-1770828-0-S,11112-3430-1770828-0-S
https://www.arbeitsagentur.de/jobsuche/jobdetail/15937-k55805.115249-S,15937-k55805.115249-S
https://www.arbeitsagentur.de/jobsuche/jobdetail/14927-dp1ypwpvie-S,14927-dp1ypwpvie-S
https://www.arbeitsagentur.de/jobsuche/jobdetail/12222-4LOOSWRLNZ28Z9VR-S,12222-4LOOSWRLNZ28Z9VR-S
https://www.arbeitsagentur.de/jobsuche/jobdetail/17803-260507172724-PH1415-S,17803-260507172724-PH1415-S
https://www.arbeitsagentur.de/jobsuche/jobdetail/11949-17214815-S,11949-17214815-S
https://www.arbeitsagentur.de/jobsuche/jobdetail/10001-1003038722-S,10001-1003038722-S
https://www.arbeitsagentur.de/jobsuche/jobdetail/11949-17216727-S,11949-17216727-S
https://www.arbeitsagentur.de/jobsuche/jobdetail/11119-4804224309-S,11119-4804224309-S
https://www.arbeitsagentur.de/jobsuche/jobdetail/13643-609579LS-S,13643-609579LS-S
https://www.arbeitsagentur.de/jobsuche/jobdetail/12787-256856070526-S,12787-256856070526-S
https://www.arbeitsagentur.de/jobsuche/jobdetail/12704-HSUSPU7MA4VTGRTB-S,12704-HSUSPU7MA4VTGRTB-S
https://www.arbeitsagentur.de/jobsuche/jobdetail/11949-17215376-S,11949-17215376-S
https://www.arbeitsagentur.de/jobsuche/jobdetail/10001-1003036577-S,10001-1003036577-S
https://www.arbeitsagentur.de/jobsuche/jobdetail/11949-17216345-S,11949-17216345-S
https://www.arbeitsagentur.de/jobsuche/jobdetail/12288-4803122148-S,12288-4803122148-S
https://www.arbeitsagentur.de/jobsuche/jobdetail/12287-JOB-815226-S,12287-JOB-815226-S
https://www.arbeitsagentur.de/jobsuche/jobdetail/11119-4803888286-S,11119-4803888286-S
https://www.arbeitsagentur.de/jobsuche/jobdetail/12122-209200-1771046-0-S,12122-209200-1771046-0-S
https://www.arbeitsagentur.de/jobsuche/jobdetail/12826-SA0137566_JB5140761-S,12826-SA0137566_JB5140761-S
https://www.arbeitsagentur.de/jobsuche/jobdetail/12608-1401788-16833-1-S,12608-1401788-16833-1-S
https://www.arbeitsagentur.de/jobsuche/jobdetail/14751-373A97111-S,14751-373A97111-S
https://www.arbeitsagentur.de/jobsuche/jobdetail/10001-1003043035-S,10001-1003043035-S
https://www.arbeitsagentur.de/jobsuche/jobdetail/12122-209142-1770931-0-S,12122-209142-1770931-0-S
https://www.arbeitsagentur.de/jobsuche/jobdetail/11949-17215782-S,11949-17215782-S
https://www.arbeitsagentur.de/jobsuche/jobdetail/11864-MI5899SEU62HRYZB-S,11864-MI5899SEU62HRYZB-S
https://www.arbeitsagentur.de/jobsuche/jobdetail/10000-1206444317-S,10000-1206444317-S
https://www.arbeitsagentur.de/jobsuche/jobdetail/11119-4803022098-S,11119-4803022098-S
https://www.arbeitsagentur.de/jobsuche/jobdetail/10001-1003034234-S,10001-1003034234-S
https://www.arbeitsagentur.de/jobsuche/jobdetail/13356-102639A48069C4-S,13356-102639A48069C4-S
https://www.arbeitsagentur.de/jobsuche/jobdetail/10001-1003042589-S,10001-1003042589-S
https://www.arbeitsagentur.de/jobsuche/jobdetail/12811-2248597-S,12811-2248597-S
https://www.arbeitsagentur.de/jobsuche/jobdetail/15688-CJN7ADIX0WDOFGK5-S,15688-CJN7ADIX0WDOFGK5-S
https://www.arbeitsagentur.de/jobsuche/jobdetail/12585-k10565.16206-S,12585-k10565.16206-S
https://www.arbeitsagentur.de/jobsuche/jobdetail/12826-SA0137595_JB5141022-S,12826-SA0137595_JB5141022-S
https://www.arbeitsagentur.de/jobsuche/jobdetail/14927-dz4nn1-S,14927-dz4nn1-S
https://www.arbeitsagentur.de/jobsuche/jobdetail/12608-1401798-6583-1-S,12608-1401798-6583-1-S
https://www.arbeitsagentur.de/jobsuche/jobdetail/11949-17216725-S,11949-17216725-S
https://www.arbeitsagentur.de/jobsuche/jobdetail/11949-17216012-S,11949-17216012-S
https://www.arbeitsagentur.de/jobsuche/jobdetail/11949-17215008-S,11949-17215008-S
https://www.arbeitsagentur.de/jobsuche/jobdetail/14048-b9d13033be2293f5-S,14048-b9d13033be2293f5-S
https://www.arbeitsagentur.de/jobsuche/jobdetail/15253-9LZIGYWPK31F1UPN-S,15253-9LZIGYWPK31F1UPN-S
https://www.arbeitsagentur.de/jobsuche/jobdetail/10001-1003039166-S,10001-1003039166-S
https://www.arbeitsagentur.de/jobsuche/jobdetail/10001-1003040320-S,10001-1003040320-S
https://www.arbeitsagentur.de/jobsuche/jobdetail/18024-100PJ000VAX15-S,18024-100PJ000VAX15-S
https://www.arbeitsagentur.de/jobsuche/jobdetail/10001-1003040572-S,10001-1003040572-S
https://www.arbeitsagentur.de/jobsuche/jobdetail/10001-1003039677-S,10001-1003039677-S
https://www.arbeitsagentur.de/jobsuche/jobdetail/12147-20260507219346-S,12147-20260507219346-S
https://www.arbeitsagentur.de/jobsuche/jobdetail/12811-2248768-S,12811-2248768-S
https://www.arbeitsagentur.de/jobsuche/jobdetail/14751-70A22039-S,14751-70A22039-S
https://www.arbeitsagentur.de/jobsuche/jobdetail/14927-kdtoevo8vj-S,14927-kdtoevo8vj-S
https://www.arbeitsagentur.de/jobsuche/jobdetail/10001-1003036637-S,10001-1003036637-S
https://www.arbeitsagentur.de/jobsuche/jobdetail/14471-NL4DRONSAIRJ39DN-S,14471-NL4DRONSAIRJ39DN-S
https://www.arbeitsagentur.de/jobsuche/jobdetail/10000-1206445647-S,10000-1206445647-S
https://www.arbeitsagentur.de/jobsuche/jobdetail/18024-100PJ000VT00L-S,18024-100PJ000VT00L-S
https://www.arbeitsagentur.de/jobsuche/jobdetail/14087-AI3O44ZDRWLSZ827-S,14087-AI3O44ZDRWLSZ827-S
https://www.arbeitsagentur.de/jobsuche/jobdetail/15160-OHDJCMHDLY3JI0GM-S,15160-OHDJCMHDLY3JI0GM-S
https://www.arbeitsagentur.de/jobsuche/jobdetail/10001-1003036270-S,10001-1003036270-S
https://www.arbeitsagentur.de/jobsuche/jobdetail/10001-1003035771-S,10001-1003035771-S
https://www.arbeitsagentur.de/jobsuche/jobdetail/14751-373A95912-S,14751-373A95912-S
https://www.arbeitsagentur.de/jobsuche/jobdetail/12811-2249045-S,12811-2249045-S
https://www.arbeitsagentur.de/jobsuche/jobdetail/13517-0000301adf6001-S,13517-0000301adf6001-S
https://www.arbeitsagentur.de/jobsuche/jobdetail/10001-1003040398-S,10001-1003040398-S
https://www.arbeitsagentur.de/jobsuche/jobdetail/11949-17216033-S,11949-17216033-S
https://www.arbeitsagentur.de/jobsuche/jobdetail/17464-9W7BAR5AA1THK09Y-S,17464-9W7BAR5AA1THK09Y-S
https://www.arbeitsagentur.de/jobsuche/jobdetail/10001-1003041302-S,10001-1003041302-S
https://www.arbeitsagentur.de/jobsuche/jobdetail/14722-UZ0GRRNSWGV6NN4S-S,14722-UZ0GRRNSWGV6NN4S-S
https://www.arbeitsagentur.de/jobsuche/jobdetail/15015-19588-1770916-0-S,15015-19588-1770916-0-S
https://www.arbeitsagentur.de/jobsuche/jobdetail/17464-ZPKICCOGX3AG24IO-S,17464-ZPKICCOGX3AG24IO-S
https://www.arbeitsagentur.de/jobsuche/jobdetail/12288-4803151487-S,12288-4803151487-S
https://www.arbeitsagentur.de/jobsuche/jobdetail/10001-1003037604-S,10001-1003037604-S
https://www.arbeitsagentur.de/jobsuche/jobdetail/11949-17213492-S,11949-17213492-S
https://www.arbeitsagentur.de/jobsuche/jobdetail/12076-2026050710001175-S,12076-2026050710001175-S
https://www.arbeitsagentur.de/jobsuche/jobdetail/10001-1003033938-S,10001-1003033938-S
https://www.arbeitsagentur.de/jobsuche/jobdetail/12811-2249351-S,12811-2249351-S
https://www.arbeitsagentur.de/jobsuche/jobdetail/20242-4804159502-S,20242-4804159502-S
https://www.arbeitsagentur.de/jobsuche/jobdetail/11119-4803043147-S,11119-4803043147-S
https://www.arbeitsagentur.de/jobsuche/jobdetail/10001-1003037801-S,10001-1003037801-S
https://www.arbeitsagentur.de/jobsuche/jobdetail/14751-70A22024-S,14751-70A22024-S
https://www.arbeitsagentur.de/jobsuche/jobdetail/10001-1003036755-S,10001-1003036755-S
https://www.arbeitsagentur.de/jobsuche/jobdetail/13356-101813A47716C8-S,13356-101813A47716C8-S
https://www.arbeitsagentur.de/jobsuche/jobdetail/11949-17216139-S,11949-17216139-S
https://www.arbeitsagentur.de/jobsuche/jobdetail/14048-f0c6d7532c1a426a-S,14048-f0c6d7532c1a426a-S
https://www.arbeitsagentur.de/jobsuche/jobdetail/10001-1003036443-S,10001-1003036443-S
https://www.arbeitsagentur.de/jobsuche/jobdetail/17803-260506170707-PH1325-S,17803-260506170707-PH1325-S
https://www.arbeitsagentur.de/jobsuche/jobdetail/14751-437A307-S,14751-437A307-S
https://www.arbeitsagentur.de/jobsuche/jobdetail/11949-17214206-S,11949-17214206-S
https://www.arbeitsagentur.de/jobsuche/jobdetail/10001-1003042126-S,10001-1003042126-S
https://www.arbeitsagentur.de/jobsuche/jobdetail/11949-17212924-S,11949-17212924-S
https://www.arbeitsagentur.de/jobsuche/jobdetail/10001-1003039223-S,10001-1003039223-S
https://www.arbeitsagentur.de/jobsuche/jobdetail/11119-4802976314-S,11119-4802976314-S
https://www.arbeitsagentur.de/jobsuche/jobdetail/18857-5kk3kkv5kh-S,18857-5kk3kkv5kh-S
https://www.arbeitsagentur.de/jobsuche/jobdetail/11949-17214781-S,11949-17214781-S
https://www.arbeitsagentur.de/jobsuche/jobdetail/11119-4803020398-S,11119-4803020398-S
https://www.arbeitsagentur.de/jobsuche/jobdetail/13038-4804184972-S,13038-4804184972-S
https://www.arbeitsagentur.de/jobsuche/jobdetail/10001-1003035997-S,10001-1003035997-S
https://www.arbeitsagentur.de/jobsuche/jobdetail/10001-1003042932-S,10001-1003042932-S
https://www.arbeitsagentur.de/jobsuche/jobdetail/14385-414-2565376-26-S,14385-414-2565376-26-S
https://www.arbeitsagentur.de/jobsuche/jobdetail/12811-2248735-S,12811-2248735-S
https://www.arbeitsagentur.de/jobsuche/jobdetail/11119-4803004086-S,11119-4803004086-S
https://www.arbeitsagentur.de/jobsuche/jobdetail/11081-HVIY4P2I5YB06HPG-S,11081-HVIY4P2I5YB06HPG-S
https://www.arbeitsagentur.de/jobsuche/jobdetail/11949-17215520-S,11949-17215520-S
https://www.arbeitsagentur.de/jobsuche/jobdetail/13297-k10974.940-S,13297-k10974.940-S
https://www.arbeitsagentur.de/jobsuche/jobdetail/10001-1003042279-S,10001-1003042279-S
https://www.arbeitsagentur.de/jobsuche/jobdetail/10001-1003037571-S,10001-1003037571-S
https://www.arbeitsagentur.de/jobsuche/jobdetail/10001-1003036020-S,10001-1003036020-S
https://www.arbeitsagentur.de/jobsuche/jobdetail/10001-1003039283-S,10001-1003039283-S
https://www.arbeitsagentur.de/jobsuche/jobdetail/11119-4804136449-S,11119-4804136449-S
https://www.arbeitsagentur.de/jobsuche/jobdetail/10001-1003039857-S,10001-1003039857-S
https://www.arbeitsagentur.de/jobsuche/jobdetail/10001-1003035889-S,10001-1003035889-S
https://www.arbeitsagentur.de/jobsuche/jobdetail/10001-1003036828-S,10001-1003036828-S
https://www.arbeitsagentur.de/jobsuche/jobdetail/10001-1003039617-S,10001-1003039617-S
https://www.arbeitsagentur.de/jobsuche/jobdetail/10001-1003042634-S,10001-1003042634-S
https://www.arbeitsagentur.de/jobsuche/jobdetail/17803-260507172724-PH1417-S,17803-260507172724-PH1417-S
https://www.arbeitsagentur.de/jobsuche/jobdetail/14040-6DFZ2NWT5VI5MUW8-S,14040-6DFZ2NWT5VI5MUW8-S
https://www.arbeitsagentur.de/jobsuche/jobdetail/15765-91MWD4FG6R8RMGQF-S,15765-91MWD4FG6R8RMGQF-S
https://www.arbeitsagentur.de/jobsuche/jobdetail/13465-00021a64946001-S,13465-00021a64946001-S
https://www.arbeitsagentur.de/jobsuche/jobdetail/14332-00002f2a2ee001-S,14332-00002f2a2ee001-S
https://www.arbeitsagentur.de/jobsuche/jobdetail/14661-983c3d2f1c7d401-S,14661-983c3d2f1c7d401-S
https://www.arbeitsagentur.de/jobsuche/jobdetail/12122-209181-1771028-0-S,12122-209181-1771028-0-S
https://www.arbeitsagentur.de/jobsuche/jobdetail/10001-1003038479-S,10001-1003038479-S
https://www.arbeitsagentur.de/jobsuche/jobdetail/10001-1003033184-S,10001-1003033184-S
https://www.arbeitsagentur.de/jobsuche/jobdetail/10000-1206447449-S,10000-1206447449-S
https://www.arbeitsagentur.de/jobsuche/jobdetail/10001-1003034533-S,10001-1003034533-S
https://www.arbeitsagentur.de/jobsuche/jobdetail/11119-4804136597-S,11119-4804136597-S
https://www.arbeitsagentur.de/jobsuche/jobdetail/13356-101813A41464C27-S,13356-101813A41464C27-S
https://www.arbeitsagentur.de/jobsuche/jobdetail/10001-1003042641-S,10001-1003042641-S
https://www.arbeitsagentur.de/jobsuche/jobdetail/10000-1206446431-S,10000-1206446431-S
https://www.arbeitsagentur.de/jobsuche/jobdetail/13035-12400257832377cf-SO-S,13035-12400257832377cf-SO-S
https://www.arbeitsagentur.de/jobsuche/jobdetail/11949-17215322-S,11949-17215322-S
https://www.arbeitsagentur.de/jobsuche/jobdetail/13635-5f3c9206_JB5139656-S,13635-5f3c9206_JB5139656-S
https://www.arbeitsagentur.de/jobsuche/jobdetail/11119-4804127299-S,11119-4804127299-S
https://www.arbeitsagentur.de/jobsuche/jobdetail/11949-17215826-S,11949-17215826-S
https://www.arbeitsagentur.de/jobsuche/jobdetail/10001-1003038646-S,10001-1003038646-S
https://www.arbeitsagentur.de/jobsuche/jobdetail/10000-1206441502-S,10000-1206441502-S
https://www.arbeitsagentur.de/jobsuche/jobdetail/10001-1003040476-S,10001-1003040476-S
https://www.arbeitsagentur.de/jobsuche/jobdetail/17489-753533ed4cba435-S,17489-753533ed4cba435-S
https://www.arbeitsagentur.de/jobsuche/jobdetail/10001-1003041483-S,10001-1003041483-S
https://www.arbeitsagentur.de/jobsuche/jobdetail/10001-1003033823-S,10001-1003033823-S
https://www.arbeitsagentur.de/jobsuche/jobdetail/10001-1003041118-S,10001-1003041118-S
https://www.arbeitsagentur.de/jobsuche/jobdetail/11949-17216200-S,11949-17216200-S
https://www.arbeitsagentur.de/jobsuche/jobdetail/12456-1571033-1-S,12456-1571033-1-S
https://www.arbeitsagentur.de/jobsuche/jobdetail/13635-8ddba92c_JB5140568-S,13635-8ddba92c_JB5140568-S
https://www.arbeitsagentur.de/jobsuche/jobdetail/10001-1003040175-S,10001-1003040175-S
https://www.arbeitsagentur.de/jobsuche/jobdetail/14048-3d5bc4d8e60fcc80-S,14048-3d5bc4d8e60fcc80-S
https://www.arbeitsagentur.de/jobsuche/jobdetail/10001-1003035842-S,10001-1003035842-S
https://www.arbeitsagentur.de/jobsuche/jobdetail/13635-253d931c_JB5140835-S,13635-253d931c_JB5140835-S
https://www.arbeitsagentur.de/jobsuche/jobdetail/11949-17215590-S,11949-17215590-S
https://www.arbeitsagentur.de/jobsuche/jobdetail/16963-REF277O-9486291248-S,16963-REF277O-9486291248-S
https://www.arbeitsagentur.de/jobsuche/jobdetail/10000-1206450407-S,10000-1206450407-S
https://www.arbeitsagentur.de/jobsuche/jobdetail/13280-OD9J7CQDRNA2G9KA-S,13280-OD9J7CQDRNA2G9KA-S
https://www.arbeitsagentur.de/jobsuche/jobdetail/10001-1003034212-S,10001-1003034212-S
https://www.arbeitsagentur.de/jobsuche/jobdetail/10001-1003041480-S,10001-1003041480-S
https://www.arbeitsagentur.de/jobsuche/jobdetail/14751-373A95185-S,14751-373A95185-S
https://www.arbeitsagentur.de/jobsuche/jobdetail/11119-4792622557-S,11119-4792622557-S
https://www.arbeitsagentur.de/jobsuche/jobdetail/14340-458432481-S,14340-458432481-S
https://www.arbeitsagentur.de/jobsuche/jobdetail/10001-1003034628-S,10001-1003034628-S
https://www.arbeitsagentur.de/jobsuche/jobdetail/10001-1003036423-S,10001-1003036423-S
https://www.arbeitsagentur.de/jobsuche/jobdetail/17560-47e9e1eef177463-S,17560-47e9e1eef177463-S
https://www.arbeitsagentur.de/jobsuche/jobdetail/12310-I07GQAI00JEVKVOC-S,12310-I07GQAI00JEVKVOC-S
https://www.arbeitsagentur.de/jobsuche/jobdetail/18024-100BR0003Yw0G-S,18024-100BR0003Yw0G-S
https://www.arbeitsagentur.de/jobsuche/jobdetail/17309-2eb51f021bcc38ef-S,17309-2eb51f021bcc38ef-S
https://www.arbeitsagentur.de/jobsuche/jobdetail/10000-1206434695-S,10000-1206434695-S
https://www.arbeitsagentur.de/jobsuche/jobdetail/10001-1003041554-S,10001-1003041554-S
https://www.arbeitsagentur.de/jobsuche/jobdetail/14795-66301_118836-S,14795-66301_118836-S
https://www.arbeitsagentur.de/jobsuche/jobdetail/12444-563465373078023-S,12444-563465373078023-S
https://www.arbeitsagentur.de/jobsuche/jobdetail/10001-1003040913-S,10001-1003040913-S
https://www.arbeitsagentur.de/jobsuche/jobdetail/14751-437A377-S,14751-437A377-S
https://www.arbeitsagentur.de/jobsuche/jobdetail/10001-1003039395-S,10001-1003039395-S
https://www.arbeitsagentur.de/jobsuche/jobdetail/18024-1002X000QMv0k-S,18024-1002X000QMv0k-S
https://www.arbeitsagentur.de/jobsuche/jobdetail/11949-17211386-S,11949-17211386-S
https://www.arbeitsagentur.de/jobsuche/jobdetail/14373-k36443.4029-S,14373-k36443.4029-S
https://www.arbeitsagentur.de/jobsuche/jobdetail/11119-4804138970-S,11119-4804138970-S
https://www.arbeitsagentur.de/jobsuche/jobdetail/13643-609597LS-S,13643-609597LS-S
https://www.arbeitsagentur.de/jobsuche/jobdetail/17803-260506171109-HE1325-S,17803-260506171109-HE1325-S
https://www.arbeitsagentur.de/jobsuche/jobdetail/14751-417A10909-S,14751-417A10909-S
https://www.arbeitsagentur.de/jobsuche/jobdetail/10000-1206439063-S,10000-1206439063-S
https://www.arbeitsagentur.de/jobsuche/jobdetail/10001-1003041833-S,10001-1003041833-S
https://www.arbeitsagentur.de/jobsuche/jobdetail/10000-1206439021-S,10000-1206439021-S
https://www.arbeitsagentur.de/jobsuche/jobdetail/16305-433ed6b5f6892b4b-S,16305-433ed6b5f6892b4b-S
https://www.arbeitsagentur.de/jobsuche/jobdetail/12086-VDBA889OWT59N6O3-S,12086-VDBA889OWT59N6O3-S
https://www.arbeitsagentur.de/jobsuche/jobdetail/11119-4804225102-S,11119-4804225102-S
https://www.arbeitsagentur.de/jobsuche/jobdetail/11949-17215021-S,11949-17215021-S
https://www.arbeitsagentur.de/jobsuche/jobdetail/11119-4803003088-S,11119-4803003088-S
https://www.arbeitsagentur.de/jobsuche/jobdetail/12147-20260506219309-S,12147-20260506219309-S
https://www.arbeitsagentur.de/jobsuche/jobdetail/12608-1401772-8325-1-S,12608-1401772-8325-1-S
https://www.arbeitsagentur.de/jobsuche/jobdetail/14091-29ec51fbbe81b5dc-S,14091-29ec51fbbe81b5dc-S
https://www.arbeitsagentur.de/jobsuche/jobdetail/15631-YJLJZS3854N9EF20-S,15631-YJLJZS3854N9EF20-S
https://www.arbeitsagentur.de/jobsuche/jobdetail/10000-1206446541-S,10000-1206446541-S
https://www.arbeitsagentur.de/jobsuche/jobdetail/17803-OEFGADUZ9ZIJ3H2S-S,17803-OEFGADUZ9ZIJ3H2S-S
https://www.arbeitsagentur.de/jobsuche/jobdetail/14751-417A10889-S,14751-417A10889-S
https://www.arbeitsagentur.de/jobsuche/jobdetail/11081-4WN2MEK9M86O78EO-S,11081-4WN2MEK9M86O78EO-S
https://www.arbeitsagentur.de/jobsuche/jobdetail/12759-AZRTG4E5A8IQ3LFJ-S,12759-AZRTG4E5A8IQ3LFJ-S
https://www.arbeitsagentur.de/jobsuche/jobdetail/10001-1003033274-S,10001-1003033274-S
https://www.arbeitsagentur.de/jobsuche/jobdetail/18024-100PJ000S9K1o-S,18024-100PJ000S9K1o-S
https://www.arbeitsagentur.de/jobsuche/jobdetail/18024-100PC000AkN1B-S,18024-100PC000AkN1B-S
https://www.arbeitsagentur.de/jobsuche/jobdetail/11864-PMA14YW1VZYVOCO4-S,11864-PMA14YW1VZYVOCO4-S
https://www.arbeitsagentur.de/jobsuche/jobdetail/17803-260507173118-HE1412-S,17803-260507173118-HE1412-S
https://www.arbeitsagentur.de/jobsuche/jobdetail/12608-1401777-6579-1-S,12608-1401777-6579-1-S
https://www.arbeitsagentur.de/jobsuche/jobdetail/10001-1003041768-S,10001-1003041768-S
https://www.arbeitsagentur.de/jobsuche/jobdetail/13343-k11957.3207635-S,13343-k11957.3207635-S
https://www.arbeitsagentur.de/jobsuche/jobdetail/13270-2026-00003689-1-S,13270-2026-00003689-1-S
https://www.arbeitsagentur.de/jobsuche/jobdetail/10000-1206447531-S,10000-1206447531-S
https://www.arbeitsagentur.de/jobsuche/jobdetail/10001-1003036365-S,10001-1003036365-S
https://www.arbeitsagentur.de/jobsuche/jobdetail/11949-17215112-S,11949-17215112-S
https://www.arbeitsagentur.de/jobsuche/jobdetail/10001-1003041721-S,10001-1003041721-S
https://www.arbeitsagentur.de/jobsuche/jobdetail/11949-17215873-S,11949-17215873-S
https://www.arbeitsagentur.de/jobsuche/jobdetail/10001-1003039152-S,10001-1003039152-S
https://www.arbeitsagentur.de/jobsuche/jobdetail/16185-J5D7ZSA7CLPH57S0-S,16185-J5D7ZSA7CLPH57S0-S
https://www.arbeitsagentur.de/jobsuche/jobdetail/15643-01-jqrNGr-S,15643-01-jqrNGr-S
https://www.arbeitsagentur.de/jobsuche/jobdetail/10001-1003037631-S,10001-1003037631-S
https://www.arbeitsagentur.de/jobsuche/jobdetail/12633-0b267eb5_JB5140180-S,12633-0b267eb5_JB5140180-S
https://www.arbeitsagentur.de/jobsuche/jobdetail/11119-4801703599-S,11119-4801703599-S
https://www.arbeitsagentur.de/jobsuche/jobdetail/12203-eb656dee014843f-S,12203-eb656dee014843f-S
https://www.arbeitsagentur.de/jobsuche/jobdetail/14751-417A10929-S,14751-417A10929-S
https://www.arbeitsagentur.de/jobsuche/jobdetail/11949-17213519-S,11949-17213519-S
https://www.arbeitsagentur.de/jobsuche/jobdetail/13270-2026-00003576-1-S,13270-2026-00003576-1-S
https://www.arbeitsagentur.de/jobsuche/jobdetail/11949-17216072-S,11949-17216072-S
https://www.arbeitsagentur.de/jobsuche/jobdetail/10001-1003039475-S,10001-1003039475-S
https://www.arbeitsagentur.de/jobsuche/jobdetail/13635-1cf76da3_JB5139808-S,13635-1cf76da3_JB5139808-S
https://www.arbeitsagentur.de/jobsuche/jobdetail/11119-4791110046-S,11119-4791110046-S
https://www.arbeitsagentur.de/jobsuche/jobdetail/11081-22VC1PTSAHSJURQU-S,11081-22VC1PTSAHSJURQU-S
https://www.arbeitsagentur.de/jobsuche/jobdetail/11949-17215945-S,11949-17215945-S
https://www.arbeitsagentur.de/jobsuche/jobdetail/11119-4804137485-S,11119-4804137485-S
https://www.arbeitsagentur.de/jobsuche/jobdetail/15303-HRZNTASZ1WUT6VIY-S,15303-HRZNTASZ1WUT6VIY-S
https://www.arbeitsagentur.de/jobsuche/jobdetail/14751-373A95796-S,14751-373A95796-S
https://www.arbeitsagentur.de/jobsuche/jobdetail/12811-2249188-S,12811-2249188-S
https://www.arbeitsagentur.de/jobsuche/jobdetail/11949-17214939-S,11949-17214939-S
https://www.arbeitsagentur.de/jobsuche/jobdetail/16963-REF214E-8073751248-S,16963-REF214E-8073751248-S
https://www.arbeitsagentur.de/jobsuche/jobdetail/14751-70A22004-S,14751-70A22004-S
https://www.arbeitsagentur.de/jobsuche/jobdetail/16291-4e256cee809b4b8-S,16291-4e256cee809b4b8-S
https://www.arbeitsagentur.de/jobsuche/jobdetail/11119-4801679472-S,11119-4801679472-S
https://www.arbeitsagentur.de/jobsuche/jobdetail/17394-2024-12040110-S,17394-2024-12040110-S
https://www.arbeitsagentur.de/jobsuche/jobdetail/11864-CP9ZTABDRUFXAA40-S,11864-CP9ZTABDRUFXAA40-S
https://www.arbeitsagentur.de/jobsuche/jobdetail/10001-1003036460-S,10001-1003036460-S
https://www.arbeitsagentur.de/jobsuche/jobdetail/13356-406015A42831C25-S,13356-406015A42831C25-S
https://www.arbeitsagentur.de/jobsuche/jobdetail/10000-1206434949-S,10000-1206434949-S
https://www.arbeitsagentur.de/jobsuche/jobdetail/10001-1003042828-S,10001-1003042828-S
https://www.arbeitsagentur.de/jobsuche/jobdetail/12811-2249089-S,12811-2249089-S
https://www.arbeitsagentur.de/jobsuche/jobdetail/13038-4804112425-S,13038-4804112425-S
https://www.arbeitsagentur.de/jobsuche/jobdetail/11949-17215604-S,11949-17215604-S
https://www.arbeitsagentur.de/jobsuche/jobdetail/16185-0WXEV0GT11NNZ79Z-S,16185-0WXEV0GT11NNZ79Z-S
https://www.arbeitsagentur.de/jobsuche/jobdetail/10001-1003042688-S,10001-1003042688-S
https://www.arbeitsagentur.de/jobsuche/jobdetail/11119-4803040237-S,11119-4803040237-S
https://www.arbeitsagentur.de/jobsuche/jobdetail/13999-k53401.30922-S,13999-k53401.30922-S
https://www.arbeitsagentur.de/jobsuche/jobdetail/10001-1003039211-S,10001-1003039211-S
https://www.arbeitsagentur.de/jobsuche/jobdetail/10000-1206422256-S,10000-1206422256-S
https://www.arbeitsagentur.de/jobsuche/jobdetail/10001-1003041205-S,10001-1003041205-S
https://www.arbeitsagentur.de/jobsuche/jobdetail/11949-17214096-S,11949-17214096-S
https://www.arbeitsagentur.de/jobsuche/jobdetail/10000-1206441574-S,10000-1206441574-S
https://www.arbeitsagentur.de/jobsuche/jobdetail/19821-H61HFQDIXT9E5LFP-S,19821-H61HFQDIXT9E5LFP-S
https://www.arbeitsagentur.de/jobsuche/jobdetail/12608-1401806-28046-1-S,12608-1401806-28046-1-S
https://www.arbeitsagentur.de/jobsuche/jobdetail/14751-70A22036-S,14751-70A22036-S
https://www.arbeitsagentur.de/jobsuche/jobdetail/14040-UQWBJ8UL904GWOGL-S,14040-UQWBJ8UL904GWOGL-S
https://www.arbeitsagentur.de/jobsuche/jobdetail/10001-1003039194-S,10001-1003039194-S
https://www.arbeitsagentur.de/jobsuche/jobdetail/16864-0CYVEFHYBW57NVJ5-S,16864-0CYVEFHYBW57NVJ5-S
https://www.arbeitsagentur.de/jobsuche/jobdetail/12898-P2091375-23-S,12898-P2091375-23-S
https://www.arbeitsagentur.de/jobsuche/jobdetail/11119-4804125879-S,11119-4804125879-S
https://www.arbeitsagentur.de/jobsuche/jobdetail/13038-4804112001-S,13038-4804112001-S
https://www.arbeitsagentur.de/jobsuche/jobdetail/10001-1003038164-S,10001-1003038164-S
https://www.arbeitsagentur.de/jobsuche/jobdetail/14385-403-2565318-26-S,14385-403-2565318-26-S
https://www.arbeitsagentur.de/jobsuche/jobdetail/13635-d9f0f742_JB5141085-S,13635-d9f0f742_JB5141085-S
https://www.arbeitsagentur.de/jobsuche/jobdetail/10001-1003037414-S,10001-1003037414-S
https://www.arbeitsagentur.de/jobsuche/jobdetail/12826-SA0135425_JB5140624-S,12826-SA0135425_JB5140624-S
https://www.arbeitsagentur.de/jobsuche/jobdetail/10001-1003036107-S,10001-1003036107-S
https://www.arbeitsagentur.de/jobsuche/jobdetail/11112-2955-1770896-0-S,11112-2955-1770896-0-S
https://www.arbeitsagentur.de/jobsuche/jobdetail/10000-1206435574-S,10000-1206435574-S
https://www.arbeitsagentur.de/jobsuche/jobdetail/12147-20260507219341-S,12147-20260507219341-S
https://www.arbeitsagentur.de/jobsuche/jobdetail/11949-17213372-S,11949-17213372-S
https://www.arbeitsagentur.de/jobsuche/jobdetail/17803-260507172806-PF1408-S,17803-260507172806-PF1408-S
https://www.arbeitsagentur.de/jobsuche/jobdetail/17560-35ad7a197e7a499-S,17560-35ad7a197e7a499-S
https://www.arbeitsagentur.de/jobsuche/jobdetail/10001-1003042773-S,10001-1003042773-S
https://www.arbeitsagentur.de/jobsuche/jobdetail/10001-1003037753-S,10001-1003037753-S
https://www.arbeitsagentur.de/jobsuche/jobdetail/12811-2249133-S,12811-2249133-S
https://www.arbeitsagentur.de/jobsuche/jobdetail/14040-SM41WKPJA4PLS45Z-S,14040-SM41WKPJA4PLS45Z-S
https://www.arbeitsagentur.de/jobsuche/jobdetail/14722-YAV0X11CAU5RVZXR-S,14722-YAV0X11CAU5RVZXR-S
https://www.arbeitsagentur.de/jobsuche/jobdetail/10000-1206435741-S,10000-1206435741-S
https://www.arbeitsagentur.de/jobsuche/jobdetail/15851-P51WNU9HA59UBLWB-S,15851-P51WNU9HA59UBLWB-S
https://www.arbeitsagentur.de/jobsuche/jobdetail/11119-4803004190-S,11119-4803004190-S
https://www.arbeitsagentur.de/jobsuche/jobdetail/11949-17216144-S,11949-17216144-S
https://www.arbeitsagentur.de/jobsuche/jobdetail/15699-1571586-1-S,15699-1571586-1-S
https://www.arbeitsagentur.de/jobsuche/jobdetail/13635-d320170f_JB5139800-S,13635-d320170f_JB5139800-S
https://www.arbeitsagentur.de/jobsuche/jobdetail/10001-1003037172-S,10001-1003037172-S
https://www.arbeitsagentur.de/jobsuche/jobdetail/11119-4804127001-S,11119-4804127001-S
https://www.arbeitsagentur.de/jobsuche/jobdetail/12456-1571541-1-S,12456-1571541-1-S
https://www.arbeitsagentur.de/jobsuche/jobdetail/10001-1003036305-S,10001-1003036305-S
https://www.arbeitsagentur.de/jobsuche/jobdetail/10001-1003042585-S,10001-1003042585-S
https://www.arbeitsagentur.de/jobsuche/jobdetail/10001-1003040889-S,10001-1003040889-S
https://www.arbeitsagentur.de/jobsuche/jobdetail/11949-17215229-S,11949-17215229-S
https://www.arbeitsagentur.de/jobsuche/jobdetail/11119-4804186829-S,11119-4804186829-S
https://www.arbeitsagentur.de/jobsuche/jobdetail/10000-1206441189-S,10000-1206441189-S
https://www.arbeitsagentur.de/jobsuche/jobdetail/11081-UJJA9F87MS0ZZCCJ-S,11081-UJJA9F87MS0ZZCCJ-S
https://www.arbeitsagentur.de/jobsuche/jobdetail/11112-2639-1770869-0-S,11112-2639-1770869-0-S
https://www.arbeitsagentur.de/jobsuche/jobdetail/11949-17216270-S,11949-17216270-S
https://www.arbeitsagentur.de/jobsuche/jobdetail/10001-1003041401-S,10001-1003041401-S
https://www.arbeitsagentur.de/jobsuche/jobdetail/11864-ILSSYLKACHDWTHF9-S,11864-ILSSYLKACHDWTHF9-S
https://www.arbeitsagentur.de/jobsuche/jobdetail/10001-1003033891-S,10001-1003033891-S
https://www.arbeitsagentur.de/jobsuche/jobdetail/10000-1206442473-S,10000-1206442473-S
https://www.arbeitsagentur.de/jobsuche/jobdetail/13356-101813A34259C39-S,13356-101813A34259C39-S
https://www.arbeitsagentur.de/jobsuche/jobdetail/12608-1401660-94597-1-S,12608-1401660-94597-1-S
https://www.arbeitsagentur.de/jobsuche/jobdetail/12456-1570816-1-S,12456-1570816-1-S
https://www.arbeitsagentur.de/jobsuche/jobdetail/12811-2248878-S,12811-2248878-S
https://www.arbeitsagentur.de/jobsuche/jobdetail/12288-4803140890-S,12288-4803140890-S
https://www.arbeitsagentur.de/jobsuche/jobdetail/17803-260506170951-OA1305-S,17803-260506170951-OA1305-S
https://www.arbeitsagentur.de/jobsuche/jobdetail/14038-2026050722219-S,14038-2026050722219-S
https://www.arbeitsagentur.de/jobsuche/jobdetail/14751-70A21981-S,14751-70A21981-S
https://www.arbeitsagentur.de/jobsuche/jobdetail/13270-2026-00003369-1-S,13270-2026-00003369-1-S
https://www.arbeitsagentur.de/jobsuche/jobdetail/19470-457877181-S,19470-457877181-S
https://www.arbeitsagentur.de/jobsuche/jobdetail/11864-4PYWW5EKP1YVVDCE-S,11864-4PYWW5EKP1YVVDCE-S
https://www.arbeitsagentur.de/jobsuche/jobdetail/14751-62A117735-S,14751-62A117735-S
https://www.arbeitsagentur.de/jobsuche/jobdetail/13465-00021a6490a001-S,13465-00021a6490a001-S
https://www.arbeitsagentur.de/jobsuche/jobdetail/14722-7EPFKKU8JO3T3DBO-S,14722-7EPFKKU8JO3T3DBO-S
https://www.arbeitsagentur.de/jobsuche/jobdetail/11949-17215434-S,11949-17215434-S
https://www.arbeitsagentur.de/jobsuche/jobdetail/14927-f69snje-S,14927-f69snje-S
https://www.arbeitsagentur.de/jobsuche/jobdetail/14421-00076d1b7a6001-S,14421-00076d1b7a6001-S
https://www.arbeitsagentur.de/jobsuche/jobdetail/14751-373A96594-S,14751-373A96594-S
https://www.arbeitsagentur.de/jobsuche/jobdetail/11119-4803038374-S,11119-4803038374-S
https://www.arbeitsagentur.de/jobsuche/jobdetail/14751-62A117753-S,14751-62A117753-S
https://www.arbeitsagentur.de/jobsuche/jobdetail/10001-1003042729-S,10001-1003042729-S
https://www.arbeitsagentur.de/jobsuche/jobdetail/11949-17216137-S,11949-17216137-S
https://www.arbeitsagentur.de/jobsuche/jobdetail/14471-TAK9MLJGVMRP3VYQ-S,14471-TAK9MLJGVMRP3VYQ-S
https://www.arbeitsagentur.de/jobsuche/jobdetail/10001-1003039340-S,10001-1003039340-S
https://www.arbeitsagentur.de/jobsuche/jobdetail/13635-df93b093_JB5140927-S,13635-df93b093_JB5140927-S
https://www.arbeitsagentur.de/jobsuche/jobdetail/16757-97-1770897-0-S,16757-97-1770897-0-S
https://www.arbeitsagentur.de/jobsuche/jobdetail/13424-PUCAPH6OL6KPGOMN-S,13424-PUCAPH6OL6KPGOMN-S
https://www.arbeitsagentur.de/jobsuche/jobdetail/14751-437A251-S,14751-437A251-S
https://www.arbeitsagentur.de/jobsuche/jobdetail/12811-2249292-S,12811-2249292-S
https://www.arbeitsagentur.de/jobsuche/jobdetail/12122-209156-1770904-0-S,12122-209156-1770904-0-S
https://www.arbeitsagentur.de/jobsuche/jobdetail/11949-17216094-S,11949-17216094-S
https://www.arbeitsagentur.de/jobsuche/jobdetail/10001-1003036116-S,10001-1003036116-S
https://www.arbeitsagentur.de/jobsuche/jobdetail/18011-k59915.3447-S,18011-k59915.3447-S
https://www.arbeitsagentur.de/jobsuche/jobdetail/16291-e36122ec138b4fd-S,16291-e36122ec138b4fd-S
https://www.arbeitsagentur.de/jobsuche/jobdetail/14751-437A349-S,14751-437A349-S
https://www.arbeitsagentur.de/jobsuche/jobdetail/10001-1003037643-S,10001-1003037643-S
https://www.arbeitsagentur.de/jobsuche/jobdetail/10001-1003042154-S,10001-1003042154-S
https://www.arbeitsagentur.de/jobsuche/jobdetail/10000-1206430833-S,10000-1206430833-S
https://www.arbeitsagentur.de/jobsuche/jobdetail/13635-61c7b96f_JB5140468-S,13635-61c7b96f_JB5140468-S
https://www.arbeitsagentur.de/jobsuche/jobdetail/12608-1401823-13806-1-S,12608-1401823-13806-1-S
https://www.arbeitsagentur.de/jobsuche/jobdetail/13247-43971-85436958039-0-S,13247-43971-85436958039-0-S
https://www.arbeitsagentur.de/jobsuche/jobdetail/11949-17215712-S,11949-17215712-S
https://www.arbeitsagentur.de/jobsuche/jobdetail/18024-1002X000QPZ0Y-S,18024-1002X000QPZ0Y-S
https://www.arbeitsagentur.de/jobsuche/jobdetail/17560-6e9f7e5b1bcf48b-S,17560-6e9f7e5b1bcf48b-S
https://www.arbeitsagentur.de/jobsuche/jobdetail/12811-2249252-S,12811-2249252-S
https://www.arbeitsagentur.de/jobsuche/jobdetail/14927-fbpsxxbz3e-S,14927-fbpsxxbz3e-S
https://www.arbeitsagentur.de/jobsuche/jobdetail/11949-17215447-S,11949-17215447-S
https://www.arbeitsagentur.de/jobsuche/jobdetail/16986-JOB-116141-S,16986-JOB-116141-S
https://www.arbeitsagentur.de/jobsuche/jobdetail/14751-70A22040-S,14751-70A22040-S
https://www.arbeitsagentur.de/jobsuche/jobdetail/11949-17215519-S,11949-17215519-S
https://www.arbeitsagentur.de/jobsuche/jobdetail/10001-1003039621-S,10001-1003039621-S
https://www.arbeitsagentur.de/jobsuche/jobdetail/12967-0002_00111294-S,12967-0002_00111294-S
https://www.arbeitsagentur.de/jobsuche/jobdetail/18024-100aR0001JP1h-S,18024-100aR0001JP1h-S
https://www.arbeitsagentur.de/jobsuche/jobdetail/11949-17215667-S,11949-17215667-S
https://www.arbeitsagentur.de/jobsuche/jobdetail/12608-1401817-28046-1-S,12608-1401817-28046-1-S
https://www.arbeitsagentur.de/jobsuche/jobdetail/14751-373A94438-S,14751-373A94438-S
https://www.arbeitsagentur.de/jobsuche/jobdetail/11949-17216285-S,11949-17216285-S
https://www.arbeitsagentur.de/jobsuche/jobdetail/13356-102693A47954C7-S,13356-102693A47954C7-S
https://www.arbeitsagentur.de/jobsuche/jobdetail/14722-GI2U9BQQIX1ZP9MK-S,14722-GI2U9BQQIX1ZP9MK-S
https://www.arbeitsagentur.de/jobsuche/jobdetail/10001-1003033649-S,10001-1003033649-S
https://www.arbeitsagentur.de/jobsuche/jobdetail/14927-2i2r82rhfpx-S,14927-2i2r82rhfpx-S
https://www.arbeitsagentur.de/jobsuche/jobdetail/11949-17216173-S,11949-17216173-S
https://www.arbeitsagentur.de/jobsuche/jobdetail/10000-1206443624-S,10000-1206443624-S
https://www.arbeitsagentur.de/jobsuche/jobdetail/10000-1206441056-S,10000-1206441056-S
https://www.arbeitsagentur.de/jobsuche/jobdetail/14087-MAUHL1AGQJ27SYP8-S,14087-MAUHL1AGQJ27SYP8-S
https://www.arbeitsagentur.de/jobsuche/jobdetail/11119-4791121125-S,11119-4791121125-S
https://www.arbeitsagentur.de/jobsuche/jobdetail/12811-2249051-S,12811-2249051-S
https://www.arbeitsagentur.de/jobsuche/jobdetail/12608-1401803-28046-1-S,12608-1401803-28046-1-S
https://www.arbeitsagentur.de/jobsuche/jobdetail/10001-1003037165-S,10001-1003037165-S
https://www.arbeitsagentur.de/jobsuche/jobdetail/10001-1003041810-S,10001-1003041810-S
https://www.arbeitsagentur.de/jobsuche/jobdetail/10001-1003042819-S,10001-1003042819-S
https://www.arbeitsagentur.de/jobsuche/jobdetail/11949-17213764-S,11949-17213764-S
https://www.arbeitsagentur.de/jobsuche/jobdetail/14751-70A22072-S,14751-70A22072-S
https://www.arbeitsagentur.de/jobsuche/jobdetail/15537-JOB-838325-S,15537-JOB-838325-S
https://www.arbeitsagentur.de/jobsuche/jobdetail/11949-17216682-S,11949-17216682-S
https://www.arbeitsagentur.de/jobsuche/jobdetail/12618-173770-S,12618-173770-S
https://www.arbeitsagentur.de/jobsuche/jobdetail/10001-1003039906-S,10001-1003039906-S
https://www.arbeitsagentur.de/jobsuche/jobdetail/11119-4792695387-S,11119-4792695387-S
https://www.arbeitsagentur.de/jobsuche/jobdetail/11949-17216573-S,11949-17216573-S
https://www.arbeitsagentur.de/jobsuche/jobdetail/10001-1003042302-S,10001-1003042302-S
https://www.arbeitsagentur.de/jobsuche/jobdetail/10000-1206444183-S,10000-1206444183-S
https://www.arbeitsagentur.de/jobsuche/jobdetail/10000-1206442373-S,10000-1206442373-S
https://www.arbeitsagentur.de/jobsuche/jobdetail/12811-2249029-S,12811-2249029-S
https://www.arbeitsagentur.de/jobsuche/jobdetail/11949-17214099-S,11949-17214099-S
https://www.arbeitsagentur.de/jobsuche/jobdetail/12704-5C60JX5D1JP1S9DS-S,12704-5C60JX5D1JP1S9DS-S
https://www.arbeitsagentur.de/jobsuche/jobdetail/10001-1003040657-S,10001-1003040657-S
https://www.arbeitsagentur.de/jobsuche/jobdetail/10001-1003039723-S,10001-1003039723-S
https://www.arbeitsagentur.de/jobsuche/jobdetail/10001-1003036803-S,10001-1003036803-S
https://www.arbeitsagentur.de/jobsuche/jobdetail/15939-BB-633654-7878-5813-S,15939-BB-633654-7878-5813-S
https://www.arbeitsagentur.de/jobsuche/jobdetail/10001-1003039075-S,10001-1003039075-S
https://www.arbeitsagentur.de/jobsuche/jobdetail/14751-70A21985-S,14751-70A21985-S
https://www.arbeitsagentur.de/jobsuche/jobdetail/14927-r0bml1pkgh-S,14927-r0bml1pkgh-S
https://www.arbeitsagentur.de/jobsuche/jobdetail/17560-c413751f745c488-S,17560-c413751f745c488-S
https://www.arbeitsagentur.de/jobsuche/jobdetail/10000-1206427863-S,10000-1206427863-S
https://www.arbeitsagentur.de/jobsuche/jobdetail/10001-1003041670-S,10001-1003041670-S
https://www.arbeitsagentur.de/jobsuche/jobdetail/14927-bg0inyg0ey-S,14927-bg0inyg0ey-S
https://www.arbeitsagentur.de/jobsuche/jobdetail/11864-UCCH65ZPNA4T7PNP-S,11864-UCCH65ZPNA4T7PNP-S
https://www.arbeitsagentur.de/jobsuche/jobdetail/15643-01-C6b5w2-S,15643-01-C6b5w2-S
https://www.arbeitsagentur.de/jobsuche/jobdetail/12086-UWFUNRGLMJUHDVAB-S,12086-UWFUNRGLMJUHDVAB-S
https://www.arbeitsagentur.de/jobsuche/jobdetail/11949-17214186-S,11949-17214186-S
https://www.arbeitsagentur.de/jobsuche/jobdetail/10000-1206431784-S,10000-1206431784-S
https://www.arbeitsagentur.de/jobsuche/jobdetail/12811-2248233-S,12811-2248233-S
https://www.arbeitsagentur.de/jobsuche/jobdetail/14751-70A21976-S,14751-70A21976-S
https://www.arbeitsagentur.de/jobsuche/jobdetail/11949-17213326-S,11949-17213326-S
https://www.arbeitsagentur.de/jobsuche/jobdetail/11949-17215806-S,11949-17215806-S
https://www.arbeitsagentur.de/jobsuche/jobdetail/12585-k10565.16204-S,12585-k10565.16204-S
https://www.arbeitsagentur.de/jobsuche/jobdetail/16934-OQD5ZWJF3LNVQAWJ-S,16934-OQD5ZWJF3LNVQAWJ-S
https://www.arbeitsagentur.de/jobsuche/jobdetail/10001-1003036694-S,10001-1003036694-S
https://www.arbeitsagentur.de/jobsuche/jobdetail/10001-1003033624-S,10001-1003033624-S
https://www.arbeitsagentur.de/jobsuche/jobdetail/10001-1003035445-S,10001-1003035445-S
https://www.arbeitsagentur.de/jobsuche/jobdetail/17724-BLYQ1L1VERJYYA2R-S,17724-BLYQ1L1VERJYYA2R-S
https://www.arbeitsagentur.de/jobsuche/jobdetail/17489-1bb58f42fc3a44f-S,17489-1bb58f42fc3a44f-S
https://www.arbeitsagentur.de/jobsuche/jobdetail/11949-17215174-S,11949-17215174-S
https://www.arbeitsagentur.de/jobsuche/jobdetail/17759-4empc8f25d-S,17759-4empc8f25d-S
https://www.arbeitsagentur.de/jobsuche/jobdetail/11949-17215486-S,11949-17215486-S
https://www.arbeitsagentur.de/jobsuche/jobdetail/10001-1003036847-S,10001-1003036847-S
https://www.arbeitsagentur.de/jobsuche/jobdetail/12811-2249212-S,12811-2249212-S
https://www.arbeitsagentur.de/jobsuche/jobdetail/10000-1206450409-S,10000-1206450409-S
https://www.arbeitsagentur.de/jobsuche/jobdetail/10001-1003043152-S,10001-1003043152-S
https://www.arbeitsagentur.de/jobsuche/jobdetail/13635-097b5369_JB5141122-S,13635-097b5369_JB5141122-S
https://www.arbeitsagentur.de/jobsuche/jobdetail/18024-100PC000AIj28-S,18024-100PC000AIj28-S
https://www.arbeitsagentur.de/jobsuche/jobdetail/10001-1003040000-S,10001-1003040000-S
https://www.arbeitsagentur.de/jobsuche/jobdetail/17560-02cd87c10f0d475-S,17560-02cd87c10f0d475-S
https://www.arbeitsagentur.de/jobsuche/jobdetail/13465-00021a6497a001-S,13465-00021a6497a001-S
https://www.arbeitsagentur.de/jobsuche/jobdetail/12811-2249131-S,12811-2249131-S
https://www.arbeitsagentur.de/jobsuche/jobdetail/18934-14783-1770700-0-S,18934-14783-1770700-0-S
https://www.arbeitsagentur.de/jobsuche/jobdetail/14167-6LGU8LLIDFLSWJI1-S,14167-6LGU8LLIDFLSWJI1-S
https://www.arbeitsagentur.de/jobsuche/jobdetail/18024-100PJ000KOI1p-S,18024-100PJ000KOI1p-S
https://www.arbeitsagentur.de/jobsuche/jobdetail/17803-260507173008-ER1405-S,17803-260507173008-ER1405-S
https://www.arbeitsagentur.de/jobsuche/jobdetail/11949-17215155-S,11949-17215155-S
https://www.arbeitsagentur.de/jobsuche/jobdetail/13635-30f9a8d2_JB5140545-S,13635-30f9a8d2_JB5140545-S
https://www.arbeitsagentur.de/jobsuche/jobdetail/10001-1003041884-S,10001-1003041884-S
https://www.arbeitsagentur.de/jobsuche/jobdetail/18024-10Q2M00001d01-S,18024-10Q2M00001d01-S
https://www.arbeitsagentur.de/jobsuche/jobdetail/11949-17216629-S,11949-17216629-S
https://www.arbeitsagentur.de/jobsuche/jobdetail/13635-2c2732f2_JB5140599-S,13635-2c2732f2_JB5140599-S
https://www.arbeitsagentur.de/jobsuche/jobdetail/11119-4804147948-S,11119-4804147948-S
https://www.arbeitsagentur.de/jobsuche/jobdetail/18970-3a62e76ace2ebcbc-S,18970-3a62e76ace2ebcbc-S
https://www.arbeitsagentur.de/jobsuche/jobdetail/13760-4UPKANXW4YP6RNIL-S,13760-4UPKANXW4YP6RNIL-S
https://www.arbeitsagentur.de/jobsuche/jobdetail/19935-9hw49oiq9v-S,19935-9hw49oiq9v-S
https://www.arbeitsagentur.de/jobsuche/jobdetail/19632-0JFAY4BC7PL32PW6-S,19632-0JFAY4BC7PL32PW6-S
https://www.arbeitsagentur.de/jobsuche/jobdetail/12811-2247502-S,12811-2247502-S
https://www.arbeitsagentur.de/jobsuche/jobdetail/10000-1206442605-S,10000-1206442605-S
https://www.arbeitsagentur.de/jobsuche/jobdetail/17986-000a210507a001-S,17986-000a210507a001-S
https://www.arbeitsagentur.de/jobsuche/jobdetail/15015-19604-1770998-0-S,15015-19604-1770998-0-S
https://www.arbeitsagentur.de/jobsuche/jobdetail/10001-1003038416-S,10001-1003038416-S
https://www.arbeitsagentur.de/jobsuche/jobdetail/10001-1003041548-S,10001-1003041548-S
https://www.arbeitsagentur.de/jobsuche/jobdetail/13669-72YBCRKDRR2UWXTD-S,13669-72YBCRKDRR2UWXTD-S
https://www.arbeitsagentur.de/jobsuche/jobdetail/12811-2249030-S,12811-2249030-S
https://www.arbeitsagentur.de/jobsuche/jobdetail/14040-VWFGKEKMVPB51TXK-S,14040-VWFGKEKMVPB51TXK-S
https://www.arbeitsagentur.de/jobsuche/jobdetail/10001-1003041727-S,10001-1003041727-S
https://www.arbeitsagentur.de/jobsuche/jobdetail/13398-k12330.30218-S,13398-k12330.30218-S
https://www.arbeitsagentur.de/jobsuche/jobdetail/12811-2248477-S,12811-2248477-S
https://www.arbeitsagentur.de/jobsuche/jobdetail/11949-17216329-S,11949-17216329-S
https://www.arbeitsagentur.de/jobsuche/jobdetail/14040-1524AGOGO6M3R00N-S,14040-1524AGOGO6M3R00N-S
https://www.arbeitsagentur.de/jobsuche/jobdetail/17803-260506171134-AH1308-S,17803-260506171134-AH1308-S
https://www.arbeitsagentur.de/jobsuche/jobdetail/10001-1003043190-S,10001-1003043190-S
https://www.arbeitsagentur.de/jobsuche/jobdetail/12287-JOB-838276-S,12287-JOB-838276-S
https://www.arbeitsagentur.de/jobsuche/jobdetail/11949-17215762-S,11949-17215762-S
https://www.arbeitsagentur.de/jobsuche/jobdetail/10001-1003042661-S,10001-1003042661-S
https://www.arbeitsagentur.de/jobsuche/jobdetail/14751-417A10906-S,14751-417A10906-S
https://www.arbeitsagentur.de/jobsuche/jobdetail/14225-11b0b7d64b42e3e1-S,14225-11b0b7d64b42e3e1-S
https://www.arbeitsagentur.de/jobsuche/jobdetail/17394-2025-12780017-S,17394-2025-12780017-S
https://www.arbeitsagentur.de/jobsuche/jobdetail/10000-1206435480-S,10000-1206435480-S
https://www.arbeitsagentur.de/jobsuche/jobdetail/17560-44df0907c6a04f4-S,17560-44df0907c6a04f4-S
https://www.arbeitsagentur.de/jobsuche/jobdetail/10001-1003042596-S,10001-1003042596-S
https://www.arbeitsagentur.de/jobsuche/jobdetail/10001-1003035873-S,10001-1003035873-S
https://www.arbeitsagentur.de/jobsuche/jobdetail/11949-17215834-S,11949-17215834-S
https://www.arbeitsagentur.de/jobsuche/jobdetail/10001-1003039229-S,10001-1003039229-S
https://www.arbeitsagentur.de/jobsuche/jobdetail/10001-1003041231-S,10001-1003041231-S
https://www.arbeitsagentur.de/jobsuche/jobdetail/13356-101813A47657C7-S,13356-101813A47657C7-S
https://www.arbeitsagentur.de/jobsuche/jobdetail/10001-1003042090-S,10001-1003042090-S
https://www.arbeitsagentur.de/jobsuche/jobdetail/10001-1003041490-S,10001-1003041490-S
https://www.arbeitsagentur.de/jobsuche/jobdetail/12811-2248803-S,12811-2248803-S
https://www.arbeitsagentur.de/jobsuche/jobdetail/15939-BB-633675-7878-9997-S,15939-BB-633675-7878-9997-S
https://www.arbeitsagentur.de/jobsuche/jobdetail/10001-1003035538-S,10001-1003035538-S
https://www.arbeitsagentur.de/jobsuche/jobdetail/14076-BB-12135-7878-14767-S,14076-BB-12135-7878-14767-S
https://www.arbeitsagentur.de/jobsuche/jobdetail/10001-1003043125-S,10001-1003043125-S
https://www.arbeitsagentur.de/jobsuche/jobdetail/16185-HGMHKKGDSIPPCLVR-S,16185-HGMHKKGDSIPPCLVR-S
https://www.arbeitsagentur.de/jobsuche/jobdetail/17489-ee484a7602724cb-S,17489-ee484a7602724cb-S
https://www.arbeitsagentur.de/jobsuche/jobdetail/10000-1206436859-S,10000-1206436859-S
https://www.arbeitsagentur.de/jobsuche/jobdetail/10001-1003041097-S,10001-1003041097-S
https://www.arbeitsagentur.de/jobsuche/jobdetail/14751-373A97234-S,14751-373A97234-S
https://www.arbeitsagentur.de/jobsuche/jobdetail/11864-VZTIZ5TZAQ38YJDB-S,11864-VZTIZ5TZAQ38YJDB-S
https://www.arbeitsagentur.de/jobsuche/jobdetail/12618-173738-S,12618-173738-S
https://www.arbeitsagentur.de/jobsuche/jobdetail/17803-260506171043-AF1306-S,17803-260506171043-AF1306-S
https://www.arbeitsagentur.de/jobsuche/jobdetail/12811-2249321-S,12811-2249321-S
https://www.arbeitsagentur.de/jobsuche/jobdetail/14040-0V8XOJOEOLYS4HQP-S,14040-0V8XOJOEOLYS4HQP-S
https://www.arbeitsagentur.de/jobsuche/jobdetail/10000-1206431218-S,10000-1206431218-S
https://www.arbeitsagentur.de/jobsuche/jobdetail/10001-1003042305-S,10001-1003042305-S
https://www.arbeitsagentur.de/jobsuche/jobdetail/11868-13743037-S,11868-13743037-S
https://www.arbeitsagentur.de/jobsuche/jobdetail/10001-1003040423-S,10001-1003040423-S
https://www.arbeitsagentur.de/jobsuche/jobdetail/13006-66369_61245-1-S,13006-66369_61245-1-S
https://www.arbeitsagentur.de/jobsuche/jobdetail/10001-1003038638-S,10001-1003038638-S
https://www.arbeitsagentur.de/jobsuche/jobdetail/14795-66470_118855-S,14795-66470_118855-S
https://www.arbeitsagentur.de/jobsuche/jobdetail/17803-260507173118-HE1414-S,17803-260507173118-HE1414-S
https://www.arbeitsagentur.de/jobsuche/jobdetail/13635-fd60478c_JB5139787-S,13635-fd60478c_JB5139787-S
https://www.arbeitsagentur.de/jobsuche/jobdetail/10001-1003037323-S,10001-1003037323-S
https://www.arbeitsagentur.de/jobsuche/jobdetail/11949-17216728-S,11949-17216728-S
https://www.arbeitsagentur.de/jobsuche/jobdetail/11949-17216648-S,11949-17216648-S
https://www.arbeitsagentur.de/jobsuche/jobdetail/10001-1003039589-S,10001-1003039589-S
https://www.arbeitsagentur.de/jobsuche/jobdetail/12811-2248865-S,12811-2248865-S
https://www.arbeitsagentur.de/jobsuche/jobdetail/10001-1003036057-S,10001-1003036057-S
https://www.arbeitsagentur.de/jobsuche/jobdetail/12122-209152-1770918-0-S,12122-209152-1770918-0-S
https://www.arbeitsagentur.de/jobsuche/jobdetail/14927-15t0ibitobv-S,14927-15t0ibitobv-S
https://www.arbeitsagentur.de/jobsuche/jobdetail/12913-e68779e9ebc5d3c0-S,12913-e68779e9ebc5d3c0-S
https://www.arbeitsagentur.de/jobsuche/jobdetail/12287-JOB-820468-S,12287-JOB-820468-S
https://www.arbeitsagentur.de/jobsuche/jobdetail/17489-a60635d9019c471-S,17489-a60635d9019c471-S
https://www.arbeitsagentur.de/jobsuche/jobdetail/14927-ptakozn3ly-S,14927-ptakozn3ly-S
https://www.arbeitsagentur.de/jobsuche/jobdetail/12288-4803087118-S,12288-4803087118-S
https://www.arbeitsagentur.de/jobsuche/jobdetail/10001-1003042308-S,10001-1003042308-S
https://www.arbeitsagentur.de/jobsuche/jobdetail/10001-1003036446-S,10001-1003036446-S
https://www.arbeitsagentur.de/jobsuche/jobdetail/12147-20260507219327-S,12147-20260507219327-S
https://www.arbeitsagentur.de/jobsuche/jobdetail/10000-1206441520-S,10000-1206441520-S
https://www.arbeitsagentur.de/jobsuche/jobdetail/10001-1003042790-S,10001-1003042790-S
https://www.arbeitsagentur.de/jobsuche/jobdetail/12704-B8QNOCMPW74BZC9Y-S,12704-B8QNOCMPW74BZC9Y-S
https://www.arbeitsagentur.de/jobsuche/jobdetail/10001-1003036945-S,10001-1003036945-S
https://www.arbeitsagentur.de/jobsuche/jobdetail/11949-17216425-S,11949-17216425-S
https://www.arbeitsagentur.de/jobsuche/jobdetail/18024-1002X000QTq0H-S,18024-1002X000QTq0H-S
https://www.arbeitsagentur.de/jobsuche/jobdetail/12634-BB-640800-7878-7267-S,12634-BB-640800-7878-7267-S
https://www.arbeitsagentur.de/jobsuche/jobdetail/14795-66474_118859-S,14795-66474_118859-S
https://www.arbeitsagentur.de/jobsuche/jobdetail/10000-1206436045-S,10000-1206436045-S
https://www.arbeitsagentur.de/jobsuche/jobdetail/10000-1206445508-S,10000-1206445508-S
https://www.arbeitsagentur.de/jobsuche/jobdetail/14751-437A358-S,14751-437A358-S
https://www.arbeitsagentur.de/jobsuche/jobdetail/11119-4804139776-S,11119-4804139776-S
https://www.arbeitsagentur.de/jobsuche/jobdetail/11949-17215912-S,11949-17215912-S
https://www.arbeitsagentur.de/jobsuche/jobdetail/11949-17216078-S,11949-17216078-S
https://www.arbeitsagentur.de/jobsuche/jobdetail/18024-100PJ000Uqp0A-S,18024-100PJ000Uqp0A-S
https://www.arbeitsagentur.de/jobsuche/jobdetail/11949-17215010-S,11949-17215010-S
https://www.arbeitsagentur.de/jobsuche/jobdetail/11949-17216260-S,11949-17216260-S
https://www.arbeitsagentur.de/jobsuche/jobdetail/10001-1003042639-S,10001-1003042639-S
https://www.arbeitsagentur.de/jobsuche/jobdetail/10000-1206448129-S,10000-1206448129-S
https://www.arbeitsagentur.de/jobsuche/jobdetail/18914-D5KU5JKOJK34CGJR-S,18914-D5KU5JKOJK34CGJR-S
https://www.arbeitsagentur.de/jobsuche/jobdetail/12288-4803113651-S,12288-4803113651-S
https://www.arbeitsagentur.de/jobsuche/jobdetail/17803-260507172937-OA1410-S,17803-260507172937-OA1410-S
https://www.arbeitsagentur.de/jobsuche/jobdetail/11949-17216391-S,11949-17216391-S
https://www.arbeitsagentur.de/jobsuche/jobdetail/11949-17215031-S,11949-17215031-S
https://www.arbeitsagentur.de/jobsuche/jobdetail/20397-4804190807-S,20397-4804190807-S
https://www.arbeitsagentur.de/jobsuche/jobdetail/10000-1206449104-S,10000-1206449104-S
https://www.arbeitsagentur.de/jobsuche/jobdetail/19632-OZU595C068UMLXMF-S,19632-OZU595C068UMLXMF-S
https://www.arbeitsagentur.de/jobsuche/jobdetail/11119-4791095528-S,11119-4791095528-S
https://www.arbeitsagentur.de/jobsuche/jobdetail/12288-4803124027-S,12288-4803124027-S
https://www.arbeitsagentur.de/jobsuche/jobdetail/17926-0064597538-S,17926-0064597538-S
https://www.arbeitsagentur.de/jobsuche/jobdetail/10001-1003037913-S,10001-1003037913-S
https://www.arbeitsagentur.de/jobsuche/jobdetail/12787-258400070526-S,12787-258400070526-S
https://www.arbeitsagentur.de/jobsuche/jobdetail/16729-2026-334-S,16729-2026-334-S
https://www.arbeitsagentur.de/jobsuche/jobdetail/14274-TZPU3AZL1XIVI0LM-S,14274-TZPU3AZL1XIVI0LM-S
https://www.arbeitsagentur.de/jobsuche/jobdetail/14751-70A22042-S,14751-70A22042-S
https://www.arbeitsagentur.de/jobsuche/jobdetail/17592-5beda50773084f9-S,17592-5beda50773084f9-S
https://www.arbeitsagentur.de/jobsuche/jobdetail/11949-17214994-S,11949-17214994-S
https://www.arbeitsagentur.de/jobsuche/jobdetail/10000-1206432051-S,10000-1206432051-S
https://www.arbeitsagentur.de/jobsuche/jobdetail/10001-1003042625-S,10001-1003042625-S
https://www.arbeitsagentur.de/jobsuche/jobdetail/18934-14793-1771066-0-S,18934-14793-1771066-0-S
https://www.arbeitsagentur.de/jobsuche/jobdetail/14087-LEY5G9HADRXSQI5T-S,14087-LEY5G9HADRXSQI5T-S
https://www.arbeitsagentur.de/jobsuche/jobdetail/11119-4804183163-S,11119-4804183163-S
https://www.arbeitsagentur.de/jobsuche/jobdetail/13414-EBRK0XC5KK0HZ5IB-S,13414-EBRK0XC5KK0HZ5IB-S
https://www.arbeitsagentur.de/jobsuche/jobdetail/17903-76977B668DDB0FED676-S,17903-76977B668DDB0FED676-S
https://www.arbeitsagentur.de/jobsuche/jobdetail/13635-f1cf7136_JB5140073-S,13635-f1cf7136_JB5140073-S
https://www.arbeitsagentur.de/jobsuche/jobdetail/10001-1003043022-S,10001-1003043022-S
https://www.arbeitsagentur.de/jobsuche/jobdetail/13356-105553A48121C6-S,13356-105553A48121C6-S
https://www.arbeitsagentur.de/jobsuche/jobdetail/10001-1003038934-S,10001-1003038934-S
https://www.arbeitsagentur.de/jobsuche/jobdetail/10001-1003039244-S,10001-1003039244-S
https://www.arbeitsagentur.de/jobsuche/jobdetail/10001-1003041671-S,10001-1003041671-S
https://www.arbeitsagentur.de/jobsuche/jobdetail/11949-17206859-S,11949-17206859-S
https://www.arbeitsagentur.de/jobsuche/jobdetail/17803-260507172724-PH1403-S,17803-260507172724-PH1403-S
https://www.arbeitsagentur.de/jobsuche/jobdetail/10001-1003038371-S,10001-1003038371-S
https://www.arbeitsagentur.de/jobsuche/jobdetail/10001-1003035607-S,10001-1003035607-S
https://www.arbeitsagentur.de/jobsuche/jobdetail/13465-00021a64906001-S,13465-00021a64906001-S
https://www.arbeitsagentur.de/jobsuche/jobdetail/11949-17215603-S,11949-17215603-S
https://www.arbeitsagentur.de/jobsuche/jobdetail/14927-ya1km2p9r9-S,14927-ya1km2p9r9-S
https://www.arbeitsagentur.de/jobsuche/jobdetail/12122-208661-1769650-0-S,12122-208661-1769650-0-S
https://www.arbeitsagentur.de/jobsuche/jobdetail/10000-1206436061-S,10000-1206436061-S
https://www.arbeitsagentur.de/jobsuche/jobdetail/10001-1003040801-S,10001-1003040801-S
https://www.arbeitsagentur.de/jobsuche/jobdetail/10001-1003043174-S,10001-1003043174-S
https://www.arbeitsagentur.de/jobsuche/jobdetail/10001-1003039690-S,10001-1003039690-S
https://www.arbeitsagentur.de/jobsuche/jobdetail/12608-1401692-59033-1-S,12608-1401692-59033-1-S
https://www.arbeitsagentur.de/jobsuche/jobdetail/10001-1003034056-S,10001-1003034056-S
https://www.arbeitsagentur.de/jobsuche/jobdetail/13635-013471d1_JB5140992-S,13635-013471d1_JB5140992-S
https://www.arbeitsagentur.de/jobsuche/jobdetail/13635-a273af0d_JB5140818-S,13635-a273af0d_JB5140818-S
https://www.arbeitsagentur.de/jobsuche/jobdetail/12811-2248550-S,12811-2248550-S
https://www.arbeitsagentur.de/jobsuche/jobdetail/11949-17216677-S,11949-17216677-S
https://www.arbeitsagentur.de/jobsuche/jobdetail/10000-1206446958-S,10000-1206446958-S
https://www.arbeitsagentur.de/jobsuche/jobdetail/14087-7RHRKUCNYDR2Y6QR-S,14087-7RHRKUCNYDR2Y6QR-S
https://www.arbeitsagentur.de/jobsuche/jobdetail/10001-1003034718-S,10001-1003034718-S
https://www.arbeitsagentur.de/jobsuche/jobdetail/14751-437A338-S,14751-437A338-S
https://www.arbeitsagentur.de/jobsuche/jobdetail/10000-1206438601-S,10000-1206438601-S
https://www.arbeitsagentur.de/jobsuche/jobdetail/10001-1003036168-S,10001-1003036168-S
https://www.arbeitsagentur.de/jobsuche/jobdetail/14048-c4636087ccdc5be2-S,14048-c4636087ccdc5be2-S
https://www.arbeitsagentur.de/jobsuche/jobdetail/12739-PKG6ZD909ITVDVJ2-S,12739-PKG6ZD909ITVDVJ2-S
https://www.arbeitsagentur.de/jobsuche/jobdetail/10001-1003041418-S,10001-1003041418-S
https://www.arbeitsagentur.de/jobsuche/jobdetail/11119-4792650336-S,11119-4792650336-S
https://www.arbeitsagentur.de/jobsuche/jobdetail/17059-VH41UDIPTG45V28D-S,17059-VH41UDIPTG45V28D-S
https://www.arbeitsagentur.de/jobsuche/jobdetail/18024-100PJ000VLG0X-S,18024-100PJ000VLG0X-S
https://www.arbeitsagentur.de/jobsuche/jobdetail/11949-17216179-S,11949-17216179-S
https://www.arbeitsagentur.de/jobsuche/jobdetail/11949-17216341-S,11949-17216341-S
https://www.arbeitsagentur.de/jobsuche/jobdetail/12811-2248407-S,12811-2248407-S
https://www.arbeitsagentur.de/jobsuche/jobdetail/14613-kdmkp176yh-S,14613-kdmkp176yh-S
https://www.arbeitsagentur.de/jobsuche/jobdetail/14751-417A9339-S,14751-417A9339-S
https://www.arbeitsagentur.de/jobsuche/jobdetail/18024-100PJ000VEn0u-S,18024-100PJ000VEn0u-S
https://www.arbeitsagentur.de/jobsuche/jobdetail/12147-20260507219332-S,12147-20260507219332-S
https://www.arbeitsagentur.de/jobsuche/jobdetail/12288-4803154062-S,12288-4803154062-S
https://www.arbeitsagentur.de/jobsuche/jobdetail/12811-2248564-S,12811-2248564-S
https://www.arbeitsagentur.de/jobsuche/jobdetail/17985-D7SUJI7USZO0FJNN-S,17985-D7SUJI7USZO0FJNN-S
https://www.arbeitsagentur.de/jobsuche/jobdetail/11949-17215131-S,11949-17215131-S
https://www.arbeitsagentur.de/jobsuche/jobdetail/11949-17214446-S,11949-17214446-S
https://www.arbeitsagentur.de/jobsuche/jobdetail/17803-260507173044-AF1412-S,17803-260507173044-AF1412-S
https://www.arbeitsagentur.de/jobsuche/jobdetail/11119-4803021693-S,11119-4803021693-S
https://www.arbeitsagentur.de/jobsuche/jobdetail/11949-17215479-S,11949-17215479-S
https://www.arbeitsagentur.de/jobsuche/jobdetail/10001-1003042795-S,10001-1003042795-S
https://www.arbeitsagentur.de/jobsuche/jobdetail/11949-17215728-S,11949-17215728-S
https://www.arbeitsagentur.de/jobsuche/jobdetail/12704-745F0DFDIET29HF5-S,12704-745F0DFDIET29HF5-S
https://www.arbeitsagentur.de/jobsuche/jobdetail/11949-17216283-S,11949-17216283-S
https://www.arbeitsagentur.de/jobsuche/jobdetail/10001-1003037338-S,10001-1003037338-S
https://www.arbeitsagentur.de/jobsuche/jobdetail/11949-17215056-S,11949-17215056-S
https://www.arbeitsagentur.de/jobsuche/jobdetail/13635-339c4b54_JB5140453-S,13635-339c4b54_JB5140453-S
https://www.arbeitsagentur.de/jobsuche/jobdetail/10001-1003033885-S,10001-1003033885-S
https://www.arbeitsagentur.de/jobsuche/jobdetail/12147-20260507219345-S,12147-20260507219345-S
https://www.arbeitsagentur.de/jobsuche/jobdetail/13465-00021a64892001-S,13465-00021a64892001-S
https://www.arbeitsagentur.de/jobsuche/jobdetail/11119-4803005115-S,11119-4803005115-S
https://www.arbeitsagentur.de/jobsuche/jobdetail/12759-PKLVN58HHHNB7I2N-S,12759-PKLVN58HHHNB7I2N-S
https://www.arbeitsagentur.de/jobsuche/jobdetail/13132-2697-1770953-0-S,13132-2697-1770953-0-S
https://www.arbeitsagentur.de/jobsuche/jobdetail/18024-100PJ000Twv1l-S,18024-100PJ000Twv1l-S
https://www.arbeitsagentur.de/jobsuche/jobdetail/18024-100PC000Aw50Q-S,18024-100PC000Aw50Q-S
https://www.arbeitsagentur.de/jobsuche/jobdetail/10000-1206418801-S,10000-1206418801-S
https://www.arbeitsagentur.de/jobsuche/jobdetail/13635-3bb5719e_JB5141006-S,13635-3bb5719e_JB5141006-S
https://www.arbeitsagentur.de/jobsuche/jobdetail/12811-2249341-S,12811-2249341-S
https://www.arbeitsagentur.de/jobsuche/jobdetail/18024-1002X000QVe0A-S,18024-1002X000QVe0A-S
https://www.arbeitsagentur.de/jobsuche/jobdetail/13208-11892-1771112-0-S,13208-11892-1771112-0-S
https://www.arbeitsagentur.de/jobsuche/jobdetail/10001-1003043088-S,10001-1003043088-S
https://www.arbeitsagentur.de/jobsuche/jobdetail/11949-17163581-S,11949-17163581-S
https://www.arbeitsagentur.de/jobsuche/jobdetail/12811-2248253-S,12811-2248253-S
https://www.arbeitsagentur.de/jobsuche/jobdetail/10000-1206434803-S,10000-1206434803-S
https://www.arbeitsagentur.de/jobsuche/jobdetail/17803-260507173044-AF1401-S,17803-260507173044-AF1401-S
https://www.arbeitsagentur.de/jobsuche/jobdetail/10001-1003035941-S,10001-1003035941-S
https://www.arbeitsagentur.de/jobsuche/jobdetail/10001-1003035875-S,10001-1003035875-S
https://www.arbeitsagentur.de/jobsuche/jobdetail/10001-1003040948-S,10001-1003040948-S
https://www.arbeitsagentur.de/jobsuche/jobdetail/18594-a6c724743e8a9a2c-S,18594-a6c724743e8a9a2c-S
https://www.arbeitsagentur.de/jobsuche/jobdetail/11949-17216263-S,11949-17216263-S
https://www.arbeitsagentur.de/jobsuche/jobdetail/17803-260507172806-PF1410-S,17803-260507172806-PF1410-S
https://www.arbeitsagentur.de/jobsuche/jobdetail/20804-667_0-S,20804-667_0-S
https://www.arbeitsagentur.de/jobsuche/jobdetail/12811-2248876-S,12811-2248876-S
https://www.arbeitsagentur.de/jobsuche/jobdetail/12122-209154-1770911-0-S,12122-209154-1770911-0-S
https://www.arbeitsagentur.de/jobsuche/jobdetail/15632-k51545.1714-S,15632-k51545.1714-S
https://www.arbeitsagentur.de/jobsuche/jobdetail/11949-17214931-S,11949-17214931-S
https://www.arbeitsagentur.de/jobsuche/jobdetail/10001-1003035023-S,10001-1003035023-S
https://www.arbeitsagentur.de/jobsuche/jobdetail/10001-1003036617-S,10001-1003036617-S
https://www.arbeitsagentur.de/jobsuche/jobdetail/10001-1003038534-S,10001-1003038534-S
https://www.arbeitsagentur.de/jobsuche/jobdetail/13547-9G5IJ6Q9SUC3SYXI-S,13547-9G5IJ6Q9SUC3SYXI-S
https://www.arbeitsagentur.de/jobsuche/jobdetail/14795-66125_118799-S,14795-66125_118799-S
https://www.arbeitsagentur.de/jobsuche/jobdetail/11119-4804193245-S,11119-4804193245-S
https://www.arbeitsagentur.de/jobsuche/jobdetail/10001-1003042672-S,10001-1003042672-S
https://www.arbeitsagentur.de/jobsuche/jobdetail/14751-417A10904-S,14751-417A10904-S
https://www.arbeitsagentur.de/jobsuche/jobdetail/14722-U096WMV4PUHP5PLB-S,14722-U096WMV4PUHP5PLB-S
https://www.arbeitsagentur.de/jobsuche/jobdetail/14076-BB-13163-7878-40365-S,14076-BB-13163-7878-40365-S
https://www.arbeitsagentur.de/jobsuche/jobdetail/12288-4803096247-S,12288-4803096247-S
https://www.arbeitsagentur.de/jobsuche/jobdetail/11119-4802956337-S,11119-4802956337-S
https://www.arbeitsagentur.de/jobsuche/jobdetail/10001-1003043111-S,10001-1003043111-S
https://www.arbeitsagentur.de/jobsuche/jobdetail/12811-2248732-S,12811-2248732-S
https://www.arbeitsagentur.de/jobsuche/jobdetail/13635-c24c19f3_JB5140471-S,13635-c24c19f3_JB5140471-S
https://www.arbeitsagentur.de/jobsuche/jobdetail/14087-GUAUIQW0VCOZPMJ5-S,14087-GUAUIQW0VCOZPMJ5-S
https://www.arbeitsagentur.de/jobsuche/jobdetail/10001-1003043012-S,10001-1003043012-S
https://www.arbeitsagentur.de/jobsuche/jobdetail/10000-1206436666-S,10000-1206436666-S
https://www.arbeitsagentur.de/jobsuche/jobdetail/14722-C3ZECNKFODVH9TA8-S,14722-C3ZECNKFODVH9TA8-S
https://www.arbeitsagentur.de/jobsuche/jobdetail/10001-1003036212-S,10001-1003036212-S
https://www.arbeitsagentur.de/jobsuche/jobdetail/17803-260506170707-PH1321-S,17803-260506170707-PH1321-S
https://www.arbeitsagentur.de/jobsuche/jobdetail/10001-1003037970-S,10001-1003037970-S
https://www.arbeitsagentur.de/jobsuche/jobdetail/10001-1003042831-S,10001-1003042831-S
https://www.arbeitsagentur.de/jobsuche/jobdetail/10001-1003033827-S,10001-1003033827-S
https://www.arbeitsagentur.de/jobsuche/jobdetail/15600-ATN8S7R4B6P0FF70-S,15600-ATN8S7R4B6P0FF70-S
https://www.arbeitsagentur.de/jobsuche/jobdetail/18024-1002X000Ps60b-S,18024-1002X000Ps60b-S
https://www.arbeitsagentur.de/jobsuche/jobdetail/12739-ND7OWW52C4RGF1U5-S,12739-ND7OWW52C4RGF1U5-S
https://www.arbeitsagentur.de/jobsuche/jobdetail/10001-1003036858-S,10001-1003036858-S
https://www.arbeitsagentur.de/jobsuche/jobdetail/11949-17215108-S,11949-17215108-S
https://www.arbeitsagentur.de/jobsuche/jobdetail/13192-BB-628511-7878-7650-S,13192-BB-628511-7878-7650-S
https://www.arbeitsagentur.de/jobsuche/jobdetail/12147-20260505219155-S,12147-20260505219155-S
https://www.arbeitsagentur.de/jobsuche/jobdetail/10001-1003039990-S,10001-1003039990-S
https://www.arbeitsagentur.de/jobsuche/jobdetail/18024-1002X000QX408-S,18024-1002X000QX408-S
https://www.arbeitsagentur.de/jobsuche/jobdetail/19033-0000680086f004-S,19033-0000680086f004-S
https://www.arbeitsagentur.de/jobsuche/jobdetail/12811-2249304-S,12811-2249304-S
https://www.arbeitsagentur.de/jobsuche/jobdetail/13270-2026-00003707-1-S,13270-2026-00003707-1-S
https://www.arbeitsagentur.de/jobsuche/jobdetail/16547-AY6GL47PKQAGTYKU-S,16547-AY6GL47PKQAGTYKU-S
https://www.arbeitsagentur.de/jobsuche/jobdetail/17560-b5f4f07038ed45a-S,17560-b5f4f07038ed45a-S
https://www.arbeitsagentur.de/jobsuche/jobdetail/10001-1003041681-S,10001-1003041681-S
https://www.arbeitsagentur.de/jobsuche/jobdetail/11081-AWSAFDT1EQC3T5ID-S,11081-AWSAFDT1EQC3T5ID-S
https://www.arbeitsagentur.de/jobsuche/jobdetail/11949-17215136-S,11949-17215136-S
https://www.arbeitsagentur.de/jobsuche/jobdetail/11949-17215938-S,11949-17215938-S
https://www.arbeitsagentur.de/jobsuche/jobdetail/11949-17215648-S,11949-17215648-S
https://www.arbeitsagentur.de/jobsuche/jobdetail/11949-17216407-S,11949-17216407-S
https://www.arbeitsagentur.de/jobsuche/jobdetail/13356-101830A18700C82-S,13356-101830A18700C82-S
https://www.arbeitsagentur.de/jobsuche/jobdetail/11949-17215478-S,11949-17215478-S
https://www.arbeitsagentur.de/jobsuche/jobdetail/10000-1206446088-S,10000-1206446088-S
https://www.arbeitsagentur.de/jobsuche/jobdetail/10000-1206440337-S,10000-1206440337-S
https://www.arbeitsagentur.de/jobsuche/jobdetail/11949-17215471-S,11949-17215471-S
https://www.arbeitsagentur.de/jobsuche/jobdetail/10001-1003036708-S,10001-1003036708-S
https://www.arbeitsagentur.de/jobsuche/jobdetail/15688-R6MPCH0P8SF577X1-S,15688-R6MPCH0P8SF577X1-S
https://www.arbeitsagentur.de/jobsuche/jobdetail/14751-437A331-S,14751-437A331-S
https://www.arbeitsagentur.de/jobsuche/jobdetail/13270-2026-00003616-1-S,13270-2026-00003616-1-S
https://www.arbeitsagentur.de/jobsuche/jobdetail/10001-1003038409-S,10001-1003038409-S
https://www.arbeitsagentur.de/jobsuche/jobdetail/19854-nvgt53pnel-S,19854-nvgt53pnel-S
https://www.arbeitsagentur.de/jobsuche/jobdetail/11949-17216330-S,11949-17216330-S
https://www.arbeitsagentur.de/jobsuche/jobdetail/17332-0009c9000fe001-S,17332-0009c9000fe001-S
https://www.arbeitsagentur.de/jobsuche/jobdetail/13635-22c052fa_JB5140956-S,13635-22c052fa_JB5140956-S
https://www.arbeitsagentur.de/jobsuche/jobdetail/11119-4804188671-S,11119-4804188671-S
https://www.arbeitsagentur.de/jobsuche/jobdetail/17803-260507173152-AH1401-S,17803-260507173152-AH1401-S
https://www.arbeitsagentur.de/jobsuche/jobdetail/12513-0007639478-S,12513-0007639478-S
https://www.arbeitsagentur.de/jobsuche/jobdetail/10000-1206431002-S,10000-1206431002-S
https://www.arbeitsagentur.de/jobsuche/jobdetail/10000-1206435337-S,10000-1206435337-S
https://www.arbeitsagentur.de/jobsuche/jobdetail/14087-0VBZ82B192IHKOT1-S,14087-0VBZ82B192IHKOT1-S
https://www.arbeitsagentur.de/jobsuche/jobdetail/10001-1003043026-S,10001-1003043026-S
https://www.arbeitsagentur.de/jobsuche/jobdetail/13635-e04ad583_JB5140928-S,13635-e04ad583_JB5140928-S
https://www.arbeitsagentur.de/jobsuche/jobdetail/10001-1003043080-S,10001-1003043080-S
https://www.arbeitsagentur.de/jobsuche/jobdetail/13635-26ddf3e9_JB5140251-S,13635-26ddf3e9_JB5140251-S
https://www.arbeitsagentur.de/jobsuche/jobdetail/10001-1003040772-S,10001-1003040772-S
https://www.arbeitsagentur.de/jobsuche/jobdetail/12608-1401710-4081-1-S,12608-1401710-4081-1-S
https://www.arbeitsagentur.de/jobsuche/jobdetail/11081-U08JNLAB66WLPY3H-S,11081-U08JNLAB66WLPY3H-S
https://www.arbeitsagentur.de/jobsuche/jobdetail/13635-5d4c9b13_JB5140380-S,13635-5d4c9b13_JB5140380-S
https://www.arbeitsagentur.de/jobsuche/jobdetail/10001-1003034067-S,10001-1003034067-S
https://www.arbeitsagentur.de/jobsuche/jobdetail/10001-1003039509-S,10001-1003039509-S
https://www.arbeitsagentur.de/jobsuche/jobdetail/16971-458601317-S,16971-458601317-S
https://www.arbeitsagentur.de/jobsuche/jobdetail/13635-e263fef9_JB5140135-S,13635-e263fef9_JB5140135-S
https://www.arbeitsagentur.de/jobsuche/jobdetail/10001-1003037606-S,10001-1003037606-S
https://www.arbeitsagentur.de/jobsuche/jobdetail/14751-417A10883-S,14751-417A10883-S
https://www.arbeitsagentur.de/jobsuche/jobdetail/12759-UMYW0FIWWHM2Q25N-S,12759-UMYW0FIWWHM2Q25N-S
https://www.arbeitsagentur.de/jobsuche/jobdetail/11949-17214069-S,11949-17214069-S
https://www.arbeitsagentur.de/jobsuche/jobdetail/12122-209157-1770907-0-S,12122-209157-1770907-0-S
https://www.arbeitsagentur.de/jobsuche/jobdetail/10001-1003040055-S,10001-1003040055-S
https://www.arbeitsagentur.de/jobsuche/jobdetail/18024-100PC000A0R1r-S,18024-100PC000A0R1r-S
https://www.arbeitsagentur.de/jobsuche/jobdetail/11119-4792627283-S,11119-4792627283-S
https://www.arbeitsagentur.de/jobsuche/jobdetail/10001-1003035008-S,10001-1003035008-S
https://www.arbeitsagentur.de/jobsuche/jobdetail/16864-04DHFBDWKV4HK057-S,16864-04DHFBDWKV4HK057-S
https://www.arbeitsagentur.de/jobsuche/jobdetail/11949-17213836-S,11949-17213836-S
https://www.arbeitsagentur.de/jobsuche/jobdetail/11949-17215697-S,11949-17215697-S
https://www.arbeitsagentur.de/jobsuche/jobdetail/13635-d9797f25_JB5140112-S,13635-d9797f25_JB5140112-S
https://www.arbeitsagentur.de/jobsuche/jobdetail/10000-1206450339-S,10000-1206450339-S
https://www.arbeitsagentur.de/jobsuche/jobdetail/11949-17215090-S,11949-17215090-S
https://www.arbeitsagentur.de/jobsuche/jobdetail/11864-N8NABRBKL0BHS1OL-S,11864-N8NABRBKL0BHS1OL-S
https://www.arbeitsagentur.de/jobsuche/jobdetail/10001-1003035681-S,10001-1003035681-S
https://www.arbeitsagentur.de/jobsuche/jobdetail/10001-1003036352-S,10001-1003036352-S
https://www.arbeitsagentur.de/jobsuche/jobdetail/10001-1003038438-S,10001-1003038438-S
https://www.arbeitsagentur.de/jobsuche/jobdetail/11119-4802972610-S,11119-4802972610-S
https://www.arbeitsagentur.de/jobsuche/jobdetail/10001-1003039013-S,10001-1003039013-S
https://www.arbeitsagentur.de/jobsuche/jobdetail/10000-1206447667-S,10000-1206447667-S
https://www.arbeitsagentur.de/jobsuche/jobdetail/17985-GM66GP3MJDPFQ471-S,17985-GM66GP3MJDPFQ471-S
https://www.arbeitsagentur.de/jobsuche/jobdetail/10001-1003035926-S,10001-1003035926-S
https://www.arbeitsagentur.de/jobsuche/jobdetail/11852-944070199-S,11852-944070199-S
https://www.arbeitsagentur.de/jobsuche/jobdetail/15358-R4V8EZZR7164FSCA-S,15358-R4V8EZZR7164FSCA-S
https://www.arbeitsagentur.de/jobsuche/jobdetail/10001-1003043213-S,10001-1003043213-S
https://www.arbeitsagentur.de/jobsuche/jobdetail/11949-17215726-S,11949-17215726-S
https://www.arbeitsagentur.de/jobsuche/jobdetail/11949-17204548-S,11949-17204548-S
https://www.arbeitsagentur.de/jobsuche/jobdetail/11949-17214896-S,11949-17214896-S
https://www.arbeitsagentur.de/jobsuche/jobdetail/11949-17215143-S,11949-17215143-S
https://www.arbeitsagentur.de/jobsuche/jobdetail/10001-1003039957-S,10001-1003039957-S
https://www.arbeitsagentur.de/jobsuche/jobdetail/10001-1003040077-S,10001-1003040077-S
https://www.arbeitsagentur.de/jobsuche/jobdetail/10001-1003037796-S,10001-1003037796-S
https://www.arbeitsagentur.de/jobsuche/jobdetail/12288-4803113343-S,12288-4803113343-S
https://www.arbeitsagentur.de/jobsuche/jobdetail/10001-1003038879-S,10001-1003038879-S
https://www.arbeitsagentur.de/jobsuche/jobdetail/10001-1003037463-S,10001-1003037463-S
https://www.arbeitsagentur.de/jobsuche/jobdetail/13669-54VF7N13HGYQ4Q0W-S,13669-54VF7N13HGYQ4Q0W-S
https://www.arbeitsagentur.de/jobsuche/jobdetail/10000-1206439269-S,10000-1206439269-S
https://www.arbeitsagentur.de/jobsuche/jobdetail/10000-1206437334-S,10000-1206437334-S
https://www.arbeitsagentur.de/jobsuche/jobdetail/12730-0CTSX5P4IM0LLN4K-S,12730-0CTSX5P4IM0LLN4K-S
https://www.arbeitsagentur.de/jobsuche/jobdetail/12704-R2B1C6TMFJK3CTZD-S,12704-R2B1C6TMFJK3CTZD-S
https://www.arbeitsagentur.de/jobsuche/jobdetail/11949-17214978-S,11949-17214978-S
https://www.arbeitsagentur.de/jobsuche/jobdetail/20803-182A4-S,20803-182A4-S
https://www.arbeitsagentur.de/jobsuche/jobdetail/12513-0007639475-S,12513-0007639475-S
https://www.arbeitsagentur.de/jobsuche/jobdetail/11949-17215378-S,11949-17215378-S
https://www.arbeitsagentur.de/jobsuche/jobdetail/14087-QRHQ6QULFTA9K9UM-S,14087-QRHQ6QULFTA9K9UM-S
https://www.arbeitsagentur.de/jobsuche/jobdetail/11119-4804140594-S,11119-4804140594-S
https://www.arbeitsagentur.de/jobsuche/jobdetail/11949-17216475-S,11949-17216475-S
https://www.arbeitsagentur.de/jobsuche/jobdetail/18275-k59872.1339-S,18275-k59872.1339-S
https://www.arbeitsagentur.de/jobsuche/jobdetail/13635-7f5d186c_JB5140446-S,13635-7f5d186c_JB5140446-S
https://www.arbeitsagentur.de/jobsuche/jobdetail/12203-7f00f26aaf634c4-S,12203-7f00f26aaf634c4-S
https://www.arbeitsagentur.de/jobsuche/jobdetail/10001-1003036334-S,10001-1003036334-S
https://www.arbeitsagentur.de/jobsuche/jobdetail/11949-17216225-S,11949-17216225-S
https://www.arbeitsagentur.de/jobsuche/jobdetail/11949-17216037-S,11949-17216037-S
https://www.arbeitsagentur.de/jobsuche/jobdetail/11864-GUODCVP0VAHLK8VV-S,11864-GUODCVP0VAHLK8VV-S
https://www.arbeitsagentur.de/jobsuche/jobdetail/10001-1003037767-S,10001-1003037767-S
https://www.arbeitsagentur.de/jobsuche/jobdetail/13635-72ab18a8_JB5140221-S,13635-72ab18a8_JB5140221-S
https://www.arbeitsagentur.de/jobsuche/jobdetail/10001-1003035965-S,10001-1003035965-S
https://www.arbeitsagentur.de/jobsuche/jobdetail/11119-4803048299-S,11119-4803048299-S
https://www.arbeitsagentur.de/jobsuche/jobdetail/11119-4804204690-S,11119-4804204690-S
https://www.arbeitsagentur.de/jobsuche/jobdetail/10001-1003038506-S,10001-1003038506-S
https://www.arbeitsagentur.de/jobsuche/jobdetail/11949-17215242-S,11949-17215242-S
https://www.arbeitsagentur.de/jobsuche/jobdetail/12811-2249300-S,12811-2249300-S
https://www.arbeitsagentur.de/jobsuche/jobdetail/10001-1003042590-S,10001-1003042590-S
https://www.arbeitsagentur.de/jobsuche/jobdetail/12898-P2095429-1-S,12898-P2095429-1-S
https://www.arbeitsagentur.de/jobsuche/jobdetail/10001-1003037368-S,10001-1003037368-S
https://www.arbeitsagentur.de/jobsuche/jobdetail/16547-IG22L1VGNEO14KAE-S,16547-IG22L1VGNEO14KAE-S
https://www.arbeitsagentur.de/jobsuche/jobdetail/16915-5FNXUDM7903FP557-S,16915-5FNXUDM7903FP557-S
https://www.arbeitsagentur.de/jobsuche/jobdetail/10001-1003040898-S,10001-1003040898-S
https://www.arbeitsagentur.de/jobsuche/jobdetail/13270-2026-00003617-1-S,13270-2026-00003617-1-S
https://www.arbeitsagentur.de/jobsuche/jobdetail/10001-1003031130-S,10001-1003031130-S
https://www.arbeitsagentur.de/jobsuche/jobdetail/10001-1003036946-S,10001-1003036946-S
https://www.arbeitsagentur.de/jobsuche/jobdetail/10001-1003034029-S,10001-1003034029-S
https://www.arbeitsagentur.de/jobsuche/jobdetail/10001-1003036680-S,10001-1003036680-S
https://www.arbeitsagentur.de/jobsuche/jobdetail/14751-70A21995-S,14751-70A21995-S
https://www.arbeitsagentur.de/jobsuche/jobdetail/18024-100PJ000VJK0l-S,18024-100PJ000VJK0l-S
https://www.arbeitsagentur.de/jobsuche/jobdetail/11081-9JW1C52GLQFSUKPX-S,11081-9JW1C52GLQFSUKPX-S
https://www.arbeitsagentur.de/jobsuche/jobdetail/11119-4804159904-S,11119-4804159904-S
https://www.arbeitsagentur.de/jobsuche/jobdetail/10001-1003042733-S,10001-1003042733-S
https://www.arbeitsagentur.de/jobsuche/jobdetail/12608-1401779-28046-1-S,12608-1401779-28046-1-S
https://www.arbeitsagentur.de/jobsuche/jobdetail/11949-17209600-S,11949-17209600-S
https://www.arbeitsagentur.de/jobsuche/jobdetail/10001-1003039577-S,10001-1003039577-S
https://www.arbeitsagentur.de/jobsuche/jobdetail/12122-209164-1770991-0-S,12122-209164-1770991-0-S
https://www.arbeitsagentur.de/jobsuche/jobdetail/14040-RQS6ADLPEJUVL0TD-S,14040-RQS6ADLPEJUVL0TD-S
https://www.arbeitsagentur.de/jobsuche/jobdetail/10001-1003036729-S,10001-1003036729-S
https://www.arbeitsagentur.de/jobsuche/jobdetail/13247-43972-70639597308-0-S,13247-43972-70639597308-0-S
https://www.arbeitsagentur.de/jobsuche/jobdetail/12811-2249084-S,12811-2249084-S
https://www.arbeitsagentur.de/jobsuche/jobdetail/13356-101813A42823C25-S,13356-101813A42823C25-S
https://www.arbeitsagentur.de/jobsuche/jobdetail/10001-1003040734-S,10001-1003040734-S
https://www.arbeitsagentur.de/jobsuche/jobdetail/12811-2249250-S,12811-2249250-S
https://www.arbeitsagentur.de/jobsuche/jobdetail/12288-4803139441-S,12288-4803139441-S
https://www.arbeitsagentur.de/jobsuche/jobdetail/10001-1003039315-S,10001-1003039315-S
https://www.arbeitsagentur.de/jobsuche/jobdetail/11949-17214803-S,11949-17214803-S
https://www.arbeitsagentur.de/jobsuche/jobdetail/12618-173706-S,12618-173706-S
https://www.arbeitsagentur.de/jobsuche/jobdetail/10001-1003040267-S,10001-1003040267-S
https://www.arbeitsagentur.de/jobsuche/jobdetail/18024-100PJ000VUP0K-S,18024-100PJ000VUP0K-S
https://www.arbeitsagentur.de/jobsuche/jobdetail/16185-3BS63NEBEZ2Q7LO2-S,16185-3BS63NEBEZ2Q7LO2-S
https://www.arbeitsagentur.de/jobsuche/jobdetail/12811-2248600-S,12811-2248600-S
https://www.arbeitsagentur.de/jobsuche/jobdetail/10001-1003035548-S,10001-1003035548-S
https://www.arbeitsagentur.de/jobsuche/jobdetail/12967-0002_00111283-S,12967-0002_00111283-S
https://www.arbeitsagentur.de/jobsuche/jobdetail/11119-4791110727-S,11119-4791110727-S
https://www.arbeitsagentur.de/jobsuche/jobdetail/12608-1401658-39018-1-S,12608-1401658-39018-1-S
https://www.arbeitsagentur.de/jobsuche/jobdetail/14340-458414918-S,14340-458414918-S
https://www.arbeitsagentur.de/jobsuche/jobdetail/10001-1003038809-S,10001-1003038809-S
https://www.arbeitsagentur.de/jobsuche/jobdetail/12585-k10565.16205-S,12585-k10565.16205-S
https://www.arbeitsagentur.de/jobsuche/jobdetail/11949-17215093-S,11949-17215093-S
https://www.arbeitsagentur.de/jobsuche/jobdetail/11949-17216585-S,11949-17216585-S
https://www.arbeitsagentur.de/jobsuche/jobdetail/11119-4804195399-S,11119-4804195399-S
https://www.arbeitsagentur.de/jobsuche/jobdetail/11119-4804143813-S,11119-4804143813-S
https://www.arbeitsagentur.de/jobsuche/jobdetail/14385-403-2565320-26-S,14385-403-2565320-26-S
https://www.arbeitsagentur.de/jobsuche/jobdetail/12288-4803097745-S,12288-4803097745-S
https://www.arbeitsagentur.de/jobsuche/jobdetail/14795-66464_118852-S,14795-66464_118852-S
https://www.arbeitsagentur.de/jobsuche/jobdetail/10001-1003039891-S,10001-1003039891-S
https://www.arbeitsagentur.de/jobsuche/jobdetail/13547-6152B6XKUVTKTE5J-S,13547-6152B6XKUVTKTE5J-S
https://www.arbeitsagentur.de/jobsuche/jobdetail/10000-1206437801-S,10000-1206437801-S
https://www.arbeitsagentur.de/jobsuche/jobdetail/19818-E513FFBF14F30DEB1E6-S,19818-E513FFBF14F30DEB1E6-S
https://www.arbeitsagentur.de/jobsuche/jobdetail/10000-1206450055-S,10000-1206450055-S
https://www.arbeitsagentur.de/jobsuche/jobdetail/11112-13237-1770992-0-S,11112-13237-1770992-0-S
https://www.arbeitsagentur.de/jobsuche/jobdetail/10001-1003040725-S,10001-1003040725-S
https://www.arbeitsagentur.de/jobsuche/jobdetail/10001-1003042133-S,10001-1003042133-S
https://www.arbeitsagentur.de/jobsuche/jobdetail/11949-17215635-S,11949-17215635-S
https://www.arbeitsagentur.de/jobsuche/jobdetail/12608-1401701-8458-1-S,12608-1401701-8458-1-S
https://www.arbeitsagentur.de/jobsuche/jobdetail/10001-1003039045-S,10001-1003039045-S
https://www.arbeitsagentur.de/jobsuche/jobdetail/11949-17214425-S,11949-17214425-S
https://www.arbeitsagentur.de/jobsuche/jobdetail/12704-IIAYW3JWMAUCPPGR-S,12704-IIAYW3JWMAUCPPGR-S
https://www.arbeitsagentur.de/jobsuche/jobdetail/11949-17215747-S,11949-17215747-S
https://www.arbeitsagentur.de/jobsuche/jobdetail/12288-4803139761-S,12288-4803139761-S
https://www.arbeitsagentur.de/jobsuche/jobdetail/12288-4804130188-S,12288-4804130188-S
https://www.arbeitsagentur.de/jobsuche/jobdetail/10001-1003039670-S,10001-1003039670-S
https://www.arbeitsagentur.de/jobsuche/jobdetail/15817-IE93WOVCUTYRON52-S,15817-IE93WOVCUTYRON52-S
https://www.arbeitsagentur.de/jobsuche/jobdetail/15992-2248868-S,15992-2248868-S
https://www.arbeitsagentur.de/jobsuche/jobdetail/15015-19591-1770923-0-S,15015-19591-1770923-0-S
https://www.arbeitsagentur.de/jobsuche/jobdetail/12811-2249190-S,12811-2249190-S
https://www.arbeitsagentur.de/jobsuche/jobdetail/11119-4804225902-S,11119-4804225902-S
https://www.arbeitsagentur.de/jobsuche/jobdetail/11081-LF2UHXLMR3MMBZ3C-S,11081-LF2UHXLMR3MMBZ3C-S
https://www.arbeitsagentur.de/jobsuche/jobdetail/10001-1003042913-S,10001-1003042913-S
https://www.arbeitsagentur.de/jobsuche/jobdetail/14751-437A364-S,14751-437A364-S
https://www.arbeitsagentur.de/jobsuche/jobdetail/14751-417A10933-S,14751-417A10933-S
https://www.arbeitsagentur.de/jobsuche/jobdetail/15939-BB-633660-7878-6840-S,15939-BB-633660-7878-6840-S
https://www.arbeitsagentur.de/jobsuche/jobdetail/10001-1003040378-S,10001-1003040378-S
https://www.arbeitsagentur.de/jobsuche/jobdetail/10001-1003040335-S,10001-1003040335-S
https://www.arbeitsagentur.de/jobsuche/jobdetail/11119-4804221243-S,11119-4804221243-S
https://www.arbeitsagentur.de/jobsuche/jobdetail/14927-2ovuuepvc4b-S,14927-2ovuuepvc4b-S
https://www.arbeitsagentur.de/jobsuche/jobdetail/12618-173633-S,12618-173633-S
https://www.arbeitsagentur.de/jobsuche/jobdetail/11119-4803163304-S,11119-4803163304-S
https://www.arbeitsagentur.de/jobsuche/jobdetail/14927-vnu72zpolz-S,14927-vnu72zpolz-S
https://www.arbeitsagentur.de/jobsuche/jobdetail/10001-1003041004-S,10001-1003041004-S
https://www.arbeitsagentur.de/jobsuche/jobdetail/10001-1003039665-S,10001-1003039665-S
https://www.arbeitsagentur.de/jobsuche/jobdetail/10000-1206431630-S,10000-1206431630-S
https://www.arbeitsagentur.de/jobsuche/jobdetail/12811-2248605-S,12811-2248605-S
https://www.arbeitsagentur.de/jobsuche/jobdetail/10001-1000326775-S,10001-1000326775-S
https://www.arbeitsagentur.de/jobsuche/jobdetail/12811-2249225-S,12811-2249225-S
https://www.arbeitsagentur.de/jobsuche/jobdetail/13635-216d5bc3_JB5140267-S,13635-216d5bc3_JB5140267-S
https://www.arbeitsagentur.de/jobsuche/jobdetail/11973-c-082674-S,11973-c-082674-S
https://www.arbeitsagentur.de/jobsuche/jobdetail/17560-4652282e5b3a4ef-S,17560-4652282e5b3a4ef-S
https://www.arbeitsagentur.de/jobsuche/jobdetail/10001-1003043230-S,10001-1003043230-S
https://www.arbeitsagentur.de/jobsuche/jobdetail/10001-1003033524-S,10001-1003033524-S
https://www.arbeitsagentur.de/jobsuche/jobdetail/12811-2249172-S,12811-2249172-S
https://www.arbeitsagentur.de/jobsuche/jobdetail/12072-QFD12NLS0NOUDLU4-S,12072-QFD12NLS0NOUDLU4-S
https://www.arbeitsagentur.de/jobsuche/jobdetail/17803-260506171134-AH1306-S,17803-260506171134-AH1306-S
https://www.arbeitsagentur.de/jobsuche/jobdetail/13547-UZPHK88KO5W1NT6K-S,13547-UZPHK88KO5W1NT6K-S
https://www.arbeitsagentur.de/jobsuche/jobdetail/10000-1206444087-S,10000-1206444087-S
https://www.arbeitsagentur.de/jobsuche/jobdetail/17560-70658dc3ef3b4ba-S,17560-70658dc3ef3b4ba-S
https://www.arbeitsagentur.de/jobsuche/jobdetail/12811-2249035-S,12811-2249035-S
https://www.arbeitsagentur.de/jobsuche/jobdetail/11949-17214766-S,11949-17214766-S
https://www.arbeitsagentur.de/jobsuche/jobdetail/12906-206A1312-S,12906-206A1312-S
https://www.arbeitsagentur.de/jobsuche/jobdetail/13635-253c68be_JB5140989-S,13635-253c68be_JB5140989-S
https://www.arbeitsagentur.de/jobsuche/jobdetail/10001-1003037170-S,10001-1003037170-S
https://www.arbeitsagentur.de/jobsuche/jobdetail/11119-4804193329-S,11119-4804193329-S
https://www.arbeitsagentur.de/jobsuche/jobdetail/18024-1002X000QZe00-S,18024-1002X000QZe00-S
https://www.arbeitsagentur.de/jobsuche/jobdetail/11119-4803047905-S,11119-4803047905-S
https://www.arbeitsagentur.de/jobsuche/jobdetail/10000-1206434982-S,10000-1206434982-S
https://www.arbeitsagentur.de/jobsuche/jobdetail/12098-373A3533-S,12098-373A3533-S
https://www.arbeitsagentur.de/jobsuche/jobdetail/12739-NLTL2DWXGYQCVZB7-S,12739-NLTL2DWXGYQCVZB7-S
https://www.arbeitsagentur.de/jobsuche/jobdetail/10001-1003033877-S,10001-1003033877-S
https://www.arbeitsagentur.de/jobsuche/jobdetail/12288-4803161788-S,12288-4803161788-S
https://www.arbeitsagentur.de/jobsuche/jobdetail/10001-1003040550-S,10001-1003040550-S
https://www.arbeitsagentur.de/jobsuche/jobdetail/17803-260507172937-OA1403-S,17803-260507172937-OA1403-S
https://www.arbeitsagentur.de/jobsuche/jobdetail/12811-2249186-S,12811-2249186-S
https://www.arbeitsagentur.de/jobsuche/jobdetail/10000-1206443816-S,10000-1206443816-S
https://www.arbeitsagentur.de/jobsuche/jobdetail/13669-54W4DD0W5CFL2SSR-S,13669-54W4DD0W5CFL2SSR-S
https://www.arbeitsagentur.de/jobsuche/jobdetail/10001-1003035749-S,10001-1003035749-S
https://www.arbeitsagentur.de/jobsuche/jobdetail/10001-1003042988-S,10001-1003042988-S
https://www.arbeitsagentur.de/jobsuche/jobdetail/10001-1003043036-S,10001-1003043036-S
https://www.arbeitsagentur.de/jobsuche/jobdetail/12456-1519450-2-S,12456-1519450-2-S
https://www.arbeitsagentur.de/jobsuche/jobdetail/10001-1003034987-S,10001-1003034987-S
https://www.arbeitsagentur.de/jobsuche/jobdetail/10001-1003043084-S,10001-1003043084-S
https://www.arbeitsagentur.de/jobsuche/jobdetail/12362-CR-286200_609501LS-S,12362-CR-286200_609501LS-S
https://www.arbeitsagentur.de/jobsuche/jobdetail/18024-100aR0001LB12-S,18024-100aR0001LB12-S
https://www.arbeitsagentur.de/jobsuche/jobdetail/20730-2248778-S,20730-2248778-S
https://www.arbeitsagentur.de/jobsuche/jobdetail/12608-1401657-9088-1-S,12608-1401657-9088-1-S
https://www.arbeitsagentur.de/jobsuche/jobdetail/12608-1401812-8759-1-S,12608-1401812-8759-1-S
https://www.arbeitsagentur.de/jobsuche/jobdetail/10001-1003037140-S,10001-1003037140-S
https://www.arbeitsagentur.de/jobsuche/jobdetail/11119-4804147971-S,11119-4804147971-S
https://www.arbeitsagentur.de/jobsuche/jobdetail/12759-CBXNQQUDSBSJ0357-S,12759-CBXNQQUDSBSJ0357-S
https://www.arbeitsagentur.de/jobsuche/jobdetail/12811-2249393-S,12811-2249393-S
https://www.arbeitsagentur.de/jobsuche/jobdetail/12913-9afb280733d8c551-S,12913-9afb280733d8c551-S
https://www.arbeitsagentur.de/jobsuche/jobdetail/13270-2026-00003629-1-S,13270-2026-00003629-1-S
https://www.arbeitsagentur.de/jobsuche/jobdetail/12634-BB-640812-7878-2410-S,12634-BB-640812-7878-2410-S
https://www.arbeitsagentur.de/jobsuche/jobdetail/13635-7951366f_JB5140732-S,13635-7951366f_JB5140732-S
https://www.arbeitsagentur.de/jobsuche/jobdetail/14751-417A10940-S,14751-417A10940-S
https://www.arbeitsagentur.de/jobsuche/jobdetail/13635-9ea71afc_JB5140699-S,13635-9ea71afc_JB5140699-S
https://www.arbeitsagentur.de/jobsuche/jobdetail/12608-1401809-8759-1-S,12608-1401809-8759-1-S
https://www.arbeitsagentur.de/jobsuche/jobdetail/10001-1003040608-S,10001-1003040608-S
https://www.arbeitsagentur.de/jobsuche/jobdetail/10001-1003038130-S,10001-1003038130-S
https://www.arbeitsagentur.de/jobsuche/jobdetail/13270-2026-00003711-1-S,13270-2026-00003711-1-S
https://www.arbeitsagentur.de/jobsuche/jobdetail/10000-1206434662-S,10000-1206434662-S
https://www.arbeitsagentur.de/jobsuche/jobdetail/15160-IPXTSQYSY8BSUKMI-S,15160-IPXTSQYSY8BSUKMI-S
https://www.arbeitsagentur.de/jobsuche/jobdetail/11081-H6D5D9KCO0WI4ICR-S,11081-H6D5D9KCO0WI4ICR-S
https://www.arbeitsagentur.de/jobsuche/jobdetail/11949-17216147-S,11949-17216147-S
https://www.arbeitsagentur.de/jobsuche/jobdetail/10001-1003041160-S,10001-1003041160-S
https://www.arbeitsagentur.de/jobsuche/jobdetail/12704-R1YKS2IWY5GIHBDH-S,12704-R1YKS2IWY5GIHBDH-S
https://www.arbeitsagentur.de/jobsuche/jobdetail/10001-1003039263-S,10001-1003039263-S
https://www.arbeitsagentur.de/jobsuche/jobdetail/10001-1003040054-S,10001-1003040054-S
https://www.arbeitsagentur.de/jobsuche/jobdetail/10001-1003040346-S,10001-1003040346-S
https://www.arbeitsagentur.de/jobsuche/jobdetail/10001-1003034007-S,10001-1003034007-S
https://www.arbeitsagentur.de/jobsuche/jobdetail/14614-13743319-S,14614-13743319-S
https://www.arbeitsagentur.de/jobsuche/jobdetail/10001-1003036009-S,10001-1003036009-S
https://www.arbeitsagentur.de/jobsuche/jobdetail/10000-1206448937-S,10000-1206448937-S
https://www.arbeitsagentur.de/jobsuche/jobdetail/10000-1206444256-S,10000-1206444256-S
https://www.arbeitsagentur.de/jobsuche/jobdetail/12122-209159-1771106-0-S,12122-209159-1771106-0-S
https://www.arbeitsagentur.de/jobsuche/jobdetail/10001-1003037391-S,10001-1003037391-S
https://www.arbeitsagentur.de/jobsuche/jobdetail/10001-1003042313-S,10001-1003042313-S
https://www.arbeitsagentur.de/jobsuche/jobdetail/10001-1003038396-S,10001-1003038396-S
https://www.arbeitsagentur.de/jobsuche/jobdetail/10001-1003040638-S,10001-1003040638-S
https://www.arbeitsagentur.de/jobsuche/jobdetail/15006-k40180.5761-S,15006-k40180.5761-S
https://www.arbeitsagentur.de/jobsuche/jobdetail/11949-17216291-S,11949-17216291-S
https://www.arbeitsagentur.de/jobsuche/jobdetail/11949-17163589-S,11949-17163589-S
https://www.arbeitsagentur.de/jobsuche/jobdetail/10001-1003040650-S,10001-1003040650-S
https://www.arbeitsagentur.de/jobsuche/jobdetail/10001-1003038560-S,10001-1003038560-S
https://www.arbeitsagentur.de/jobsuche/jobdetail/11949-17215722-S,11949-17215722-S
https://www.arbeitsagentur.de/jobsuche/jobdetail/14795-67073_118775-S,14795-67073_118775-S
https://www.arbeitsagentur.de/jobsuche/jobdetail/11949-17215375-S,11949-17215375-S
https://www.arbeitsagentur.de/jobsuche/jobdetail/11949-17216537-S,11949-17216537-S
https://www.arbeitsagentur.de/jobsuche/jobdetail/10001-1002786602-S,10001-1002786602-S
https://www.arbeitsagentur.de/jobsuche/jobdetail/13356-109526A46013C15-S,13356-109526A46013C15-S
https://www.arbeitsagentur.de/jobsuche/jobdetail/11119-4802996020-S,11119-4802996020-S
https://www.arbeitsagentur.de/jobsuche/jobdetail/15518-8AY7S9OGF5A0YVEX-S,15518-8AY7S9OGF5A0YVEX-S
https://www.arbeitsagentur.de/jobsuche/jobdetail/13218-219028_2026-S,13218-219028_2026-S
https://www.arbeitsagentur.de/jobsuche/jobdetail/10000-1206446859-S,10000-1206446859-S
https://www.arbeitsagentur.de/jobsuche/jobdetail/10001-1003039572-S,10001-1003039572-S
https://www.arbeitsagentur.de/jobsuche/jobdetail/14087-4S91TIZ07FZF1M3B-S,14087-4S91TIZ07FZF1M3B-S
https://www.arbeitsagentur.de/jobsuche/jobdetail/10000-1206424378-S,10000-1206424378-S
https://www.arbeitsagentur.de/jobsuche/jobdetail/10001-1003034709-S,10001-1003034709-S
https://www.arbeitsagentur.de/jobsuche/jobdetail/10001-1003034757-S,10001-1003034757-S
https://www.arbeitsagentur.de/jobsuche/jobdetail/13635-28ed8055_JB5140697-S,13635-28ed8055_JB5140697-S
https://www.arbeitsagentur.de/jobsuche/jobdetail/10001-1003038199-S,10001-1003038199-S
https://www.arbeitsagentur.de/jobsuche/jobdetail/11949-17214651-S,11949-17214651-S
https://www.arbeitsagentur.de/jobsuche/jobdetail/14792-7FGCV8XQTB9ZWI41-S,14792-7FGCV8XQTB9ZWI41-S
https://www.arbeitsagentur.de/jobsuche/jobdetail/10001-1003040548-S,10001-1003040548-S
https://www.arbeitsagentur.de/jobsuche/jobdetail/14991-U37GRQ5UWM0CDLWO-S,14991-U37GRQ5UWM0CDLWO-S
https://www.arbeitsagentur.de/jobsuche/jobdetail/10001-1003042022-S,10001-1003042022-S
https://www.arbeitsagentur.de/jobsuche/jobdetail/11081-9SA9P7MI3RBU719R-S,11081-9SA9P7MI3RBU719R-S
https://www.arbeitsagentur.de/jobsuche/jobdetail/12608-1401786-10914-1-S,12608-1401786-10914-1-S
https://www.arbeitsagentur.de/jobsuche/jobdetail/10000-1206434856-S,10000-1206434856-S
https://www.arbeitsagentur.de/jobsuche/jobdetail/10001-1003041680-S,10001-1003041680-S
https://www.arbeitsagentur.de/jobsuche/jobdetail/10001-1003041049-S,10001-1003041049-S
https://www.arbeitsagentur.de/jobsuche/jobdetail/10000-1206434850-S,10000-1206434850-S
https://www.arbeitsagentur.de/jobsuche/jobdetail/14927-1pne8qa7x6q-S,14927-1pne8qa7x6q-S
https://www.arbeitsagentur.de/jobsuche/jobdetail/19470-457866209-S,19470-457866209-S
https://www.arbeitsagentur.de/jobsuche/jobdetail/11949-17215033-S,11949-17215033-S
https://www.arbeitsagentur.de/jobsuche/jobdetail/12913-5ee860dd5d666565-S,12913-5ee860dd5d666565-S
https://www.arbeitsagentur.de/jobsuche/jobdetail/13635-c5129c1e_JB5140114-S,13635-c5129c1e_JB5140114-S
https://www.arbeitsagentur.de/jobsuche/jobdetail/12811-2248563-S,12811-2248563-S
https://www.arbeitsagentur.de/jobsuche/jobdetail/15939-BB-633661-7878-4711-S,15939-BB-633661-7878-4711-S
https://www.arbeitsagentur.de/jobsuche/jobdetail/11949-17215771-S,11949-17215771-S
https://www.arbeitsagentur.de/jobsuche/jobdetail/10001-1003037859-S,10001-1003037859-S
https://www.arbeitsagentur.de/jobsuche/jobdetail/11081-B2KR1S4EV2KYYKU3-S,11081-B2KR1S4EV2KYYKU3-S
https://www.arbeitsagentur.de/jobsuche/jobdetail/14927-25qgo8slwej-S,14927-25qgo8slwej-S
https://www.arbeitsagentur.de/jobsuche/jobdetail/13999-k53401.30917-S,13999-k53401.30917-S
https://www.arbeitsagentur.de/jobsuche/jobdetail/18024-100aR0001L317-S,18024-100aR0001L317-S
https://www.arbeitsagentur.de/jobsuche/jobdetail/18024-100PJ000VYn09-S,18024-100PJ000VYn09-S
https://www.arbeitsagentur.de/jobsuche/jobdetail/13356-106525A43243C24-S,13356-106525A43243C24-S
https://www.arbeitsagentur.de/jobsuche/jobdetail/12288-4803156375-S,12288-4803156375-S
https://www.arbeitsagentur.de/jobsuche/jobdetail/11949-17216319-S,11949-17216319-S
https://www.arbeitsagentur.de/jobsuche/jobdetail/12457-1571614-1-S,12457-1571614-1-S
https://www.arbeitsagentur.de/jobsuche/jobdetail/11949-17216189-S,11949-17216189-S
https://www.arbeitsagentur.de/jobsuche/jobdetail/10001-1003042049-S,10001-1003042049-S
https://www.arbeitsagentur.de/jobsuche/jobdetail/10001-1003036826-S,10001-1003036826-S
https://www.arbeitsagentur.de/jobsuche/jobdetail/15339-1498-1770695-0-S,15339-1498-1770695-0-S
https://www.arbeitsagentur.de/jobsuche/jobdetail/16291-8656a0c5e1a44c9-S,16291-8656a0c5e1a44c9-S
https://www.arbeitsagentur.de/jobsuche/jobdetail/12122-209247-1771086-0-S,12122-209247-1771086-0-S
https://www.arbeitsagentur.de/jobsuche/jobdetail/10001-1003042092-S,10001-1003042092-S
https://www.arbeitsagentur.de/jobsuche/jobdetail/10001-1003036325-S,10001-1003036325-S
https://www.arbeitsagentur.de/jobsuche/jobdetail/10000-1206432202-S,10000-1206432202-S
https://www.arbeitsagentur.de/jobsuche/jobdetail/11949-17215110-S,11949-17215110-S
https://www.arbeitsagentur.de/jobsuche/jobdetail/10001-1002564491-S,10001-1002564491-S
https://www.arbeitsagentur.de/jobsuche/jobdetail/11112-615-1771103-0-S,11112-615-1771103-0-S
https://www.arbeitsagentur.de/jobsuche/jobdetail/11949-17215550-S,11949-17215550-S
https://www.arbeitsagentur.de/jobsuche/jobdetail/11081-Y2RNI1DWWAAAM4EQ-S,11081-Y2RNI1DWWAAAM4EQ-S
https://www.arbeitsagentur.de/jobsuche/jobdetail/12122-209137-1770920-0-S,12122-209137-1770920-0-S
https://www.arbeitsagentur.de/jobsuche/jobdetail/10001-1003033857-S,10001-1003033857-S
https://www.arbeitsagentur.de/jobsuche/jobdetail/12632-b32681fa_JB5140356-S,12632-b32681fa_JB5140356-S
https://www.arbeitsagentur.de/jobsuche/jobdetail/10001-1003039394-S,10001-1003039394-S
https://www.arbeitsagentur.de/jobsuche/jobdetail/17803-260507172901-PS1423-S,17803-260507172901-PS1423-S
https://www.arbeitsagentur.de/jobsuche/jobdetail/14751-62A117752-S,14751-62A117752-S
https://www.arbeitsagentur.de/jobsuche/jobdetail/11119-4804203030-S,11119-4804203030-S
https://www.arbeitsagentur.de/jobsuche/jobdetail/11868-13742684-S,11868-13742684-S
https://www.arbeitsagentur.de/jobsuche/jobdetail/13280-3ZCNJQ1SQRUTF1KT-S,13280-3ZCNJQ1SQRUTF1KT-S
https://www.arbeitsagentur.de/jobsuche/jobdetail/14751-62A117716-S,14751-62A117716-S
https://www.arbeitsagentur.de/jobsuche/jobdetail/11119-4803004680-S,11119-4803004680-S
https://www.arbeitsagentur.de/jobsuche/jobdetail/14751-437A230-S,14751-437A230-S
https://www.arbeitsagentur.de/jobsuche/jobdetail/12288-4803162151-S,12288-4803162151-S
https://www.arbeitsagentur.de/jobsuche/jobdetail/15428-PMV5Z8I3YVK9JBG4-S,15428-PMV5Z8I3YVK9JBG4-S
https://www.arbeitsagentur.de/jobsuche/jobdetail/14927-1vemap6hoc6-S,14927-1vemap6hoc6-S
https://www.arbeitsagentur.de/jobsuche/jobdetail/12086-5TEPWSB8WNBWHAFH-S,12086-5TEPWSB8WNBWHAFH-S
https://www.arbeitsagentur.de/jobsuche/jobdetail/12288-4803128539-S,12288-4803128539-S
https://www.arbeitsagentur.de/jobsuche/jobdetail/11081-0DZE6PG9LK1U28LI-S,11081-0DZE6PG9LK1U28LI-S
https://www.arbeitsagentur.de/jobsuche/jobdetail/13947-00009d180c6001-S,13947-00009d180c6001-S
https://www.arbeitsagentur.de/jobsuche/jobdetail/11949-17215786-S,11949-17215786-S
https://www.arbeitsagentur.de/jobsuche/jobdetail/13356-104240A41306C22-S,13356-104240A41306C22-S
https://www.arbeitsagentur.de/jobsuche/jobdetail/14927-2380juqj3d0-S,14927-2380juqj3d0-S
https://www.arbeitsagentur.de/jobsuche/jobdetail/12072-S8T9T4XAQAT93VRB-S,12072-S8T9T4XAQAT93VRB-S
https://www.arbeitsagentur.de/jobsuche/jobdetail/12086-MBPE4UWNFEA7W5SJ-S,12086-MBPE4UWNFEA7W5SJ-S
https://www.arbeitsagentur.de/jobsuche/jobdetail/14661-b2b8df9a475e45a-S,14661-b2b8df9a475e45a-S
https://www.arbeitsagentur.de/jobsuche/jobdetail/11949-17215714-S,11949-17215714-S
https://www.arbeitsagentur.de/jobsuche/jobdetail/12032-R622E8221-S,12032-R622E8221-S
https://www.arbeitsagentur.de/jobsuche/jobdetail/10001-1003042538-S,10001-1003042538-S
https://www.arbeitsagentur.de/jobsuche/jobdetail/11949-17215799-S,11949-17215799-S
https://www.arbeitsagentur.de/jobsuche/jobdetail/10001-1003041033-S,10001-1003041033-S
https://www.arbeitsagentur.de/jobsuche/jobdetail/11949-17216353-S,11949-17216353-S
https://www.arbeitsagentur.de/jobsuche/jobdetail/10001-1003041496-S,10001-1003041496-S
https://www.arbeitsagentur.de/jobsuche/jobdetail/12233-408A546-S,12233-408A546-S
https://www.arbeitsagentur.de/jobsuche/jobdetail/13635-a80bf71f_JB5140820-S,13635-a80bf71f_JB5140820-S
https://www.arbeitsagentur.de/jobsuche/jobdetail/11119-4792644882-S,11119-4792644882-S
https://www.arbeitsagentur.de/jobsuche/jobdetail/20242-4804174952-S,20242-4804174952-S
https://www.arbeitsagentur.de/jobsuche/jobdetail/10001-1003037706-S,10001-1003037706-S
https://www.arbeitsagentur.de/jobsuche/jobdetail/16547-XV4ZL0PM4Q7W12Q2-S,16547-XV4ZL0PM4Q7W12Q2-S
https://www.arbeitsagentur.de/jobsuche/jobdetail/10001-1003041638-S,10001-1003041638-S
https://www.arbeitsagentur.de/jobsuche/jobdetail/10001-1003034118-S,10001-1003034118-S
https://www.arbeitsagentur.de/jobsuche/jobdetail/10001-1003043119-S,10001-1003043119-S
https://www.arbeitsagentur.de/jobsuche/jobdetail/17277-BD1RKBA15WD51CWO-S,17277-BD1RKBA15WD51CWO-S
https://www.arbeitsagentur.de/jobsuche/jobdetail/13635-c3776c70_JB5140731-S,13635-c3776c70_JB5140731-S
https://www.arbeitsagentur.de/jobsuche/jobdetail/11949-17215477-S,11949-17215477-S
https://www.arbeitsagentur.de/jobsuche/jobdetail/11949-17216109-S,11949-17216109-S
https://www.arbeitsagentur.de/jobsuche/jobdetail/10001-1003041372-S,10001-1003041372-S
https://www.arbeitsagentur.de/jobsuche/jobdetail/10001-1003041786-S,10001-1003041786-S
https://www.arbeitsagentur.de/jobsuche/jobdetail/13356-109596A27978C63-S,13356-109596A27978C63-S
https://www.arbeitsagentur.de/jobsuche/jobdetail/12608-1401699-8493-1-S,12608-1401699-8493-1-S
https://www.arbeitsagentur.de/jobsuche/jobdetail/11949-17215269-S,11949-17215269-S
https://www.arbeitsagentur.de/jobsuche/jobdetail/14751-417A10284-S,14751-417A10284-S
https://www.arbeitsagentur.de/jobsuche/jobdetail/12733-503S1N70C2ODBTWJ-S,12733-503S1N70C2ODBTWJ-S
https://www.arbeitsagentur.de/jobsuche/jobdetail/11119-4803048003-S,11119-4803048003-S
https://www.arbeitsagentur.de/jobsuche/jobdetail/10000-1206439183-S,10000-1206439183-S
https://www.arbeitsagentur.de/jobsuche/jobdetail/13356-401045A48136C6-S,13356-401045A48136C6-S
https://www.arbeitsagentur.de/jobsuche/jobdetail/14795-67117_118821-S,14795-67117_118821-S
https://www.arbeitsagentur.de/jobsuche/jobdetail/14751-373A97253-S,14751-373A97253-S
https://www.arbeitsagentur.de/jobsuche/jobdetail/11949-17214630-S,11949-17214630-S
https://www.arbeitsagentur.de/jobsuche/jobdetail/12618-173726-S,12618-173726-S
https://www.arbeitsagentur.de/jobsuche/jobdetail/18024-1002X000Pqk0b-S,18024-1002X000Pqk0b-S
https://www.arbeitsagentur.de/jobsuche/jobdetail/16963-REF359F-0823842248-S,16963-REF359F-0823842248-S
https://www.arbeitsagentur.de/jobsuche/jobdetail/11119-4804139570-S,11119-4804139570-S
https://www.arbeitsagentur.de/jobsuche/jobdetail/13356-10825A36458C38-S,13356-10825A36458C38-S
https://www.arbeitsagentur.de/jobsuche/jobdetail/10001-1003041280-S,10001-1003041280-S
https://www.arbeitsagentur.de/jobsuche/jobdetail/12194-464c5ba9de8b1c1f-S,12194-464c5ba9de8b1c1f-S
https://www.arbeitsagentur.de/jobsuche/jobdetail/13270-2026-00003705-1-S,13270-2026-00003705-1-S
https://www.arbeitsagentur.de/jobsuche/jobdetail/11081-NQXQSWVDUXBNPFGJ-S,11081-NQXQSWVDUXBNPFGJ-S
https://www.arbeitsagentur.de/jobsuche/jobdetail/16547-BHANY2B9W01P9SPM-S,16547-BHANY2B9W01P9SPM-S
https://www.arbeitsagentur.de/jobsuche/jobdetail/14927-dselpy-S,14927-dselpy-S
https://www.arbeitsagentur.de/jobsuche/jobdetail/18024-100BR0003Yo0l-S,18024-100BR0003Yo0l-S
https://www.arbeitsagentur.de/jobsuche/jobdetail/14927-xz45ccvc3m-S,14927-xz45ccvc3m-S
https://www.arbeitsagentur.de/jobsuche/jobdetail/12811-2248729-S,12811-2248729-S
https://www.arbeitsagentur.de/jobsuche/jobdetail/20397-4803034970-S,20397-4803034970-S
https://www.arbeitsagentur.de/jobsuche/jobdetail/17803-260507172724-PH1418-S,17803-260507172724-PH1418-S
https://www.arbeitsagentur.de/jobsuche/jobdetail/10001-1003040138-S,10001-1003040138-S
https://www.arbeitsagentur.de/jobsuche/jobdetail/14751-437A348-S,14751-437A348-S
https://www.arbeitsagentur.de/jobsuche/jobdetail/10001-1003040674-S,10001-1003040674-S
https://www.arbeitsagentur.de/jobsuche/jobdetail/12633-1dd64324_JB5140166-S,12633-1dd64324_JB5140166-S
https://www.arbeitsagentur.de/jobsuche/jobdetail/10001-1003039563-S,10001-1003039563-S
https://www.arbeitsagentur.de/jobsuche/jobdetail/16819-a878056e15b717c6-S,16819-a878056e15b717c6-S
https://www.arbeitsagentur.de/jobsuche/jobdetail/12147-20260507219329-S,12147-20260507219329-S
https://www.arbeitsagentur.de/jobsuche/jobdetail/10001-1003039869-S,10001-1003039869-S
https://www.arbeitsagentur.de/jobsuche/jobdetail/12456-1571316-1-S,12456-1571316-1-S
https://www.arbeitsagentur.de/jobsuche/jobdetail/10001-1003042975-S,10001-1003042975-S
https://www.arbeitsagentur.de/jobsuche/jobdetail/17803-260506171043-AF1320-S,17803-260506171043-AF1320-S
https://www.arbeitsagentur.de/jobsuche/jobdetail/10000-1206435351-S,10000-1206435351-S
https://www.arbeitsagentur.de/jobsuche/jobdetail/10001-1003037003-S,10001-1003037003-S
https://www.arbeitsagentur.de/jobsuche/jobdetail/11119-4803048105-S,11119-4803048105-S
https://www.arbeitsagentur.de/jobsuche/jobdetail/14385-422-2565394-26-S,14385-422-2565394-26-S
https://www.arbeitsagentur.de/jobsuche/jobdetail/14927-c8kk1k6zxi-S,14927-c8kk1k6zxi-S
https://www.arbeitsagentur.de/jobsuche/jobdetail/10001-1003038527-S,10001-1003038527-S
https://www.arbeitsagentur.de/jobsuche/jobdetail/10000-1206437017-S,10000-1206437017-S
https://www.arbeitsagentur.de/jobsuche/jobdetail/10001-1003042218-S,10001-1003042218-S
https://www.arbeitsagentur.de/jobsuche/jobdetail/18024-100PJ000VSk0M-S,18024-100PJ000VSk0M-S
https://www.arbeitsagentur.de/jobsuche/jobdetail/11949-17215046-S,11949-17215046-S
https://www.arbeitsagentur.de/jobsuche/jobdetail/13635-0b9d7900_JB5140949-S,13635-0b9d7900_JB5140949-S
https://www.arbeitsagentur.de/jobsuche/jobdetail/15765-N01WEYSUVF3822VF-S,15765-N01WEYSUVF3822VF-S
https://www.arbeitsagentur.de/jobsuche/jobdetail/14040-DAILQU0Z1BZ1344L-S,14040-DAILQU0Z1BZ1344L-S
https://www.arbeitsagentur.de/jobsuche/jobdetail/11864-D2Y30HYSPMNJ3D5U-S,11864-D2Y30HYSPMNJ3D5U-S
https://www.arbeitsagentur.de/jobsuche/jobdetail/12608-1401816-10003-1-S,12608-1401816-10003-1-S
https://www.arbeitsagentur.de/jobsuche/jobdetail/13356-109596A34094C45-S,13356-109596A34094C45-S
https://www.arbeitsagentur.de/jobsuche/jobdetail/10001-1003033876-S,10001-1003033876-S
https://www.arbeitsagentur.de/jobsuche/jobdetail/10001-1003038788-S,10001-1003038788-S
https://www.arbeitsagentur.de/jobsuche/jobdetail/20269-01444245-S,20269-01444245-S
https://www.arbeitsagentur.de/jobsuche/jobdetail/10000-1206435035-S,10000-1206435035-S
https://www.arbeitsagentur.de/jobsuche/jobdetail/10001-1003033911-S,10001-1003033911-S
https://www.arbeitsagentur.de/jobsuche/jobdetail/10001-1003037015-S,10001-1003037015-S
https://www.arbeitsagentur.de/jobsuche/jobdetail/11119-4803023964-S,11119-4803023964-S
https://www.arbeitsagentur.de/jobsuche/jobdetail/10001-1003038872-S,10001-1003038872-S
https://www.arbeitsagentur.de/jobsuche/jobdetail/14927-ijtglf53u7-S,14927-ijtglf53u7-S
https://www.arbeitsagentur.de/jobsuche/jobdetail/10001-1003042535-S,10001-1003042535-S
https://www.arbeitsagentur.de/jobsuche/jobdetail/14040-MOT7H3RAK17065SD-S,14040-MOT7H3RAK17065SD-S
https://www.arbeitsagentur.de/jobsuche/jobdetail/10001-1003036956-S,10001-1003036956-S
https://www.arbeitsagentur.de/jobsuche/jobdetail/11119-4792408686-S,11119-4792408686-S
https://www.arbeitsagentur.de/jobsuche/jobdetail/10001-1003036906-S,10001-1003036906-S
https://www.arbeitsagentur.de/jobsuche/jobdetail/10001-1003039494-S,10001-1003039494-S
https://www.arbeitsagentur.de/jobsuche/jobdetail/11949-17216562-S,11949-17216562-S
https://www.arbeitsagentur.de/jobsuche/jobdetail/10000-1206448015-S,10000-1206448015-S
https://www.arbeitsagentur.de/jobsuche/jobdetail/10001-1003036824-S,10001-1003036824-S
https://www.arbeitsagentur.de/jobsuche/jobdetail/14751-373A97235-S,14751-373A97235-S
https://www.arbeitsagentur.de/jobsuche/jobdetail/11949-17214967-S,11949-17214967-S
https://www.arbeitsagentur.de/jobsuche/jobdetail/11112-543-1661144-1-S,11112-543-1661144-1-S
https://www.arbeitsagentur.de/jobsuche/jobdetail/15937-k55805.115250-S,15937-k55805.115250-S
https://www.arbeitsagentur.de/jobsuche/jobdetail/12906-206A1313-S,12906-206A1313-S
https://www.arbeitsagentur.de/jobsuche/jobdetail/17803-260506170951-OA1304-S,17803-260506170951-OA1304-S
https://www.arbeitsagentur.de/jobsuche/jobdetail/10001-1003037845-S,10001-1003037845-S
https://www.arbeitsagentur.de/jobsuche/jobdetail/11949-17216636-S,11949-17216636-S
https://www.arbeitsagentur.de/jobsuche/jobdetail/10001-1002703265-S,10001-1002703265-S
https://www.arbeitsagentur.de/jobsuche/jobdetail/13334-00005f643ba001-S,13334-00005f643ba001-S
https://www.arbeitsagentur.de/jobsuche/jobdetail/13218-219031_2026-S,13218-219031_2026-S
https://www.arbeitsagentur.de/jobsuche/jobdetail/14927-21chhtw7hlg-S,14927-21chhtw7hlg-S
https://www.arbeitsagentur.de/jobsuche/jobdetail/10001-1003037045-S,10001-1003037045-S
https://www.arbeitsagentur.de/jobsuche/jobdetail/10000-1206434874-S,10000-1206434874-S
https://www.arbeitsagentur.de/jobsuche/jobdetail/11119-4803888082-S,11119-4803888082-S
https://www.arbeitsagentur.de/jobsuche/jobdetail/11949-17215187-S,11949-17215187-S
https://www.arbeitsagentur.de/jobsuche/jobdetail/19952-j80S2082-4898-S,19952-j80S2082-4898-S
https://www.arbeitsagentur.de/jobsuche/jobdetail/14599-ZKJW7YAHD6SCD068-S,14599-ZKJW7YAHD6SCD068-S
https://www.arbeitsagentur.de/jobsuche/jobdetail/10001-1003037555-S,10001-1003037555-S
https://www.arbeitsagentur.de/jobsuche/jobdetail/18024-100PJ000A0B1o-S,18024-100PJ000A0B1o-S
https://www.arbeitsagentur.de/jobsuche/jobdetail/11949-17214242-S,11949-17214242-S
https://www.arbeitsagentur.de/jobsuche/jobdetail/13635-3bf92b4b_JB5140263-S,13635-3bf92b4b_JB5140263-S
https://www.arbeitsagentur.de/jobsuche/jobdetail/14471-EDP8F47DR2SQQ72R-S,14471-EDP8F47DR2SQQ72R-S
https://www.arbeitsagentur.de/jobsuche/jobdetail/10001-1003037917-S,10001-1003037917-S
https://www.arbeitsagentur.de/jobsuche/jobdetail/20730-2248777-S,20730-2248777-S
https://www.arbeitsagentur.de/jobsuche/jobdetail/12811-2248299-S,12811-2248299-S
https://www.arbeitsagentur.de/jobsuche/jobdetail/10001-1003040488-S,10001-1003040488-S
https://www.arbeitsagentur.de/jobsuche/jobdetail/17803-260507173044-AF1420-S,17803-260507173044-AF1420-S
https://www.arbeitsagentur.de/jobsuche/jobdetail/10001-1003034734-S,10001-1003034734-S
https://www.arbeitsagentur.de/jobsuche/jobdetail/10001-1003042889-S,10001-1003042889-S
https://www.arbeitsagentur.de/jobsuche/jobdetail/10001-1003041040-S,10001-1003041040-S
https://www.arbeitsagentur.de/jobsuche/jobdetail/16864-8L38UYWUW8C10QDM-S,16864-8L38UYWUW8C10QDM-S
https://www.arbeitsagentur.de/jobsuche/jobdetail/10001-1003036655-S,10001-1003036655-S
https://www.arbeitsagentur.de/jobsuche/jobdetail/14722-DFTZFD8CSJVSDU4O-S,14722-DFTZFD8CSJVSDU4O-S
https://www.arbeitsagentur.de/jobsuche/jobdetail/13270-2026-00000867-2-S,13270-2026-00000867-2-S
https://www.arbeitsagentur.de/jobsuche/jobdetail/16547-BHK85I6TDY9LBPNO-S,16547-BHK85I6TDY9LBPNO-S
https://www.arbeitsagentur.de/jobsuche/jobdetail/10001-1003041583-S,10001-1003041583-S
https://www.arbeitsagentur.de/jobsuche/jobdetail/11119-4804123552-S,11119-4804123552-S
https://www.arbeitsagentur.de/jobsuche/jobdetail/12322-QTGF46UKWUORURED-S,12322-QTGF46UKWUORURED-S
https://www.arbeitsagentur.de/jobsuche/jobdetail/14926-457-S,14926-457-S
https://www.arbeitsagentur.de/jobsuche/jobdetail/14751-62A117711-S,14751-62A117711-S
https://www.arbeitsagentur.de/jobsuche/jobdetail/11949-17216502-S,11949-17216502-S
https://www.arbeitsagentur.de/jobsuche/jobdetail/10000-1206449274-S,10000-1206449274-S
https://www.arbeitsagentur.de/jobsuche/jobdetail/12608-1401698-28414-1-S,12608-1401698-28414-1-S
https://www.arbeitsagentur.de/jobsuche/jobdetail/10000-1206441204-S,10000-1206441204-S
https://www.arbeitsagentur.de/jobsuche/jobdetail/10001-1003035990-S,10001-1003035990-S
https://www.arbeitsagentur.de/jobsuche/jobdetail/13869-13742531-S,13869-13742531-S
https://www.arbeitsagentur.de/jobsuche/jobdetail/10001-1003042085-S,10001-1003042085-S
https://www.arbeitsagentur.de/jobsuche/jobdetail/10001-1003036179-S,10001-1003036179-S
https://www.arbeitsagentur.de/jobsuche/jobdetail/10000-1206441821-S,10000-1206441821-S
https://www.arbeitsagentur.de/jobsuche/jobdetail/10001-1003036465-S,10001-1003036465-S
https://www.arbeitsagentur.de/jobsuche/jobdetail/16963-REF232U-3038170248-S,16963-REF232U-3038170248-S
https://www.arbeitsagentur.de/jobsuche/jobdetail/12608-1401799-8365-1-S,12608-1401799-8365-1-S
https://www.arbeitsagentur.de/jobsuche/jobdetail/10001-1003040356-S,10001-1003040356-S
https://www.arbeitsagentur.de/jobsuche/jobdetail/12733-E16URYOIXS8AKJ4Y-S,12733-E16URYOIXS8AKJ4Y-S
https://www.arbeitsagentur.de/jobsuche/jobdetail/17803-260507173008-ER1403-S,17803-260507173008-ER1403-S
https://www.arbeitsagentur.de/jobsuche/jobdetail/11949-17216654-S,11949-17216654-S
https://www.arbeitsagentur.de/jobsuche/jobdetail/10000-1206440625-S,10000-1206440625-S
https://www.arbeitsagentur.de/jobsuche/jobdetail/10000-1206439265-S,10000-1206439265-S
https://www.arbeitsagentur.de/jobsuche/jobdetail/12978-29YCK1S2ATN2D21N-S,12978-29YCK1S2ATN2D21N-S
https://www.arbeitsagentur.de/jobsuche/jobdetail/17902-k59932.5679-S,17902-k59932.5679-S
https://www.arbeitsagentur.de/jobsuche/jobdetail/11081-N0S5N37S7XGXA16S-S,11081-N0S5N37S7XGXA16S-S
https://www.arbeitsagentur.de/jobsuche/jobdetail/18024-1002X000QVR0D-S,18024-1002X000QVR0D-S
https://www.arbeitsagentur.de/jobsuche/jobdetail/12288-4803154092-S,12288-4803154092-S
https://www.arbeitsagentur.de/jobsuche/jobdetail/14271-1546342-2-S,14271-1546342-2-S
https://www.arbeitsagentur.de/jobsuche/jobdetail/13280-TDIP2VDJJYKZB4T5-S,13280-TDIP2VDJJYKZB4T5-S
https://www.arbeitsagentur.de/jobsuche/jobdetail/11949-17213470-S,11949-17213470-S
https://www.arbeitsagentur.de/jobsuche/jobdetail/10001-1003040762-S,10001-1003040762-S
https://www.arbeitsagentur.de/jobsuche/jobdetail/11949-17215633-S,11949-17215633-S
https://www.arbeitsagentur.de/jobsuche/jobdetail/17803-260507173008-ER1413-S,17803-260507173008-ER1413-S
https://www.arbeitsagentur.de/jobsuche/jobdetail/16963-REF370G-0733934248-S,16963-REF370G-0733934248-S
https://www.arbeitsagentur.de/jobsuche/jobdetail/11949-17215824-S,11949-17215824-S
https://www.arbeitsagentur.de/jobsuche/jobdetail/11119-4804139467-S,11119-4804139467-S
https://www.arbeitsagentur.de/jobsuche/jobdetail/16963-REF131R-5190810248-S,16963-REF131R-5190810248-S
https://www.arbeitsagentur.de/jobsuche/jobdetail/10001-1003041550-S,10001-1003041550-S
https://www.arbeitsagentur.de/jobsuche/jobdetail/11949-17213974-S,11949-17213974-S
https://www.arbeitsagentur.de/jobsuche/jobdetail/16291-99750524ec6346e-S,16291-99750524ec6346e-S
https://www.arbeitsagentur.de/jobsuche/jobdetail/10001-1003040431-S,10001-1003040431-S
https://www.arbeitsagentur.de/jobsuche/jobdetail/10001-1003038133-S,10001-1003038133-S
https://www.arbeitsagentur.de/jobsuche/jobdetail/10000-1206445680-S,10000-1206445680-S
https://www.arbeitsagentur.de/jobsuche/jobdetail/10001-1003037811-S,10001-1003037811-S
https://www.arbeitsagentur.de/jobsuche/jobdetail/10001-1003039606-S,10001-1003039606-S
https://www.arbeitsagentur.de/jobsuche/jobdetail/16915-BAN7OH2EW6GRCZOS-S,16915-BAN7OH2EW6GRCZOS-S
https://www.arbeitsagentur.de/jobsuche/jobdetail/13356-101858A18703C89-S,13356-101858A18703C89-S
https://www.arbeitsagentur.de/jobsuche/jobdetail/11949-17213411-S,11949-17213411-S
https://www.arbeitsagentur.de/jobsuche/jobdetail/11949-17216115-S,11949-17216115-S
https://www.arbeitsagentur.de/jobsuche/jobdetail/15992-2249079-S,15992-2249079-S
https://www.arbeitsagentur.de/jobsuche/jobdetail/13247-43969-06297679623-0-S,13247-43969-06297679623-0-S
https://www.arbeitsagentur.de/jobsuche/jobdetail/13270-2026-00003573-1-S,13270-2026-00003573-1-S
https://www.arbeitsagentur.de/jobsuche/jobdetail/10000-1206430871-S,10000-1206430871-S
https://www.arbeitsagentur.de/jobsuche/jobdetail/11119-4804126466-S,11119-4804126466-S
https://www.arbeitsagentur.de/jobsuche/jobdetail/10001-1003037867-S,10001-1003037867-S
https://www.arbeitsagentur.de/jobsuche/jobdetail/10000-1206446629-S,10000-1206446629-S
https://www.arbeitsagentur.de/jobsuche/jobdetail/11949-17214097-S,11949-17214097-S
https://www.arbeitsagentur.de/jobsuche/jobdetail/10001-1003042624-S,10001-1003042624-S
https://www.arbeitsagentur.de/jobsuche/jobdetail/12086-Q88VYTZNJAKJ5A5A-S,12086-Q88VYTZNJAKJ5A5A-S
https://www.arbeitsagentur.de/jobsuche/jobdetail/11081-ATJUTLXG64HOJGIG-S,11081-ATJUTLXG64HOJGIG-S
https://www.arbeitsagentur.de/jobsuche/jobdetail/10000-1206450732-S,10000-1206450732-S
https://www.arbeitsagentur.de/jobsuche/jobdetail/17803-ZPF8ARYK25CULIXM-S,17803-ZPF8ARYK25CULIXM-S
https://www.arbeitsagentur.de/jobsuche/jobdetail/12585-k10565.16202-S,12585-k10565.16202-S
https://www.arbeitsagentur.de/jobsuche/jobdetail/12826-SA0135512_JB5140602-S,12826-SA0135512_JB5140602-S
https://www.arbeitsagentur.de/jobsuche/jobdetail/11119-4804143614-S,11119-4804143614-S
https://www.arbeitsagentur.de/jobsuche/jobdetail/10001-1003039562-S,10001-1003039562-S
https://www.arbeitsagentur.de/jobsuche/jobdetail/10001-1003042680-S,10001-1003042680-S
https://www.arbeitsagentur.de/jobsuche/jobdetail/10001-1003040170-S,10001-1003040170-S
https://www.arbeitsagentur.de/jobsuche/jobdetail/17560-9767aa84e31343d-S,17560-9767aa84e31343d-S
https://www.arbeitsagentur.de/jobsuche/jobdetail/13635-55bfdea9_JB5141064-S,13635-55bfdea9_JB5141064-S
https://www.arbeitsagentur.de/jobsuche/jobdetail/12147-20260507219353-S,12147-20260507219353-S
https://www.arbeitsagentur.de/jobsuche/jobdetail/10001-1003036896-S,10001-1003036896-S
https://www.arbeitsagentur.de/jobsuche/jobdetail/12634-BB-640806-7878-7419-S,12634-BB-640806-7878-7419-S
https://www.arbeitsagentur.de/jobsuche/jobdetail/17803-260507173118-HE1417-S,17803-260507173118-HE1417-S
https://www.arbeitsagentur.de/jobsuche/jobdetail/13356-104221A47711C8-S,13356-104221A47711C8-S
https://www.arbeitsagentur.de/jobsuche/jobdetail/11949-17215733-S,11949-17215733-S
https://www.arbeitsagentur.de/jobsuche/jobdetail/10000-1206450372-S,10000-1206450372-S
https://www.arbeitsagentur.de/jobsuche/jobdetail/13106-458624517-S,13106-458624517-S
https://www.arbeitsagentur.de/jobsuche/jobdetail/13635-2094d098_JB5139842-S,13635-2094d098_JB5139842-S
https://www.arbeitsagentur.de/jobsuche/jobdetail/13270-P00540486-1-S,13270-P00540486-1-S
https://www.arbeitsagentur.de/jobsuche/jobdetail/14751-62A117713-S,14751-62A117713-S
https://www.arbeitsagentur.de/jobsuche/jobdetail/11081-A1XCNLJM0CFPEAN9-S,11081-A1XCNLJM0CFPEAN9-S
https://www.arbeitsagentur.de/jobsuche/jobdetail/10001-1003041987-S,10001-1003041987-S
https://www.arbeitsagentur.de/jobsuche/jobdetail/10001-1003036497-S,10001-1003036497-S
https://www.arbeitsagentur.de/jobsuche/jobdetail/12608-1401800-90637-1-S,12608-1401800-90637-1-S
https://www.arbeitsagentur.de/jobsuche/jobdetail/10001-1003041111-S,10001-1003041111-S
https://www.arbeitsagentur.de/jobsuche/jobdetail/16291-277de78b1d624ed-S,16291-277de78b1d624ed-S
https://www.arbeitsagentur.de/jobsuche/jobdetail/12608-1401703-31416-1-S,12608-1401703-31416-1-S
https://www.arbeitsagentur.de/jobsuche/jobdetail/11119-4791110053-S,11119-4791110053-S
https://www.arbeitsagentur.de/jobsuche/jobdetail/12032-RG2287283-S,12032-RG2287283-S
https://www.arbeitsagentur.de/jobsuche/jobdetail/10001-1003036535-S,10001-1003036535-S
https://www.arbeitsagentur.de/jobsuche/jobdetail/10001-1003040616-S,10001-1003040616-S
https://www.arbeitsagentur.de/jobsuche/jobdetail/11864-ZR2DC410KOWXUJPW-S,11864-ZR2DC410KOWXUJPW-S
https://www.arbeitsagentur.de/jobsuche/jobdetail/10001-1003036657-S,10001-1003036657-S
https://www.arbeitsagentur.de/jobsuche/jobdetail/13465-00021a648ce001-S,13465-00021a648ce001-S
https://www.arbeitsagentur.de/jobsuche/jobdetail/12513-0007639481-S,12513-0007639481-S
https://www.arbeitsagentur.de/jobsuche/jobdetail/11864-DCEQ3GKLMKTE1WC0-S,11864-DCEQ3GKLMKTE1WC0-S
https://www.arbeitsagentur.de/jobsuche/jobdetail/13356-104240A46183C19-S,13356-104240A46183C19-S
https://www.arbeitsagentur.de/jobsuche/jobdetail/10001-1003036415-S,10001-1003036415-S
https://www.arbeitsagentur.de/jobsuche/jobdetail/10001-1003040479-S,10001-1003040479-S
https://www.arbeitsagentur.de/jobsuche/jobdetail/12811-2230981-S,12811-2230981-S
https://www.arbeitsagentur.de/jobsuche/jobdetail/11949-17213008-S,11949-17213008-S
https://www.arbeitsagentur.de/jobsuche/jobdetail/11081-GUC6Y00AHH2XICDP-S,11081-GUC6Y00AHH2XICDP-S
https://www.arbeitsagentur.de/jobsuche/jobdetail/10001-1003042362-S,10001-1003042362-S
https://www.arbeitsagentur.de/jobsuche/jobdetail/10001-1003037804-S,10001-1003037804-S
https://www.arbeitsagentur.de/jobsuche/jobdetail/10000-1206440560-S,10000-1206440560-S
https://www.arbeitsagentur.de/jobsuche/jobdetail/20242-4804159605-S,20242-4804159605-S
https://www.arbeitsagentur.de/jobsuche/jobdetail/11949-17215228-S,11949-17215228-S
https://www.arbeitsagentur.de/jobsuche/jobdetail/10001-1003037554-S,10001-1003037554-S
https://www.arbeitsagentur.de/jobsuche/jobdetail/10001-1003038215-S,10001-1003038215-S
https://www.arbeitsagentur.de/jobsuche/jobdetail/12362-TR-286023_609499LS-S,12362-TR-286023_609499LS-S
https://www.arbeitsagentur.de/jobsuche/jobdetail/12811-2249269-S,12811-2249269-S
https://www.arbeitsagentur.de/jobsuche/jobdetail/10001-1003042805-S,10001-1003042805-S
https://www.arbeitsagentur.de/jobsuche/jobdetail/12122-209208-1771050-0-S,12122-209208-1771050-0-S
https://www.arbeitsagentur.de/jobsuche/jobdetail/10001-1003035804-S,10001-1003035804-S
https://www.arbeitsagentur.de/jobsuche/jobdetail/14751-206A13812-S,14751-206A13812-S
https://www.arbeitsagentur.de/jobsuche/jobdetail/10001-1003037609-S,10001-1003037609-S
https://www.arbeitsagentur.de/jobsuche/jobdetail/11949-17214040-S,11949-17214040-S
https://www.arbeitsagentur.de/jobsuche/jobdetail/11949-17215828-S,11949-17215828-S
https://www.arbeitsagentur.de/jobsuche/jobdetail/12608-1401667-39444-1-S,12608-1401667-39444-1-S
https://www.arbeitsagentur.de/jobsuche/jobdetail/10001-1003042564-S,10001-1003042564-S
https://www.arbeitsagentur.de/jobsuche/jobdetail/11949-17215860-S,11949-17215860-S
https://www.arbeitsagentur.de/jobsuche/jobdetail/14751-62A117732-S,14751-62A117732-S
https://www.arbeitsagentur.de/jobsuche/jobdetail/12608-1401706-5573-1-S,12608-1401706-5573-1-S
https://www.arbeitsagentur.de/jobsuche/jobdetail/14087-ZKY4T6C2Q51JNS2T-S,14087-ZKY4T6C2Q51JNS2T-S
https://www.arbeitsagentur.de/jobsuche/jobdetail/14048-1d565907ee2e6e62-S,14048-1d565907ee2e6e62-S
https://www.arbeitsagentur.de/jobsuche/jobdetail/10001-1003035432-S,10001-1003035432-S
https://www.arbeitsagentur.de/jobsuche/jobdetail/10001-1003041508-S,10001-1003041508-S
https://www.arbeitsagentur.de/jobsuche/jobdetail/12811-2249129-S,12811-2249129-S
https://www.arbeitsagentur.de/jobsuche/jobdetail/12759-ADXGV3ISKZ373LFL-S,12759-ADXGV3ISKZ373LFL-S
https://www.arbeitsagentur.de/jobsuche/jobdetail/11949-17216208-S,11949-17216208-S
https://www.arbeitsagentur.de/jobsuche/jobdetail/10001-1003040443-S,10001-1003040443-S
https://www.arbeitsagentur.de/jobsuche/jobdetail/14599-M4FJSQF8TAX31Y6I-S,14599-M4FJSQF8TAX31Y6I-S
https://www.arbeitsagentur.de/jobsuche/jobdetail/11119-4804138661-S,11119-4804138661-S
https://www.arbeitsagentur.de/jobsuche/jobdetail/13356-102628A45722C17-S,13356-102628A45722C17-S
https://www.arbeitsagentur.de/jobsuche/jobdetail/10001-1003035976-S,10001-1003035976-S
https://www.arbeitsagentur.de/jobsuche/jobdetail/10001-1003042280-S,10001-1003042280-S
https://www.arbeitsagentur.de/jobsuche/jobdetail/13465-00021a64665001-S,13465-00021a64665001-S
https://www.arbeitsagentur.de/jobsuche/jobdetail/16481-1867913-S,16481-1867913-S
https://www.arbeitsagentur.de/jobsuche/jobdetail/18804-2025-12150003-S,18804-2025-12150003-S
https://www.arbeitsagentur.de/jobsuche/jobdetail/11119-4791092267-S,11119-4791092267-S
https://www.arbeitsagentur.de/jobsuche/jobdetail/10001-1003037776-S,10001-1003037776-S
https://www.arbeitsagentur.de/jobsuche/jobdetail/10001-1003039989-S,10001-1003039989-S
https://www.arbeitsagentur.de/jobsuche/jobdetail/14080-JOB-667850-S,14080-JOB-667850-S
https://www.arbeitsagentur.de/jobsuche/jobdetail/14751-408A1924-S,14751-408A1924-S
https://www.arbeitsagentur.de/jobsuche/jobdetail/10001-1003039853-S,10001-1003039853-S
https://www.arbeitsagentur.de/jobsuche/jobdetail/14751-373A95894-S,14751-373A95894-S
https://www.arbeitsagentur.de/jobsuche/jobdetail/10001-1003042995-S,10001-1003042995-S
https://www.arbeitsagentur.de/jobsuche/jobdetail/17560-f20b981d2e924cd-S,17560-f20b981d2e924cd-S
https://www.arbeitsagentur.de/jobsuche/jobdetail/17803-260507173152-AH1404-S,17803-260507173152-AH1404-S
https://www.arbeitsagentur.de/jobsuche/jobdetail/17460-13742521-S,17460-13742521-S
https://www.arbeitsagentur.de/jobsuche/jobdetail/10001-1003037055-S,10001-1003037055-S
https://www.arbeitsagentur.de/jobsuche/jobdetail/10000-1206445479-S,10000-1206445479-S
https://www.arbeitsagentur.de/jobsuche/jobdetail/12489-44160566-56-S,12489-44160566-56-S
https://www.arbeitsagentur.de/jobsuche/jobdetail/10001-1003036380-S,10001-1003036380-S
https://www.arbeitsagentur.de/jobsuche/jobdetail/11119-4804141197-S,11119-4804141197-S
https://www.arbeitsagentur.de/jobsuche/jobdetail/11852-944077511-S,11852-944077511-S
https://www.arbeitsagentur.de/jobsuche/jobdetail/12456-1571550-1-S,12456-1571550-1-S
https://www.arbeitsagentur.de/jobsuche/jobdetail/17560-1f5a490a57584d5-S,17560-1f5a490a57584d5-S
https://www.arbeitsagentur.de/jobsuche/jobdetail/13635-721c729f_JB5141177-S,13635-721c729f_JB5141177-S
https://www.arbeitsagentur.de/jobsuche/jobdetail/13251-b85ha5t1fg-S,13251-b85ha5t1fg-S
https://www.arbeitsagentur.de/jobsuche/jobdetail/10001-1003035063-S,10001-1003035063-S
https://www.arbeitsagentur.de/jobsuche/jobdetail/11119-4791110059-S,11119-4791110059-S
https://www.arbeitsagentur.de/jobsuche/jobdetail/11081-NCI6MCOMASLLFOPN-S,11081-NCI6MCOMASLLFOPN-S
https://www.arbeitsagentur.de/jobsuche/jobdetail/11119-4803828201-S,11119-4803828201-S
https://www.arbeitsagentur.de/jobsuche/jobdetail/11949-17215607-S,11949-17215607-S
https://www.arbeitsagentur.de/jobsuche/jobdetail/11864-M0UMNLUTRUJ5IKF7-S,11864-M0UMNLUTRUJ5IKF7-S
https://www.arbeitsagentur.de/jobsuche/jobdetail/10001-1003038157-S,10001-1003038157-S
https://www.arbeitsagentur.de/jobsuche/jobdetail/14751-417A10946-S,14751-417A10946-S
https://www.arbeitsagentur.de/jobsuche/jobdetail/12072-FDTLVGT2ODIU8I8L-S,12072-FDTLVGT2ODIU8I8L-S
https://www.arbeitsagentur.de/jobsuche/jobdetail/11119-4792608412-S,11119-4792608412-S
https://www.arbeitsagentur.de/jobsuche/jobdetail/19466-4804240307-S,19466-4804240307-S
https://www.arbeitsagentur.de/jobsuche/jobdetail/13356-101813A48152C6-S,13356-101813A48152C6-S
https://www.arbeitsagentur.de/jobsuche/jobdetail/10001-1003037931-S,10001-1003037931-S
https://www.arbeitsagentur.de/jobsuche/jobdetail/12566-TZYWIUVOPOYZHPEA-S,12566-TZYWIUVOPOYZHPEA-S
https://www.arbeitsagentur.de/jobsuche/jobdetail/10000-1206441880-S,10000-1206441880-S
https://www.arbeitsagentur.de/jobsuche/jobdetail/19183-6hyprzv5we-S,19183-6hyprzv5we-S
https://www.arbeitsagentur.de/jobsuche/jobdetail/10001-1003039138-S,10001-1003039138-S
https://www.arbeitsagentur.de/jobsuche/jobdetail/10001-1003036914-S,10001-1003036914-S
https://www.arbeitsagentur.de/jobsuche/jobdetail/17560-ad1c688ccd97479-S,17560-ad1c688ccd97479-S
https://www.arbeitsagentur.de/jobsuche/jobdetail/17139-k58747.2387-S,17139-k58747.2387-S
https://www.arbeitsagentur.de/jobsuche/jobdetail/12608-1401641-29121-1-S,12608-1401641-29121-1-S
https://www.arbeitsagentur.de/jobsuche/jobdetail/10001-1003039983-S,10001-1003039983-S
https://www.arbeitsagentur.de/jobsuche/jobdetail/11119-4801687680-S,11119-4801687680-S
https://www.arbeitsagentur.de/jobsuche/jobdetail/12953-AW_609653LS-S,12953-AW_609653LS-S
https://www.arbeitsagentur.de/jobsuche/jobdetail/14751-206A13746-S,14751-206A13746-S
https://www.arbeitsagentur.de/jobsuche/jobdetail/13192-BB-628512-7878-9958-S,13192-BB-628512-7878-9958-S
https://www.arbeitsagentur.de/jobsuche/jobdetail/16819-145cbf97e992c73b-S,16819-145cbf97e992c73b-S
https://www.arbeitsagentur.de/jobsuche/jobdetail/13356-106285A37498C37-S,13356-106285A37498C37-S
https://www.arbeitsagentur.de/jobsuche/jobdetail/10001-1003034886-S,10001-1003034886-S
https://www.arbeitsagentur.de/jobsuche/jobdetail/16291-47f06ea952294e8-S,16291-47f06ea952294e8-S
https://www.arbeitsagentur.de/jobsuche/jobdetail/11119-4804220214-S,11119-4804220214-S
https://www.arbeitsagentur.de/jobsuche/jobdetail/11949-17213842-S,11949-17213842-S
https://www.arbeitsagentur.de/jobsuche/jobdetail/14385-469-2565506-26-S,14385-469-2565506-26-S
https://www.arbeitsagentur.de/jobsuche/jobdetail/11949-17215034-S,11949-17215034-S
https://www.arbeitsagentur.de/jobsuche/jobdetail/17592-c97ac5a9a464413-S,17592-c97ac5a9a464413-S
https://www.arbeitsagentur.de/jobsuche/jobdetail/11949-17215132-S,11949-17215132-S
https://www.arbeitsagentur.de/jobsuche/jobdetail/13635-6121f5e1_JB5139794-S,13635-6121f5e1_JB5139794-S
https://www.arbeitsagentur.de/jobsuche/jobdetail/11119-4801654377-S,11119-4801654377-S
https://www.arbeitsagentur.de/jobsuche/jobdetail/16185-E2M2WY4N4Z8EXD68-S,16185-E2M2WY4N4Z8EXD68-S
https://www.arbeitsagentur.de/jobsuche/jobdetail/17803-260507172806-PF1413-S,17803-260507172806-PF1413-S
https://www.arbeitsagentur.de/jobsuche/jobdetail/12608-1401838-7999-1-S,12608-1401838-7999-1-S
https://www.arbeitsagentur.de/jobsuche/jobdetail/12032-RG23AB231-S,12032-RG23AB231-S
https://www.arbeitsagentur.de/jobsuche/jobdetail/10001-1003035563-S,10001-1003035563-S
https://www.arbeitsagentur.de/jobsuche/jobdetail/16963-REF343C-1233413248-S,16963-REF343C-1233413248-S
https://www.arbeitsagentur.de/jobsuche/jobdetail/14751-417A10908-S,14751-417A10908-S
https://www.arbeitsagentur.de/jobsuche/jobdetail/11949-17214701-S,11949-17214701-S
https://www.arbeitsagentur.de/jobsuche/jobdetail/10001-1003038453-S,10001-1003038453-S
https://www.arbeitsagentur.de/jobsuche/jobdetail/10001-1003037498-S,10001-1003037498-S
https://www.arbeitsagentur.de/jobsuche/jobdetail/10000-1205900340-S,10000-1205900340-S
https://www.arbeitsagentur.de/jobsuche/jobdetail/14751-373A96592-S,14751-373A96592-S
https://www.arbeitsagentur.de/jobsuche/jobdetail/10000-1206437884-S,10000-1206437884-S
https://www.arbeitsagentur.de/jobsuche/jobdetail/12811-2248959-S,12811-2248959-S
https://www.arbeitsagentur.de/jobsuche/jobdetail/13669-C49VA9Z4G7D6EVNV-S,13669-C49VA9Z4G7D6EVNV-S
https://www.arbeitsagentur.de/jobsuche/jobdetail/13635-30bee74b_JB5141120-S,13635-30bee74b_JB5141120-S
https://www.arbeitsagentur.de/jobsuche/jobdetail/10001-1003029874-S,10001-1003029874-S
https://www.arbeitsagentur.de/jobsuche/jobdetail/11949-17215261-S,11949-17215261-S
https://www.arbeitsagentur.de/jobsuche/jobdetail/11949-17216155-S,11949-17216155-S
https://www.arbeitsagentur.de/jobsuche/jobdetail/15277-4FMDEXYF2nvmmf-S,15277-4FMDEXYF2nvmmf-S
https://www.arbeitsagentur.de/jobsuche/jobdetail/10000-1206447279-S,10000-1206447279-S
https://www.arbeitsagentur.de/jobsuche/jobdetail/10001-1003036714-S,10001-1003036714-S
https://www.arbeitsagentur.de/jobsuche/jobdetail/12811-2248527-S,12811-2248527-S
https://www.arbeitsagentur.de/jobsuche/jobdetail/10000-1206450093-S,10000-1206450093-S
https://www.arbeitsagentur.de/jobsuche/jobdetail/10001-1003039125-S,10001-1003039125-S
https://www.arbeitsagentur.de/jobsuche/jobdetail/18024-100PJ000OQS1p-S,18024-100PJ000OQS1p-S
https://www.arbeitsagentur.de/jobsuche/jobdetail/11119-4804145291-S,11119-4804145291-S
https://www.arbeitsagentur.de/jobsuche/jobdetail/14927-1n9l32rmvs1-S,14927-1n9l32rmvs1-S
https://www.arbeitsagentur.de/jobsuche/jobdetail/13635-f954fd85_JB5140133-S,13635-f954fd85_JB5140133-S
https://www.arbeitsagentur.de/jobsuche/jobdetail/18024-100PJ000VNC0a-S,18024-100PJ000VNC0a-S
https://www.arbeitsagentur.de/jobsuche/jobdetail/14751-70A22028-S,14751-70A22028-S
https://www.arbeitsagentur.de/jobsuche/jobdetail/18024-100PJ000QZW1p-S,18024-100PJ000QZW1p-S
https://www.arbeitsagentur.de/jobsuche/jobdetail/10001-1003041485-S,10001-1003041485-S
https://www.arbeitsagentur.de/jobsuche/jobdetail/13643-1L_606456-S,13643-1L_606456-S
https://www.arbeitsagentur.de/jobsuche/jobdetail/12811-2249018-S,12811-2249018-S
https://www.arbeitsagentur.de/jobsuche/jobdetail/12608-1401807-4973-1-S,12608-1401807-4973-1-S
https://www.arbeitsagentur.de/jobsuche/jobdetail/10001-1003040276-S,10001-1003040276-S
https://www.arbeitsagentur.de/jobsuche/jobdetail/16547-LF830JDC8VI1I0MK-S,16547-LF830JDC8VI1I0MK-S
https://www.arbeitsagentur.de/jobsuche/jobdetail/10001-1003038118-S,10001-1003038118-S
https://www.arbeitsagentur.de/jobsuche/jobdetail/11119-4804165761-S,11119-4804165761-S
https://www.arbeitsagentur.de/jobsuche/jobdetail/10001-1003040438-S,10001-1003040438-S
https://www.arbeitsagentur.de/jobsuche/jobdetail/11081-MRMJ35L7RGBKQVO8-S,11081-MRMJ35L7RGBKQVO8-S
https://www.arbeitsagentur.de/jobsuche/jobdetail/10001-1003039080-S,10001-1003039080-S
https://www.arbeitsagentur.de/jobsuche/jobdetail/11119-4804184364-S,11119-4804184364-S
https://www.arbeitsagentur.de/jobsuche/jobdetail/11949-17213972-S,11949-17213972-S
https://www.arbeitsagentur.de/jobsuche/jobdetail/11949-17214752-S,11949-17214752-S
https://www.arbeitsagentur.de/jobsuche/jobdetail/17803-260507173118-HE1421-S,17803-260507173118-HE1421-S
https://www.arbeitsagentur.de/jobsuche/jobdetail/12465-1500101-2-S,12465-1500101-2-S
https://www.arbeitsagentur.de/jobsuche/jobdetail/12054-6OCKT2073JIN3DWQ-S,12054-6OCKT2073JIN3DWQ-S
https://www.arbeitsagentur.de/jobsuche/jobdetail/11119-4802998754-S,11119-4802998754-S
https://www.arbeitsagentur.de/jobsuche/jobdetail/11949-17215024-S,11949-17215024-S
https://www.arbeitsagentur.de/jobsuche/jobdetail/14751-70A22075-S,14751-70A22075-S
https://www.arbeitsagentur.de/jobsuche/jobdetail/10001-1003043144-S,10001-1003043144-S
https://www.arbeitsagentur.de/jobsuche/jobdetail/16291-d40ef28b81a340e-S,16291-d40ef28b81a340e-S
https://www.arbeitsagentur.de/jobsuche/jobdetail/10001-1003040919-S,10001-1003040919-S
https://www.arbeitsagentur.de/jobsuche/jobdetail/10001-1003036110-S,10001-1003036110-S
https://www.arbeitsagentur.de/jobsuche/jobdetail/10001-1003040108-S,10001-1003040108-S
https://www.arbeitsagentur.de/jobsuche/jobdetail/10000-1206418526-S,10000-1206418526-S
https://www.arbeitsagentur.de/jobsuche/jobdetail/12513-0007639502-S,12513-0007639502-S
https://www.arbeitsagentur.de/jobsuche/jobdetail/11973-c-928065-S,11973-c-928065-S
https://www.arbeitsagentur.de/jobsuche/jobdetail/11868-13742547-S,11868-13742547-S
https://www.arbeitsagentur.de/jobsuche/jobdetail/10001-1003038949-S,10001-1003038949-S
https://www.arbeitsagentur.de/jobsuche/jobdetail/10001-1003039922-S,10001-1003039922-S
https://www.arbeitsagentur.de/jobsuche/jobdetail/10001-1003040200-S,10001-1003040200-S
https://www.arbeitsagentur.de/jobsuche/jobdetail/19363-rrrmj2t0u3-S,19363-rrrmj2t0u3-S
https://www.arbeitsagentur.de/jobsuche/jobdetail/17803-260507172724-PH1425-S,17803-260507172724-PH1425-S
https://www.arbeitsagentur.de/jobsuche/jobdetail/16986-JOB-116120-S,16986-JOB-116120-S
https://www.arbeitsagentur.de/jobsuche/jobdetail/16967-k58864.1604-S,16967-k58864.1604-S
https://www.arbeitsagentur.de/jobsuche/jobdetail/11119-4802932722-S,11119-4802932722-S
https://www.arbeitsagentur.de/jobsuche/jobdetail/13465-00021a64932001-S,13465-00021a64932001-S
https://www.arbeitsagentur.de/jobsuche/jobdetail/10001-1003037231-S,10001-1003037231-S
https://www.arbeitsagentur.de/jobsuche/jobdetail/11112-1434-1771065-0-S,11112-1434-1771065-0-S
https://www.arbeitsagentur.de/jobsuche/jobdetail/10001-1003040623-S,10001-1003040623-S
https://www.arbeitsagentur.de/jobsuche/jobdetail/10001-1003043079-S,10001-1003043079-S
https://www.arbeitsagentur.de/jobsuche/jobdetail/10001-1003036597-S,10001-1003036597-S
https://www.arbeitsagentur.de/jobsuche/jobdetail/16547-YYHAEXU0RIKR0SC3-S,16547-YYHAEXU0RIKR0SC3-S
https://www.arbeitsagentur.de/jobsuche/jobdetail/11864-D9NO5CO96RNA3DNG-S,11864-D9NO5CO96RNA3DNG-S
https://www.arbeitsagentur.de/jobsuche/jobdetail/10001-1003033953-S,10001-1003033953-S
https://www.arbeitsagentur.de/jobsuche/jobdetail/11119-4802999334-S,11119-4802999334-S
https://www.arbeitsagentur.de/jobsuche/jobdetail/11949-17213800-S,11949-17213800-S
https://www.arbeitsagentur.de/jobsuche/jobdetail/10001-1003035585-S,10001-1003035585-S
https://www.arbeitsagentur.de/jobsuche/jobdetail/11949-17215230-S,11949-17215230-S
https://www.arbeitsagentur.de/jobsuche/jobdetail/10000-1206443753-S,10000-1206443753-S
https://www.arbeitsagentur.de/jobsuche/jobdetail/17277-UKVMEG1KG8O52HTW-S,17277-UKVMEG1KG8O52HTW-S
https://www.arbeitsagentur.de/jobsuche/jobdetail/10000-1206450000-S,10000-1206450000-S
https://www.arbeitsagentur.de/jobsuche/jobdetail/13185-506032-1771111-0-S,13185-506032-1771111-0-S
https://www.arbeitsagentur.de/jobsuche/jobdetail/10001-1003042737-S,10001-1003042737-S
https://www.arbeitsagentur.de/jobsuche/jobdetail/10001-1003040164-S,10001-1003040164-S
https://www.arbeitsagentur.de/jobsuche/jobdetail/14471-3SH60Y9S83J64SN2-S,14471-3SH60Y9S83J64SN2-S
https://www.arbeitsagentur.de/jobsuche/jobdetail/12310-7G0KAX4KMCBG99MX-S,12310-7G0KAX4KMCBG99MX-S
https://www.arbeitsagentur.de/jobsuche/jobdetail/13103-23816_JB5140063-S,13103-23816_JB5140063-S
https://www.arbeitsagentur.de/jobsuche/jobdetail/11119-4804155651-S,11119-4804155651-S
https://www.arbeitsagentur.de/jobsuche/jobdetail/17803-VHCCVGPSVCV98P2Y-S,17803-VHCCVGPSVCV98P2Y-S
https://www.arbeitsagentur.de/jobsuche/jobdetail/10000-1206436129-S,10000-1206436129-S
https://www.arbeitsagentur.de/jobsuche/jobdetail/11864-FAVVFX7NLVNO42KC-S,11864-FAVVFX7NLVNO42KC-S
https://www.arbeitsagentur.de/jobsuche/jobdetail/11949-17215435-S,11949-17215435-S
https://www.arbeitsagentur.de/jobsuche/jobdetail/18024-100PC0009ye1l-S,18024-100PC0009ye1l-S
https://www.arbeitsagentur.de/jobsuche/jobdetail/16154-k57827.11060-S,16154-k57827.11060-S
https://www.arbeitsagentur.de/jobsuche/jobdetail/10001-1003036069-S,10001-1003036069-S
https://www.arbeitsagentur.de/jobsuche/jobdetail/11949-17215391-S,11949-17215391-S
https://www.arbeitsagentur.de/jobsuche/jobdetail/10000-1206183984-S,10000-1206183984-S
https://www.arbeitsagentur.de/jobsuche/jobdetail/16915-5D0TR6XXZMA6N0CI-S,16915-5D0TR6XXZMA6N0CI-S
https://www.arbeitsagentur.de/jobsuche/jobdetail/11949-17210410-S,11949-17210410-S
https://www.arbeitsagentur.de/jobsuche/jobdetail/13465-00021a64852001-S,13465-00021a64852001-S
https://www.arbeitsagentur.de/jobsuche/jobdetail/12129-4804146976-S,12129-4804146976-S
https://www.arbeitsagentur.de/jobsuche/jobdetail/10001-1003041245-S,10001-1003041245-S
https://www.arbeitsagentur.de/jobsuche/jobdetail/11119-4802974882-S,11119-4802974882-S
https://www.arbeitsagentur.de/jobsuche/jobdetail/10000-1206443146-S,10000-1206443146-S
https://www.arbeitsagentur.de/jobsuche/jobdetail/12946-2914-1771045-0-S,12946-2914-1771045-0-S
https://www.arbeitsagentur.de/jobsuche/jobdetail/10000-1206446892-S,10000-1206446892-S
https://www.arbeitsagentur.de/jobsuche/jobdetail/10001-1002880271-S,10001-1002880271-S
https://www.arbeitsagentur.de/jobsuche/jobdetail/11119-4804125631-S,11119-4804125631-S
https://www.arbeitsagentur.de/jobsuche/jobdetail/12787-258131060526-S,12787-258131060526-S
https://www.arbeitsagentur.de/jobsuche/jobdetail/10000-1206444244-S,10000-1206444244-S
https://www.arbeitsagentur.de/jobsuche/jobdetail/17803-260507172901-PS1415-S,17803-260507172901-PS1415-S
https://www.arbeitsagentur.de/jobsuche/jobdetail/12659-49a5160ec5234fc-S,12659-49a5160ec5234fc-S
https://www.arbeitsagentur.de/jobsuche/jobdetail/10001-1003028910-S,10001-1003028910-S
https://www.arbeitsagentur.de/jobsuche/jobdetail/13356-105550A45766C18-S,13356-105550A45766C18-S
https://www.arbeitsagentur.de/jobsuche/jobdetail/11119-4803003973-S,11119-4803003973-S
https://www.arbeitsagentur.de/jobsuche/jobdetail/10000-1206441668-S,10000-1206441668-S
https://www.arbeitsagentur.de/jobsuche/jobdetail/11949-17216472-S,11949-17216472-S
https://www.arbeitsagentur.de/jobsuche/jobdetail/12288-4804114127-S,12288-4804114127-S
https://www.arbeitsagentur.de/jobsuche/jobdetail/13635-cb33a223_JB5140557-S,13635-cb33a223_JB5140557-S
https://www.arbeitsagentur.de/jobsuche/jobdetail/10001-1003035463-S,10001-1003035463-S
https://www.arbeitsagentur.de/jobsuche/jobdetail/14751-70A21997-S,14751-70A21997-S
https://www.arbeitsagentur.de/jobsuche/jobdetail/14287-0GST7MYK872PLZ3V-S,14287-0GST7MYK872PLZ3V-S
https://www.arbeitsagentur.de/jobsuche/jobdetail/10001-1003039924-S,10001-1003039924-S
https://www.arbeitsagentur.de/jobsuche/jobdetail/14751-106A5211-S,14751-106A5211-S
https://www.arbeitsagentur.de/jobsuche/jobdetail/18489-j109S16107-44236-S,18489-j109S16107-44236-S
https://www.arbeitsagentur.de/jobsuche/jobdetail/14471-PQKAJJB7APXDDMGA-S,14471-PQKAJJB7APXDDMGA-S
https://www.arbeitsagentur.de/jobsuche/jobdetail/17803-GV46VD1CMM6AV5J1-S,17803-GV46VD1CMM6AV5J1-S
https://www.arbeitsagentur.de/jobsuche/jobdetail/18024-100PJ000Twr1X-S,18024-100PJ000Twr1X-S
https://www.arbeitsagentur.de/jobsuche/jobdetail/18024-100aR0001KJ13-S,18024-100aR0001KJ13-S
https://www.arbeitsagentur.de/jobsuche/jobdetail/11119-4804161165-S,11119-4804161165-S
https://www.arbeitsagentur.de/jobsuche/jobdetail/14751-373A96727-S,14751-373A96727-S
https://www.arbeitsagentur.de/jobsuche/jobdetail/10001-1003040844-S,10001-1003040844-S
https://www.arbeitsagentur.de/jobsuche/jobdetail/11864-1WGY9RM505315I5S-S,11864-1WGY9RM505315I5S-S
https://www.arbeitsagentur.de/jobsuche/jobdetail/10001-1003039652-S,10001-1003039652-S
https://www.arbeitsagentur.de/jobsuche/jobdetail/12826-SA0137585_JB5141013-S,12826-SA0137585_JB5141013-S
https://www.arbeitsagentur.de/jobsuche/jobdetail/17803-B1NBOEPVWZOFFDA1-S,17803-B1NBOEPVWZOFFDA1-S
https://www.arbeitsagentur.de/jobsuche/jobdetail/17803-260507172937-OA1404-S,17803-260507172937-OA1404-S
https://www.arbeitsagentur.de/jobsuche/jobdetail/12811-2249166-S,12811-2249166-S
https://www.arbeitsagentur.de/jobsuche/jobdetail/11949-17216374-S,11949-17216374-S
https://www.arbeitsagentur.de/jobsuche/jobdetail/10001-1003039107-S,10001-1003039107-S
https://www.arbeitsagentur.de/jobsuche/jobdetail/14048-b6d40eb95049a920-S,14048-b6d40eb95049a920-S
https://www.arbeitsagentur.de/jobsuche/jobdetail/13356-105555A43231C24-S,13356-105555A43231C24-S
https://www.arbeitsagentur.de/jobsuche/jobdetail/11119-4804159201-S,11119-4804159201-S
https://www.arbeitsagentur.de/jobsuche/jobdetail/14751-70A21974-S,14751-70A21974-S
https://www.arbeitsagentur.de/jobsuche/jobdetail/16195-0064609413-S,16195-0064609413-S
https://www.arbeitsagentur.de/jobsuche/jobdetail/16819-5f5bc388de31b9dc-S,16819-5f5bc388de31b9dc-S
https://www.arbeitsagentur.de/jobsuche/jobdetail/14340-458615461-S,14340-458615461-S
https://www.arbeitsagentur.de/jobsuche/jobdetail/13635-cf2616a6_JB5140089-S,13635-cf2616a6_JB5140089-S
https://www.arbeitsagentur.de/jobsuche/jobdetail/11949-17216264-S,11949-17216264-S
https://www.arbeitsagentur.de/jobsuche/jobdetail/12280-2026-77192-0-S,12280-2026-77192-0-S
https://www.arbeitsagentur.de/jobsuche/jobdetail/16339-JS-BAX28448709-S,16339-JS-BAX28448709-S
https://www.arbeitsagentur.de/jobsuche/jobdetail/17803-260506171134-AH1318-S,17803-260506171134-AH1318-S
https://www.arbeitsagentur.de/jobsuche/jobdetail/12826-SA0137607_JB5141034-S,12826-SA0137607_JB5141034-S
https://www.arbeitsagentur.de/jobsuche/jobdetail/11949-17216378-S,11949-17216378-S
https://www.arbeitsagentur.de/jobsuche/jobdetail/13635-0bccbb06_JB5140685-S,13635-0bccbb06_JB5140685-S
https://www.arbeitsagentur.de/jobsuche/jobdetail/10001-1003043178-S,10001-1003043178-S
https://www.arbeitsagentur.de/jobsuche/jobdetail/16335-297286aa11542f6b-S,16335-297286aa11542f6b-S
https://www.arbeitsagentur.de/jobsuche/jobdetail/10001-1003040093-S,10001-1003040093-S
https://www.arbeitsagentur.de/jobsuche/jobdetail/11949-17215454-S,11949-17215454-S
https://www.arbeitsagentur.de/jobsuche/jobdetail/11119-4791110122-S,11119-4791110122-S
https://www.arbeitsagentur.de/jobsuche/jobdetail/10001-1003040060-S,10001-1003040060-S
https://www.arbeitsagentur.de/jobsuche/jobdetail/18024-1002X000Pxa0L-S,18024-1002X000Pxa0L-S
https://www.arbeitsagentur.de/jobsuche/jobdetail/14927-1hfywh6d9zl-S,14927-1hfywh6d9zl-S
https://www.arbeitsagentur.de/jobsuche/jobdetail/11949-17216244-S,11949-17216244-S
https://www.arbeitsagentur.de/jobsuche/jobdetail/10001-1003037880-S,10001-1003037880-S
https://www.arbeitsagentur.de/jobsuche/jobdetail/10000-1206402185-S,10000-1206402185-S
https://www.arbeitsagentur.de/jobsuche/jobdetail/14927-2bdy5tobbuh-S,14927-2bdy5tobbuh-S
https://www.arbeitsagentur.de/jobsuche/jobdetail/12704-OLMTW1RG6OAX8WH2-S,12704-OLMTW1RG6OAX8WH2-S
https://www.arbeitsagentur.de/jobsuche/jobdetail/10000-1206448863-S,10000-1206448863-S
https://www.arbeitsagentur.de/jobsuche/jobdetail/16465-k58186.6087-S,16465-k58186.6087-S
https://www.arbeitsagentur.de/jobsuche/jobdetail/11864-H2XK99Q8H0ZI1U94-S,11864-H2XK99Q8H0ZI1U94-S
https://www.arbeitsagentur.de/jobsuche/jobdetail/10000-1206387594-S,10000-1206387594-S
https://www.arbeitsagentur.de/jobsuche/jobdetail/11949-17215568-S,11949-17215568-S
https://www.arbeitsagentur.de/jobsuche/jobdetail/14751-70A22010-S,14751-70A22010-S
https://www.arbeitsagentur.de/jobsuche/jobdetail/11119-4794237080-S,11119-4794237080-S
https://www.arbeitsagentur.de/jobsuche/jobdetail/11868-13743038-S,11868-13743038-S
https://www.arbeitsagentur.de/jobsuche/jobdetail/13356-105245A47159C11-S,13356-105245A47159C11-S
https://www.arbeitsagentur.de/jobsuche/jobdetail/12306-GC7OFTMNHG5BDX1E-S,12306-GC7OFTMNHG5BDX1E-S
https://www.arbeitsagentur.de/jobsuche/jobdetail/14927-1m6ialdjksp-S,14927-1m6ialdjksp-S
https://www.arbeitsagentur.de/jobsuche/jobdetail/16185-0MZ0AJA5YD1Z9SPF-S,16185-0MZ0AJA5YD1Z9SPF-S
https://www.arbeitsagentur.de/jobsuche/jobdetail/10001-1003038204-S,10001-1003038204-S
https://www.arbeitsagentur.de/jobsuche/jobdetail/11949-17214943-S,11949-17214943-S
https://www.arbeitsagentur.de/jobsuche/jobdetail/12608-1401408-33398-1-S,12608-1401408-33398-1-S
https://www.arbeitsagentur.de/jobsuche/jobdetail/11949-17213459-S,11949-17213459-S
https://www.arbeitsagentur.de/jobsuche/jobdetail/12787-258475070526-S,12787-258475070526-S
https://www.arbeitsagentur.de/jobsuche/jobdetail/10001-1003038698-S,10001-1003038698-S
https://www.arbeitsagentur.de/jobsuche/jobdetail/12967-0002_00111273-S,12967-0002_00111273-S
https://www.arbeitsagentur.de/jobsuche/jobdetail/19632-DFI429GCRX4F5N8G-S,19632-DFI429GCRX4F5N8G-S
https://www.arbeitsagentur.de/jobsuche/jobdetail/11119-4804149947-S,11119-4804149947-S
https://www.arbeitsagentur.de/jobsuche/jobdetail/14751-70A22012-S,14751-70A22012-S
https://www.arbeitsagentur.de/jobsuche/jobdetail/10001-1003038065-S,10001-1003038065-S
https://www.arbeitsagentur.de/jobsuche/jobdetail/12826-SA0135524_JB5140612-S,12826-SA0135524_JB5140612-S
https://www.arbeitsagentur.de/jobsuche/jobdetail/10001-1003041345-S,10001-1003041345-S
https://www.arbeitsagentur.de/jobsuche/jobdetail/10001-1003037258-S,10001-1003037258-S
https://www.arbeitsagentur.de/jobsuche/jobdetail/16963-REF120I-1674041248-S,16963-REF120I-1674041248-S
https://www.arbeitsagentur.de/jobsuche/jobdetail/10001-1003042481-S,10001-1003042481-S
https://www.arbeitsagentur.de/jobsuche/jobdetail/14792-VC6Y7WMUGQZD56S6-S,14792-VC6Y7WMUGQZD56S6-S
https://www.arbeitsagentur.de/jobsuche/jobdetail/12362-TR-286021_609483LS-S,12362-TR-286021_609483LS-S
https://www.arbeitsagentur.de/jobsuche/jobdetail/16291-ae2f39953566429-S,16291-ae2f39953566429-S
https://www.arbeitsagentur.de/jobsuche/jobdetail/11973-c-672985-S,11973-c-672985-S
https://www.arbeitsagentur.de/jobsuche/jobdetail/12288-4803114190-S,12288-4803114190-S
https://www.arbeitsagentur.de/jobsuche/jobdetail/11119-4792391826-S,11119-4792391826-S
https://www.arbeitsagentur.de/jobsuche/jobdetail/11119-4801684123-S,11119-4801684123-S
https://www.arbeitsagentur.de/jobsuche/jobdetail/10001-1003033992-S,10001-1003033992-S
https://www.arbeitsagentur.de/jobsuche/jobdetail/10000-1206439116-S,10000-1206439116-S
https://www.arbeitsagentur.de/jobsuche/jobdetail/10001-1003036648-S,10001-1003036648-S
https://www.arbeitsagentur.de/jobsuche/jobdetail/10001-1003032255-S,10001-1003032255-S
https://www.arbeitsagentur.de/jobsuche/jobdetail/10001-1003039285-S,10001-1003039285-S
https://www.arbeitsagentur.de/jobsuche/jobdetail/10001-1003037297-S,10001-1003037297-S
https://www.arbeitsagentur.de/jobsuche/jobdetail/14087-FRKX7ZZZDOJJLZBI-S,14087-FRKX7ZZZDOJJLZBI-S
https://www.arbeitsagentur.de/jobsuche/jobdetail/17803-260506171017-ER1316-S,17803-260506171017-ER1316-S
https://www.arbeitsagentur.de/jobsuche/jobdetail/10001-1003042504-S,10001-1003042504-S
https://www.arbeitsagentur.de/jobsuche/jobdetail/15608-392A68-S,15608-392A68-S
https://www.arbeitsagentur.de/jobsuche/jobdetail/10001-1003038604-S,10001-1003038604-S
https://www.arbeitsagentur.de/jobsuche/jobdetail/12811-2249308-S,12811-2249308-S
https://www.arbeitsagentur.de/jobsuche/jobdetail/11949-17209695-S,11949-17209695-S
https://www.arbeitsagentur.de/jobsuche/jobdetail/10001-1003037989-S,10001-1003037989-S
https://www.arbeitsagentur.de/jobsuche/jobdetail/10000-1206415030-S,10000-1206415030-S
https://www.arbeitsagentur.de/jobsuche/jobdetail/18024-100PJ000OQL1p-S,18024-100PJ000OQL1p-S
https://www.arbeitsagentur.de/jobsuche/jobdetail/13356-8012A37045C40-S,13356-8012A37045C40-S
https://www.arbeitsagentur.de/jobsuche/jobdetail/10001-1003035460-S,10001-1003035460-S
https://www.arbeitsagentur.de/jobsuche/jobdetail/11864-FD36DL6YDUYZI0V5-S,11864-FD36DL6YDUYZI0V5-S
https://www.arbeitsagentur.de/jobsuche/jobdetail/11868-13743085-S,11868-13743085-S
https://www.arbeitsagentur.de/jobsuche/jobdetail/12287-JOB-583891-S,12287-JOB-583891-S
https://www.arbeitsagentur.de/jobsuche/jobdetail/10001-1003036629-S,10001-1003036629-S
https://www.arbeitsagentur.de/jobsuche/jobdetail/11119-4802965369-S,11119-4802965369-S
https://www.arbeitsagentur.de/jobsuche/jobdetail/10001-1003040611-S,10001-1003040611-S
https://www.arbeitsagentur.de/jobsuche/jobdetail/15754-GEC6RSGOUYUHWFEB-S,15754-GEC6RSGOUYUHWFEB-S
https://www.arbeitsagentur.de/jobsuche/jobdetail/10001-1003041156-S,10001-1003041156-S
https://www.arbeitsagentur.de/jobsuche/jobdetail/12608-1401831-8917-1-S,12608-1401831-8917-1-S
https://www.arbeitsagentur.de/jobsuche/jobdetail/10001-1003033903-S,10001-1003033903-S
https://www.arbeitsagentur.de/jobsuche/jobdetail/11949-17215385-S,11949-17215385-S
https://www.arbeitsagentur.de/jobsuche/jobdetail/12759-UW5YADXC0HW13063-S,12759-UW5YADXC0HW13063-S
https://www.arbeitsagentur.de/jobsuche/jobdetail/11949-17214211-S,11949-17214211-S
https://www.arbeitsagentur.de/jobsuche/jobdetail/17803-260507173044-AF1406-S,17803-260507173044-AF1406-S
https://www.arbeitsagentur.de/jobsuche/jobdetail/10001-1003036359-S,10001-1003036359-S
https://www.arbeitsagentur.de/jobsuche/jobdetail/17803-260507173044-AF1411-S,17803-260507173044-AF1411-S
https://www.arbeitsagentur.de/jobsuche/jobdetail/11949-17215774-S,11949-17215774-S
https://www.arbeitsagentur.de/jobsuche/jobdetail/11864-U0JKNWSSJESK6OP2-S,11864-U0JKNWSSJESK6OP2-S
https://www.arbeitsagentur.de/jobsuche/jobdetail/10000-1206443564-S,10000-1206443564-S
https://www.arbeitsagentur.de/jobsuche/jobdetail/12086-6WCXY245XGGN4UTJ-S,12086-6WCXY245XGGN4UTJ-S
https://www.arbeitsagentur.de/jobsuche/jobdetail/11949-17216043-S,11949-17216043-S
https://www.arbeitsagentur.de/jobsuche/jobdetail/11864-U40L0POLPG6RVWH1-S,11864-U40L0POLPG6RVWH1-S
https://www.arbeitsagentur.de/jobsuche/jobdetail/14340-458418316-S,14340-458418316-S
https://www.arbeitsagentur.de/jobsuche/jobdetail/14751-437A313-S,14751-437A313-S
https://www.arbeitsagentur.de/jobsuche/jobdetail/10001-1003038658-S,10001-1003038658-S
https://www.arbeitsagentur.de/jobsuche/jobdetail/12608-1401666-9931-1-S,12608-1401666-9931-1-S
https://www.arbeitsagentur.de/jobsuche/jobdetail/12826-SA0135517_JB5140606-S,12826-SA0135517_JB5140606-S
https://www.arbeitsagentur.de/jobsuche/jobdetail/11119-4804185663-S,11119-4804185663-S
https://www.arbeitsagentur.de/jobsuche/jobdetail/10001-1003036675-S,10001-1003036675-S
https://www.arbeitsagentur.de/jobsuche/jobdetail/11119-4791367609-S,11119-4791367609-S
https://www.arbeitsagentur.de/jobsuche/jobdetail/10001-1003042322-S,10001-1003042322-S
https://www.arbeitsagentur.de/jobsuche/jobdetail/10001-1003040965-S,10001-1003040965-S
https://www.arbeitsagentur.de/jobsuche/jobdetail/14377-HQ0O99F5B836L2T1-S,14377-HQ0O99F5B836L2T1-S
https://www.arbeitsagentur.de/jobsuche/jobdetail/11949-17216653-S,11949-17216653-S
https://www.arbeitsagentur.de/jobsuche/jobdetail/10001-1003035517-S,10001-1003035517-S
https://www.arbeitsagentur.de/jobsuche/jobdetail/15937-k55805.115252-S,15937-k55805.115252-S
https://www.arbeitsagentur.de/jobsuche/jobdetail/10001-1003040041-S,10001-1003040041-S
https://www.arbeitsagentur.de/jobsuche/jobdetail/11119-4792608528-S,11119-4792608528-S
https://www.arbeitsagentur.de/jobsuche/jobdetail/17803-260507173152-AH1411-S,17803-260507173152-AH1411-S
https://www.arbeitsagentur.de/jobsuche/jobdetail/10001-1003040884-S,10001-1003040884-S
https://www.arbeitsagentur.de/jobsuche/jobdetail/11112-2956-1770903-0-S,11112-2956-1770903-0-S
https://www.arbeitsagentur.de/jobsuche/jobdetail/10001-1003037474-S,10001-1003037474-S
https://www.arbeitsagentur.de/jobsuche/jobdetail/14751-417A10911-S,14751-417A10911-S
https://www.arbeitsagentur.de/jobsuche/jobdetail/14372-91IVK5GBFJ4LXKJ9-S,14372-91IVK5GBFJ4LXKJ9-S
https://www.arbeitsagentur.de/jobsuche/jobdetail/10000-1206434848-S,10000-1206434848-S
https://www.arbeitsagentur.de/jobsuche/jobdetail/12826-SA0137593_JB5141021-S,12826-SA0137593_JB5141021-S
https://www.arbeitsagentur.de/jobsuche/jobdetail/12382-2024-65460051-S,12382-2024-65460051-S
https://www.arbeitsagentur.de/jobsuche/jobdetail/14751-373A96595-S,14751-373A96595-S
https://www.arbeitsagentur.de/jobsuche/jobdetail/11949-17216011-S,11949-17216011-S
https://www.arbeitsagentur.de/jobsuche/jobdetail/12787-258396070526-S,12787-258396070526-S
https://www.arbeitsagentur.de/jobsuche/jobdetail/10001-1003037440-S,10001-1003037440-S
https://www.arbeitsagentur.de/jobsuche/jobdetail/10001-1003037348-S,10001-1003037348-S
https://www.arbeitsagentur.de/jobsuche/jobdetail/14795-67095_118948-S,14795-67095_118948-S
https://www.arbeitsagentur.de/jobsuche/jobdetail/10001-1003034150-S,10001-1003034150-S
https://www.arbeitsagentur.de/jobsuche/jobdetail/10001-1003039999-S,10001-1003039999-S
https://www.arbeitsagentur.de/jobsuche/jobdetail/12310-HQTSZ49QTG1HRHIK-S,12310-HQTSZ49QTG1HRHIK-S
https://www.arbeitsagentur.de/jobsuche/jobdetail/11119-4804151157-S,11119-4804151157-S
https://www.arbeitsagentur.de/jobsuche/jobdetail/12811-2249362-S,12811-2249362-S
https://www.arbeitsagentur.de/jobsuche/jobdetail/10001-1003037437-S,10001-1003037437-S
https://www.arbeitsagentur.de/jobsuche/jobdetail/14471-ERXEHRXPH43798XD-S,14471-ERXEHRXPH43798XD-S
https://www.arbeitsagentur.de/jobsuche/jobdetail/10001-1003041138-S,10001-1003041138-S
https://www.arbeitsagentur.de/jobsuche/jobdetail/10001-1003036130-S,10001-1003036130-S
https://www.arbeitsagentur.de/jobsuche/jobdetail/13251-8ck3psap91-S,13251-8ck3psap91-S
https://www.arbeitsagentur.de/jobsuche/jobdetail/20803-182A2-S,20803-182A2-S
https://www.arbeitsagentur.de/jobsuche/jobdetail/11949-17183199-S,11949-17183199-S
https://www.arbeitsagentur.de/jobsuche/jobdetail/12288-4803097009-S,12288-4803097009-S
https://www.arbeitsagentur.de/jobsuche/jobdetail/11949-17216364-S,11949-17216364-S
https://www.arbeitsagentur.de/jobsuche/jobdetail/12967-0002_00111295-S,12967-0002_00111295-S
https://www.arbeitsagentur.de/jobsuche/jobdetail/12054-SYJF015J6X4ISIQ8-S,12054-SYJF015J6X4ISIQ8-S
https://www.arbeitsagentur.de/jobsuche/jobdetail/12739-1NKJT20WODRQZ7MU-S,12739-1NKJT20WODRQZ7MU-S
https://www.arbeitsagentur.de/jobsuche/jobdetail/17560-f2c3e71abe464e4-S,17560-f2c3e71abe464e4-S
https://www.arbeitsagentur.de/jobsuche/jobdetail/11949-17216626-S,11949-17216626-S
https://www.arbeitsagentur.de/jobsuche/jobdetail/11949-17215623-S,11949-17215623-S
https://www.arbeitsagentur.de/jobsuche/jobdetail/10001-1003041900-S,10001-1003041900-S
https://www.arbeitsagentur.de/jobsuche/jobdetail/15428-R3J4R38NCB8YTTNS-S,15428-R3J4R38NCB8YTTNS-S
https://www.arbeitsagentur.de/jobsuche/jobdetail/12739-1KY1R9BYK1UKQF5J-S,12739-1KY1R9BYK1UKQF5J-S
https://www.arbeitsagentur.de/jobsuche/jobdetail/14751-358A1718-S,14751-358A1718-S
https://www.arbeitsagentur.de/jobsuche/jobdetail/14087-CAHNSGM5ZS178CEM-S,14087-CAHNSGM5ZS178CEM-S
https://www.arbeitsagentur.de/jobsuche/jobdetail/10001-1003040477-S,10001-1003040477-S
https://www.arbeitsagentur.de/jobsuche/jobdetail/10000-1206395142-S,10000-1206395142-S
https://www.arbeitsagentur.de/jobsuche/jobdetail/10001-1003041774-S,10001-1003041774-S
https://www.arbeitsagentur.de/jobsuche/jobdetail/12288-4803079411-S,12288-4803079411-S
https://www.arbeitsagentur.de/jobsuche/jobdetail/16185-6FBCR6B9J3TTDNAY-S,16185-6FBCR6B9J3TTDNAY-S
https://www.arbeitsagentur.de/jobsuche/jobdetail/10001-1003037430-S,10001-1003037430-S
https://www.arbeitsagentur.de/jobsuche/jobdetail/20242-4804156284-S,20242-4804156284-S
https://www.arbeitsagentur.de/jobsuche/jobdetail/15527-k50296.2539-S,15527-k50296.2539-S
https://www.arbeitsagentur.de/jobsuche/jobdetail/14795-67143_118885-S,14795-67143_118885-S
https://www.arbeitsagentur.de/jobsuche/jobdetail/11119-4791095148-S,11119-4791095148-S
https://www.arbeitsagentur.de/jobsuche/jobdetail/11949-17213381-S,11949-17213381-S
https://www.arbeitsagentur.de/jobsuche/jobdetail/10001-1003034684-S,10001-1003034684-S
https://www.arbeitsagentur.de/jobsuche/jobdetail/16864-AORRHUX1IA09DG8T-S,16864-AORRHUX1IA09DG8T-S
https://www.arbeitsagentur.de/jobsuche/jobdetail/11949-17215287-S,11949-17215287-S
https://www.arbeitsagentur.de/jobsuche/jobdetail/10001-1003041389-S,10001-1003041389-S
https://www.arbeitsagentur.de/jobsuche/jobdetail/10000-1206430151-S,10000-1206430151-S
https://www.arbeitsagentur.de/jobsuche/jobdetail/16864-B7GE0IBDVYK0BYAU-S,16864-B7GE0IBDVYK0BYAU-S
https://www.arbeitsagentur.de/jobsuche/jobdetail/16977-2249005-S,16977-2249005-S
https://www.arbeitsagentur.de/jobsuche/jobdetail/10000-1206439209-S,10000-1206439209-S
https://www.arbeitsagentur.de/jobsuche/jobdetail/13270-2026-00003671-1-S,13270-2026-00003671-1-S
https://www.arbeitsagentur.de/jobsuche/jobdetail/11949-17213450-S,11949-17213450-S
https://www.arbeitsagentur.de/jobsuche/jobdetail/10001-1003036293-S,10001-1003036293-S
https://www.arbeitsagentur.de/jobsuche/jobdetail/11949-17215578-S,11949-17215578-S
https://www.arbeitsagentur.de/jobsuche/jobdetail/16915-RYARUDRCX39FFA05-S,16915-RYARUDRCX39FFA05-S
https://www.arbeitsagentur.de/jobsuche/jobdetail/12811-2248988-S,12811-2248988-S
https://www.arbeitsagentur.de/jobsuche/jobdetail/12787-258381070526-S,12787-258381070526-S
https://www.arbeitsagentur.de/jobsuche/jobdetail/10000-1206434840-S,10000-1206434840-S
https://www.arbeitsagentur.de/jobsuche/jobdetail/11949-17215941-S,11949-17215941-S
https://www.arbeitsagentur.de/jobsuche/jobdetail/10001-1003041432-S,10001-1003041432-S
https://www.arbeitsagentur.de/jobsuche/jobdetail/10001-1003042053-S,10001-1003042053-S
https://www.arbeitsagentur.de/jobsuche/jobdetail/12147-20260505219157-S,12147-20260505219157-S
https://www.arbeitsagentur.de/jobsuche/jobdetail/10001-1003042928-S,10001-1003042928-S
https://www.arbeitsagentur.de/jobsuche/jobdetail/10001-1003035448-S,10001-1003035448-S
https://www.arbeitsagentur.de/jobsuche/jobdetail/18825-A7HIRWJCKBDK8WH5-S,18825-A7HIRWJCKBDK8WH5-S
https://www.arbeitsagentur.de/jobsuche/jobdetail/12659-afb861ab40bf4c6-S,12659-afb861ab40bf4c6-S
https://www.arbeitsagentur.de/jobsuche/jobdetail/13280-E3SDM8G0LGVN2ZR9-S,13280-E3SDM8G0LGVN2ZR9-S
https://www.arbeitsagentur.de/jobsuche/jobdetail/13635-8340237a_JB5140975-S,13635-8340237a_JB5140975-S
https://www.arbeitsagentur.de/jobsuche/jobdetail/11949-17216746-S,11949-17216746-S
https://www.arbeitsagentur.de/jobsuche/jobdetail/12704-HP7SE05ECXWA09UD-S,12704-HP7SE05ECXWA09UD-S
https://www.arbeitsagentur.de/jobsuche/jobdetail/16963-REF219P-8560941248-S,16963-REF219P-8560941248-S
https://www.arbeitsagentur.de/jobsuche/jobdetail/10000-1206441595-S,10000-1206441595-S
https://www.arbeitsagentur.de/jobsuche/jobdetail/12704-Z5ECPJXAKYT3QXF5-S,12704-Z5ECPJXAKYT3QXF5-S
https://www.arbeitsagentur.de/jobsuche/jobdetail/12007-13743120-S,12007-13743120-S
https://www.arbeitsagentur.de/jobsuche/jobdetail/10001-1003036669-S,10001-1003036669-S
https://www.arbeitsagentur.de/jobsuche/jobdetail/10001-1003038715-S,10001-1003038715-S
https://www.arbeitsagentur.de/jobsuche/jobdetail/18569-JOB-838354-S,18569-JOB-838354-S
https://www.arbeitsagentur.de/jobsuche/jobdetail/14751-62A117737-S,14751-62A117737-S
https://www.arbeitsagentur.de/jobsuche/jobdetail/18024-100BR0003Ze00-S,18024-100BR0003Ze00-S
https://www.arbeitsagentur.de/jobsuche/jobdetail/10001-1003042135-S,10001-1003042135-S
https://www.arbeitsagentur.de/jobsuche/jobdetail/12811-2249202-S,12811-2249202-S
https://www.arbeitsagentur.de/jobsuche/jobdetail/13947-00009d180d6001-S,13947-00009d180d6001-S
https://www.arbeitsagentur.de/jobsuche/jobdetail/12811-2248459-S,12811-2248459-S
https://www.arbeitsagentur.de/jobsuche/jobdetail/14751-437A343-S,14751-437A343-S
https://www.arbeitsagentur.de/jobsuche/jobdetail/10001-1003039730-S,10001-1003039730-S
https://www.arbeitsagentur.de/jobsuche/jobdetail/10001-1003036036-S,10001-1003036036-S
https://www.arbeitsagentur.de/jobsuche/jobdetail/10001-1003038448-S,10001-1003038448-S
https://www.arbeitsagentur.de/jobsuche/jobdetail/17803-260506170707-PH1314-S,17803-260506170707-PH1314-S
https://www.arbeitsagentur.de/jobsuche/jobdetail/13270-2026-00003568-1-S,13270-2026-00003568-1-S
https://www.arbeitsagentur.de/jobsuche/jobdetail/13635-60071f50_JB5139883-S,13635-60071f50_JB5139883-S
https://www.arbeitsagentur.de/jobsuche/jobdetail/10001-1003041460-S,10001-1003041460-S
https://www.arbeitsagentur.de/jobsuche/jobdetail/10001-1003040051-S,10001-1003040051-S
https://www.arbeitsagentur.de/jobsuche/jobdetail/12739-SGHYZ4TPCOUDZRM5-S,12739-SGHYZ4TPCOUDZRM5-S
https://www.arbeitsagentur.de/jobsuche/jobdetail/10001-1003036856-S,10001-1003036856-S
https://www.arbeitsagentur.de/jobsuche/jobdetail/12122-209258-1771113-0-S,12122-209258-1771113-0-S
https://www.arbeitsagentur.de/jobsuche/jobdetail/17560-08b97e88828c480-S,17560-08b97e88828c480-S
https://www.arbeitsagentur.de/jobsuche/jobdetail/10001-1003039053-S,10001-1003039053-S
https://www.arbeitsagentur.de/jobsuche/jobdetail/10001-1003042088-S,10001-1003042088-S
https://www.arbeitsagentur.de/jobsuche/jobdetail/10001-1003041202-S,10001-1003041202-S
https://www.arbeitsagentur.de/jobsuche/jobdetail/12811-2248761-S,12811-2248761-S
https://www.arbeitsagentur.de/jobsuche/jobdetail/10001-1003038115-S,10001-1003038115-S
https://www.arbeitsagentur.de/jobsuche/jobdetail/10001-1003043168-S,10001-1003043168-S
https://www.arbeitsagentur.de/jobsuche/jobdetail/10001-1003043097-S,10001-1003043097-S
https://www.arbeitsagentur.de/jobsuche/jobdetail/10001-1003038859-S,10001-1003038859-S
https://www.arbeitsagentur.de/jobsuche/jobdetail/10001-1003035992-S,10001-1003035992-S
https://www.arbeitsagentur.de/jobsuche/jobdetail/14087-C6UQ0RW41TDS4YA3-S,14087-C6UQ0RW41TDS4YA3-S
https://www.arbeitsagentur.de/jobsuche/jobdetail/11119-4803027164-S,11119-4803027164-S
https://www.arbeitsagentur.de/jobsuche/jobdetail/11081-RIV57LUCV0DUMV1D-S,11081-RIV57LUCV0DUMV1D-S
https://www.arbeitsagentur.de/jobsuche/jobdetail/12811-2248835-S,12811-2248835-S
https://www.arbeitsagentur.de/jobsuche/jobdetail/10001-1003038733-S,10001-1003038733-S
https://www.arbeitsagentur.de/jobsuche/jobdetail/10001-1003036569-S,10001-1003036569-S
https://www.arbeitsagentur.de/jobsuche/jobdetail/14471-W29TE4KK25AJGHJ1-S,14471-W29TE4KK25AJGHJ1-S
https://www.arbeitsagentur.de/jobsuche/jobdetail/11949-17213672-S,11949-17213672-S
https://www.arbeitsagentur.de/jobsuche/jobdetail/13334-00005f643c2001-S,13334-00005f643c2001-S
https://www.arbeitsagentur.de/jobsuche/jobdetail/11119-4804138366-S,11119-4804138366-S
https://www.arbeitsagentur.de/jobsuche/jobdetail/12739-UE00O64EGTZXL9GX-S,12739-UE00O64EGTZXL9GX-S
https://www.arbeitsagentur.de/jobsuche/jobdetail/16547-9ZNV6ORBR26FV8CP-S,16547-9ZNV6ORBR26FV8CP-S
https://www.arbeitsagentur.de/jobsuche/jobdetail/11119-4804203329-S,11119-4804203329-S
https://www.arbeitsagentur.de/jobsuche/jobdetail/12811-2225877-S,12811-2225877-S
https://www.arbeitsagentur.de/jobsuche/jobdetail/11119-4802942104-S,11119-4802942104-S
https://www.arbeitsagentur.de/jobsuche/jobdetail/11119-4804213700-S,11119-4804213700-S
https://www.arbeitsagentur.de/jobsuche/jobdetail/10000-1206437640-S,10000-1206437640-S
https://www.arbeitsagentur.de/jobsuche/jobdetail/17560-b79cf78273314b8-S,17560-b79cf78273314b8-S
https://www.arbeitsagentur.de/jobsuche/jobdetail/12122-209245-1771078-0-S,12122-209245-1771078-0-S
https://www.arbeitsagentur.de/jobsuche/jobdetail/11081-8NEVPJZ52FP44V1Q-S,11081-8NEVPJZ52FP44V1Q-S
https://www.arbeitsagentur.de/jobsuche/jobdetail/12811-2248983-S,12811-2248983-S
https://www.arbeitsagentur.de/jobsuche/jobdetail/17803-260506171109-HE1313-S,17803-260506171109-HE1313-S
https://www.arbeitsagentur.de/jobsuche/jobdetail/10000-1206446076-S,10000-1206446076-S
https://www.arbeitsagentur.de/jobsuche/jobdetail/10000-1206439629-S,10000-1206439629-S
https://www.arbeitsagentur.de/jobsuche/jobdetail/11119-4804234290-S,11119-4804234290-S
https://www.arbeitsagentur.de/jobsuche/jobdetail/19274-OQJP4IH677RIC7C2-S,19274-OQJP4IH677RIC7C2-S
https://www.arbeitsagentur.de/jobsuche/jobdetail/10001-1003038404-S,10001-1003038404-S
https://www.arbeitsagentur.de/jobsuche/jobdetail/20282-943874816-S,20282-943874816-S
https://www.arbeitsagentur.de/jobsuche/jobdetail/14087-XBMFN77IU9NV9TI4-S,14087-XBMFN77IU9NV9TI4-S
https://www.arbeitsagentur.de/jobsuche/jobdetail/14795-66433_118834-S,14795-66433_118834-S
https://www.arbeitsagentur.de/jobsuche/jobdetail/10001-1003042499-S,10001-1003042499-S
https://www.arbeitsagentur.de/jobsuche/jobdetail/12811-2248529-S,12811-2248529-S
https://www.arbeitsagentur.de/jobsuche/jobdetail/11949-17215023-S,11949-17215023-S
https://www.arbeitsagentur.de/jobsuche/jobdetail/10001-1003041694-S,10001-1003041694-S
https://www.arbeitsagentur.de/jobsuche/jobdetail/14332-00002f2a2ae001-S,14332-00002f2a2ae001-S
https://www.arbeitsagentur.de/jobsuche/jobdetail/10001-1003036649-S,10001-1003036649-S
https://www.arbeitsagentur.de/jobsuche/jobdetail/13517-0000301adf2001-S,13517-0000301adf2001-S
https://www.arbeitsagentur.de/jobsuche/jobdetail/10001-1003041636-S,10001-1003041636-S
https://www.arbeitsagentur.de/jobsuche/jobdetail/11949-17215620-S,11949-17215620-S
https://www.arbeitsagentur.de/jobsuche/jobdetail/10000-1206435645-S,10000-1206435645-S
https://www.arbeitsagentur.de/jobsuche/jobdetail/12826-SA0137561_JB5140756-S,12826-SA0137561_JB5140756-S
https://www.arbeitsagentur.de/jobsuche/jobdetail/10001-1003035979-S,10001-1003035979-S
https://www.arbeitsagentur.de/jobsuche/jobdetail/11949-17216269-S,11949-17216269-S
https://www.arbeitsagentur.de/jobsuche/jobdetail/11949-17216694-S,11949-17216694-S
https://www.arbeitsagentur.de/jobsuche/jobdetail/10000-1206434761-S,10000-1206434761-S
https://www.arbeitsagentur.de/jobsuche/jobdetail/15015-19603-1770997-0-S,15015-19603-1770997-0-S
https://www.arbeitsagentur.de/jobsuche/jobdetail/10000-1206434671-S,10000-1206434671-S
https://www.arbeitsagentur.de/jobsuche/jobdetail/10001-1003039747-S,10001-1003039747-S
https://www.arbeitsagentur.de/jobsuche/jobdetail/14751-70A22056-S,14751-70A22056-S
https://www.arbeitsagentur.de/jobsuche/jobdetail/17803-260507173152-AH1424-S,17803-260507173152-AH1424-S
https://www.arbeitsagentur.de/jobsuche/jobdetail/11949-17215741-S,11949-17215741-S
https://www.arbeitsagentur.de/jobsuche/jobdetail/10001-1003037356-S,10001-1003037356-S
https://www.arbeitsagentur.de/jobsuche/jobdetail/14333-20261s55wis9-000-S,14333-20261s55wis9-000-S
https://www.arbeitsagentur.de/jobsuche/jobdetail/18024-1002X000QTJ0J-S,18024-1002X000QTJ0J-S
https://www.arbeitsagentur.de/jobsuche/jobdetail/13356-408075A46430C15-S,13356-408075A46430C15-S
https://www.arbeitsagentur.de/jobsuche/jobdetail/10001-1003038570-S,10001-1003038570-S
https://www.arbeitsagentur.de/jobsuche/jobdetail/10001-1003039150-S,10001-1003039150-S
https://www.arbeitsagentur.de/jobsuche/jobdetail/17803-260507173008-ER1407-S,17803-260507173008-ER1407-S
https://www.arbeitsagentur.de/jobsuche/jobdetail/10000-1206437651-S,10000-1206437651-S
https://www.arbeitsagentur.de/jobsuche/jobdetail/11112-3557-1770776-0-S,11112-3557-1770776-0-S
https://www.arbeitsagentur.de/jobsuche/jobdetail/13763-4098-1770873-0-S,13763-4098-1770873-0-S
https://www.arbeitsagentur.de/jobsuche/jobdetail/10000-1206440622-S,10000-1206440622-S
https://www.arbeitsagentur.de/jobsuche/jobdetail/13270-2026-00000740-1-S,13270-2026-00000740-1-S
https://www.arbeitsagentur.de/jobsuche/jobdetail/17803-260507172901-PS1425-S,17803-260507172901-PS1425-S
https://www.arbeitsagentur.de/jobsuche/jobdetail/11081-NFHPC70TPY214429-S,11081-NFHPC70TPY214429-S
https://www.arbeitsagentur.de/jobsuche/jobdetail/11119-4804174090-S,11119-4804174090-S
https://www.arbeitsagentur.de/jobsuche/jobdetail/10001-1003035389-S,10001-1003035389-S
https://www.arbeitsagentur.de/jobsuche/jobdetail/15992-2249091-S,15992-2249091-S
https://www.arbeitsagentur.de/jobsuche/jobdetail/13635-Catch137_JB5140564-S,13635-Catch137_JB5140564-S
https://www.arbeitsagentur.de/jobsuche/jobdetail/10001-1003037690-S,10001-1003037690-S
https://www.arbeitsagentur.de/jobsuche/jobdetail/11949-17215844-S,11949-17215844-S
https://www.arbeitsagentur.de/jobsuche/jobdetail/13356-102628A48610C2-S,13356-102628A48610C2-S
https://www.arbeitsagentur.de/jobsuche/jobdetail/10001-1003043016-S,10001-1003043016-S
https://www.arbeitsagentur.de/jobsuche/jobdetail/12203-02e75745aebe4c1-S,12203-02e75745aebe4c1-S
https://www.arbeitsagentur.de/jobsuche/jobdetail/11949-17213108-S,11949-17213108-S
https://www.arbeitsagentur.de/jobsuche/jobdetail/12288-4804110203-S,12288-4804110203-S
https://www.arbeitsagentur.de/jobsuche/jobdetail/10001-1003040190-S,10001-1003040190-S
https://www.arbeitsagentur.de/jobsuche/jobdetail/12086-45F2LHVM2PWTL8IU-S,12086-45F2LHVM2PWTL8IU-S
https://www.arbeitsagentur.de/jobsuche/jobdetail/15537-JOB-838331-S,15537-JOB-838331-S
https://www.arbeitsagentur.de/jobsuche/jobdetail/10001-1003039946-S,10001-1003039946-S
https://www.arbeitsagentur.de/jobsuche/jobdetail/13038-4804112156-S,13038-4804112156-S
https://www.arbeitsagentur.de/jobsuche/jobdetail/11949-17215252-S,11949-17215252-S
https://www.arbeitsagentur.de/jobsuche/jobdetail/10001-1003037828-S,10001-1003037828-S
https://www.arbeitsagentur.de/jobsuche/jobdetail/18024-100aR0001Cc2m-S,18024-100aR0001Cc2m-S
https://www.arbeitsagentur.de/jobsuche/jobdetail/18024-100aR0001CY2n-S,18024-100aR0001CY2n-S
https://www.arbeitsagentur.de/jobsuche/jobdetail/10001-1003043074-S,10001-1003043074-S
https://www.arbeitsagentur.de/jobsuche/jobdetail/18024-100BR0003ZZ09-S,18024-100BR0003ZZ09-S
https://www.arbeitsagentur.de/jobsuche/jobdetail/10001-1003043305-S,10001-1003043305-S
https://www.arbeitsagentur.de/jobsuche/jobdetail/14471-I9365GL79KWR0EJN-S,14471-I9365GL79KWR0EJN-S
https://www.arbeitsagentur.de/jobsuche/jobdetail/11949-17212042-S,11949-17212042-S
https://www.arbeitsagentur.de/jobsuche/jobdetail/14385-458-2565488-26-S,14385-458-2565488-26-S
https://www.arbeitsagentur.de/jobsuche/jobdetail/11119-4753580355-S,11119-4753580355-S
https://www.arbeitsagentur.de/jobsuche/jobdetail/11119-4802998272-S,11119-4802998272-S
https://www.arbeitsagentur.de/jobsuche/jobdetail/10000-1206412114-S,10000-1206412114-S
https://www.arbeitsagentur.de/jobsuche/jobdetail/12704-SGFGBETCFBXWQVEC-S,12704-SGFGBETCFBXWQVEC-S
https://www.arbeitsagentur.de/jobsuche/jobdetail/10001-1003038048-S,10001-1003038048-S
https://www.arbeitsagentur.de/jobsuche/jobdetail/10001-1003034198-S,10001-1003034198-S
https://www.arbeitsagentur.de/jobsuche/jobdetail/17681-ECA21D0A60C001CAD8C-S,17681-ECA21D0A60C001CAD8C-S
https://www.arbeitsagentur.de/jobsuche/jobdetail/10001-1003041978-S,10001-1003041978-S
https://www.arbeitsagentur.de/jobsuche/jobdetail/13465-00021a6494e001-S,13465-00021a6494e001-S
https://www.arbeitsagentur.de/jobsuche/jobdetail/14792-TGC46SPSOJ4DD3SB-S,14792-TGC46SPSOJ4DD3SB-S
https://www.arbeitsagentur.de/jobsuche/jobdetail/14661-915929e049eb4f3-S,14661-915929e049eb4f3-S
https://www.arbeitsagentur.de/jobsuche/jobdetail/13208-11889-1771085-0-S,13208-11889-1771085-0-S
https://www.arbeitsagentur.de/jobsuche/jobdetail/10001-1003042666-S,10001-1003042666-S
https://www.arbeitsagentur.de/jobsuche/jobdetail/20397-4804118730-S,20397-4804118730-S
https://www.arbeitsagentur.de/jobsuche/jobdetail/12759-3HR8QX0531DTO1H7-S,12759-3HR8QX0531DTO1H7-S
https://www.arbeitsagentur.de/jobsuche/jobdetail/10001-1003040036-S,10001-1003040036-S
https://www.arbeitsagentur.de/jobsuche/jobdetail/10000-1206446938-S,10000-1206446938-S
https://www.arbeitsagentur.de/jobsuche/jobdetail/13928-VCURA8NMV5QQR1GM-S,13928-VCURA8NMV5QQR1GM-S
https://www.arbeitsagentur.de/jobsuche/jobdetail/14927-drvcwx-S,14927-drvcwx-S
https://www.arbeitsagentur.de/jobsuche/jobdetail/12382-2024-65550050-S,12382-2024-65550050-S
https://www.arbeitsagentur.de/jobsuche/jobdetail/10000-1206439102-S,10000-1206439102-S
https://www.arbeitsagentur.de/jobsuche/jobdetail/17803-260507172937-OA1407-S,17803-260507172937-OA1407-S
https://www.arbeitsagentur.de/jobsuche/jobdetail/18914-4CTZNSRFSEQFUTAI-S,18914-4CTZNSRFSEQFUTAI-S
https://www.arbeitsagentur.de/jobsuche/jobdetail/11949-17215754-S,11949-17215754-S
https://www.arbeitsagentur.de/jobsuche/jobdetail/12811-2248873-S,12811-2248873-S
https://www.arbeitsagentur.de/jobsuche/jobdetail/10001-1003038463-S,10001-1003038463-S
https://www.arbeitsagentur.de/jobsuche/jobdetail/10001-1003041839-S,10001-1003041839-S
https://www.arbeitsagentur.de/jobsuche/jobdetail/11119-4804138762-S,11119-4804138762-S
https://www.arbeitsagentur.de/jobsuche/jobdetail/10001-1003042030-S,10001-1003042030-S
https://www.arbeitsagentur.de/jobsuche/jobdetail/12811-2248128-S,12811-2248128-S
https://www.arbeitsagentur.de/jobsuche/jobdetail/10001-1003041854-S,10001-1003041854-S
https://www.arbeitsagentur.de/jobsuche/jobdetail/13280-E6C10OB7Y51VUB3M-S,13280-E6C10OB7Y51VUB3M-S
https://www.arbeitsagentur.de/jobsuche/jobdetail/14927-2h1ky78adnq-S,14927-2h1ky78adnq-S
https://www.arbeitsagentur.de/jobsuche/jobdetail/10001-1003042626-S,10001-1003042626-S
https://www.arbeitsagentur.de/jobsuche/jobdetail/12811-2248946-S,12811-2248946-S
https://www.arbeitsagentur.de/jobsuche/jobdetail/10001-1003035937-S,10001-1003035937-S
https://www.arbeitsagentur.de/jobsuche/jobdetail/14792-UXSPQ64FYJ8D4P74-S,14792-UXSPQ64FYJ8D4P74-S
https://www.arbeitsagentur.de/jobsuche/jobdetail/10001-1003040742-S,10001-1003040742-S
https://www.arbeitsagentur.de/jobsuche/jobdetail/10001-1003033439-S,10001-1003033439-S
https://www.arbeitsagentur.de/jobsuche/jobdetail/18024-100PJ000VX70E-S,18024-100PJ000VX70E-S
https://www.arbeitsagentur.de/jobsuche/jobdetail/11949-17215052-S,11949-17215052-S
https://www.arbeitsagentur.de/jobsuche/jobdetail/13643-1L_606451-S,13643-1L_606451-S
https://www.arbeitsagentur.de/jobsuche/jobdetail/10001-1003036203-S,10001-1003036203-S
https://www.arbeitsagentur.de/jobsuche/jobdetail/20242-4804158717-S,20242-4804158717-S
https://www.arbeitsagentur.de/jobsuche/jobdetail/12288-4803139834-S,12288-4803139834-S
https://www.arbeitsagentur.de/jobsuche/jobdetail/12739-0XWKP4IGA48A4T2E-S,12739-0XWKP4IGA48A4T2E-S
https://www.arbeitsagentur.de/jobsuche/jobdetail/10001-1003034994-S,10001-1003034994-S
https://www.arbeitsagentur.de/jobsuche/jobdetail/10001-1003040445-S,10001-1003040445-S
https://www.arbeitsagentur.de/jobsuche/jobdetail/14751-70A21982-S,14751-70A21982-S
https://www.arbeitsagentur.de/jobsuche/jobdetail/10001-1003037367-S,10001-1003037367-S
https://www.arbeitsagentur.de/jobsuche/jobdetail/12608-1401690-4974-1-S,12608-1401690-4974-1-S
https://www.arbeitsagentur.de/jobsuche/jobdetail/11119-4801669084-S,11119-4801669084-S
https://www.arbeitsagentur.de/jobsuche/jobdetail/14751-373A95885-S,14751-373A95885-S
https://www.arbeitsagentur.de/jobsuche/jobdetail/13635-js_sig_1_JB5139972-S,13635-js_sig_1_JB5139972-S
https://www.arbeitsagentur.de/jobsuche/jobdetail/17803-260507172937-OA1408-S,17803-260507172937-OA1408-S
https://www.arbeitsagentur.de/jobsuche/jobdetail/11864-RJOX18XNK8XQYQS3-S,11864-RJOX18XNK8XQYQS3-S
https://www.arbeitsagentur.de/jobsuche/jobdetail/16925-UX1KFASYII5D163Y-S,16925-UX1KFASYII5D163Y-S
https://www.arbeitsagentur.de/jobsuche/jobdetail/15476-OGH15ISWRAU9Y1RQ-S,15476-OGH15ISWRAU9Y1RQ-S
https://www.arbeitsagentur.de/jobsuche/jobdetail/16547-DWINCTKS9WVVSLFM-S,16547-DWINCTKS9WVVSLFM-S
https://www.arbeitsagentur.de/jobsuche/jobdetail/12632-e730909c_JB5140150-S,12632-e730909c_JB5140150-S
https://www.arbeitsagentur.de/jobsuche/jobdetail/11081-HGSMUJP4ZSXJ8QE1-S,11081-HGSMUJP4ZSXJ8QE1-S
https://www.arbeitsagentur.de/jobsuche/jobdetail/10000-1206430796-S,10000-1206430796-S
https://www.arbeitsagentur.de/jobsuche/jobdetail/14751-70A22032-S,14751-70A22032-S
https://www.arbeitsagentur.de/jobsuche/jobdetail/11949-17216467-S,11949-17216467-S
https://www.arbeitsagentur.de/jobsuche/jobdetail/19860-ANP00TG4FLWNIIPL-S,19860-ANP00TG4FLWNIIPL-S
https://www.arbeitsagentur.de/jobsuche/jobdetail/18223-1JMA0386EG2OLG3T-S,18223-1JMA0386EG2OLG3T-S
https://www.arbeitsagentur.de/jobsuche/jobdetail/13424-JGUOM89SEXLRMXEM-S,13424-JGUOM89SEXLRMXEM-S
https://www.arbeitsagentur.de/jobsuche/jobdetail/10001-1003036929-S,10001-1003036929-S
https://www.arbeitsagentur.de/jobsuche/jobdetail/10001-1003035582-S,10001-1003035582-S
https://www.arbeitsagentur.de/jobsuche/jobdetail/11949-17214326-S,11949-17214326-S
https://www.arbeitsagentur.de/jobsuche/jobdetail/17592-9c6f9a29cea34f4-S,17592-9c6f9a29cea34f4-S
https://www.arbeitsagentur.de/jobsuche/jobdetail/14087-Q7SHCXE0IA15CXBP-S,14087-Q7SHCXE0IA15CXBP-S
https://www.arbeitsagentur.de/jobsuche/jobdetail/11081-SEPIA106VHM47PFH-S,11081-SEPIA106VHM47PFH-S
https://www.arbeitsagentur.de/jobsuche/jobdetail/15939-BB-633663-7878-7595-S,15939-BB-633663-7878-7595-S
https://www.arbeitsagentur.de/jobsuche/jobdetail/11119-4804180857-S,11119-4804180857-S
https://www.arbeitsagentur.de/jobsuche/jobdetail/17803-260506171134-AH1303-S,17803-260506171134-AH1303-S
https://www.arbeitsagentur.de/jobsuche/jobdetail/20803-182A1-S,20803-182A1-S
https://www.arbeitsagentur.de/jobsuche/jobdetail/10000-1206442643-S,10000-1206442643-S
https://www.arbeitsagentur.de/jobsuche/jobdetail/10001-1003036499-S,10001-1003036499-S
https://www.arbeitsagentur.de/jobsuche/jobdetail/11949-17215933-S,11949-17215933-S
https://www.arbeitsagentur.de/jobsuche/jobdetail/15518-9GUVM237O550UVXD-S,15518-9GUVM237O550UVXD-S
https://www.arbeitsagentur.de/jobsuche/jobdetail/12288-4803083901-S,12288-4803083901-S
https://www.arbeitsagentur.de/jobsuche/jobdetail/11949-17216511-S,11949-17216511-S
https://www.arbeitsagentur.de/jobsuche/jobdetail/10000-1206449268-S,10000-1206449268-S
https://www.arbeitsagentur.de/jobsuche/jobdetail/16185-DZERMFE22S6U56M7-S,16185-DZERMFE22S6U56M7-S
https://www.arbeitsagentur.de/jobsuche/jobdetail/10001-1003041592-S,10001-1003041592-S
https://www.arbeitsagentur.de/jobsuche/jobdetail/11949-17216498-S,11949-17216498-S
https://www.arbeitsagentur.de/jobsuche/jobdetail/10001-1003040928-S,10001-1003040928-S
https://www.arbeitsagentur.de/jobsuche/jobdetail/14751-437A337-S,14751-437A337-S
https://www.arbeitsagentur.de/jobsuche/jobdetail/14751-373A97121-S,14751-373A97121-S
https://www.arbeitsagentur.de/jobsuche/jobdetail/10001-1003037457-S,10001-1003037457-S
https://www.arbeitsagentur.de/jobsuche/jobdetail/12967-0002_00111293-S,12967-0002_00111293-S
https://www.arbeitsagentur.de/jobsuche/jobdetail/11949-17216504-S,11949-17216504-S
https://www.arbeitsagentur.de/jobsuche/jobdetail/19470-457866365-S,19470-457866365-S
https://www.arbeitsagentur.de/jobsuche/jobdetail/14385-480-2565539-26-S,14385-480-2565539-26-S
https://www.arbeitsagentur.de/jobsuche/jobdetail/10000-1205996596-S,10000-1205996596-S
https://www.arbeitsagentur.de/jobsuche/jobdetail/10001-1003040090-S,10001-1003040090-S
https://www.arbeitsagentur.de/jobsuche/jobdetail/14927-iw28ueldq3-S,14927-iw28ueldq3-S
https://www.arbeitsagentur.de/jobsuche/jobdetail/11119-4803048202-S,11119-4803048202-S
https://www.arbeitsagentur.de/jobsuche/jobdetail/17803-260507173044-AF1424-S,17803-260507173044-AF1424-S
https://www.arbeitsagentur.de/jobsuche/jobdetail/11949-17215850-S,11949-17215850-S
https://www.arbeitsagentur.de/jobsuche/jobdetail/11949-17213220-S,11949-17213220-S
https://www.arbeitsagentur.de/jobsuche/jobdetail/12608-1401833-15835-1-S,12608-1401833-15835-1-S
https://www.arbeitsagentur.de/jobsuche/jobdetail/15643-01-7s1Eol-S,15643-01-7s1Eol-S
https://www.arbeitsagentur.de/jobsuche/jobdetail/11119-4792609326-S,11119-4792609326-S
https://www.arbeitsagentur.de/jobsuche/jobdetail/12811-2249411-S,12811-2249411-S
https://www.arbeitsagentur.de/jobsuche/jobdetail/10000-1206438080-S,10000-1206438080-S
https://www.arbeitsagentur.de/jobsuche/jobdetail/10001-1003037260-S,10001-1003037260-S
https://www.arbeitsagentur.de/jobsuche/jobdetail/12811-2249277-S,12811-2249277-S
https://www.arbeitsagentur.de/jobsuche/jobdetail/18024-1002X000QOb0e-S,18024-1002X000QOb0e-S
https://www.arbeitsagentur.de/jobsuche/jobdetail/10001-1003033325-S,10001-1003033325-S
https://www.arbeitsagentur.de/jobsuche/jobdetail/12288-4803157590-S,12288-4803157590-S
https://www.arbeitsagentur.de/jobsuche/jobdetail/10001-1003040255-S,10001-1003040255-S
https://www.arbeitsagentur.de/jobsuche/jobdetail/10000-1206447794-S,10000-1206447794-S
https://www.arbeitsagentur.de/jobsuche/jobdetail/10001-1003040370-S,10001-1003040370-S
https://www.arbeitsagentur.de/jobsuche/jobdetail/10001-1003037383-S,10001-1003037383-S
https://www.arbeitsagentur.de/jobsuche/jobdetail/14751-417A10934-S,14751-417A10934-S
https://www.arbeitsagentur.de/jobsuche/jobdetail/17310-0009ac003ea001-S,17310-0009ac003ea001-S
https://www.arbeitsagentur.de/jobsuche/jobdetail/11119-4803000030-S,11119-4803000030-S
https://www.arbeitsagentur.de/jobsuche/jobdetail/14893-0064602703-S,14893-0064602703-S
https://www.arbeitsagentur.de/jobsuche/jobdetail/10000-1206445673-S,10000-1206445673-S
https://www.arbeitsagentur.de/jobsuche/jobdetail/15986-REF241890A-1-S,15986-REF241890A-1-S
https://www.arbeitsagentur.de/jobsuche/jobdetail/13635-9ad968eb_JB5140794-S,13635-9ad968eb_JB5140794-S
https://www.arbeitsagentur.de/jobsuche/jobdetail/11119-4804136400-S,11119-4804136400-S
https://www.arbeitsagentur.de/jobsuche/jobdetail/13635-f24c310a_JB5139940-S,13635-f24c310a_JB5139940-S
https://www.arbeitsagentur.de/jobsuche/jobdetail/13356-102655A40286C29-S,13356-102655A40286C29-S
https://www.arbeitsagentur.de/jobsuche/jobdetail/10001-1003040011-S,10001-1003040011-S
https://www.arbeitsagentur.de/jobsuche/jobdetail/10001-1003037116-S,10001-1003037116-S
https://www.arbeitsagentur.de/jobsuche/jobdetail/17592-e3f2be58ba0049d-S,17592-e3f2be58ba0049d-S
https://www.arbeitsagentur.de/jobsuche/jobdetail/12811-2249170-S,12811-2249170-S
https://www.arbeitsagentur.de/jobsuche/jobdetail/12288-4803147223-S,12288-4803147223-S
https://www.arbeitsagentur.de/jobsuche/jobdetail/14076-BB-12135-7878-15855-S,14076-BB-12135-7878-15855-S
https://www.arbeitsagentur.de/jobsuche/jobdetail/10001-1003040532-S,10001-1003040532-S
https://www.arbeitsagentur.de/jobsuche/jobdetail/10001-1003041992-S,10001-1003041992-S
https://www.arbeitsagentur.de/jobsuche/jobdetail/18914-F814725VEVLONQCJ-S,18914-F814725VEVLONQCJ-S
https://www.arbeitsagentur.de/jobsuche/jobdetail/11119-4803031964-S,11119-4803031964-S
https://www.arbeitsagentur.de/jobsuche/jobdetail/12811-2249415-S,12811-2249415-S
https://www.arbeitsagentur.de/jobsuche/jobdetail/14751-143A2015-S,14751-143A2015-S
https://www.arbeitsagentur.de/jobsuche/jobdetail/13356-102623A48276C5-S,13356-102623A48276C5-S
https://www.arbeitsagentur.de/jobsuche/jobdetail/12811-2248077-S,12811-2248077-S
https://www.arbeitsagentur.de/jobsuche/jobdetail/11119-4804187400-S,11119-4804187400-S
https://www.arbeitsagentur.de/jobsuche/jobdetail/10001-1003038716-S,10001-1003038716-S
https://www.arbeitsagentur.de/jobsuche/jobdetail/10001-1003042130-S,10001-1003042130-S
https://www.arbeitsagentur.de/jobsuche/jobdetail/11119-4791109766-S,11119-4791109766-S
https://www.arbeitsagentur.de/jobsuche/jobdetail/10001-1003035945-S,10001-1003035945-S
https://www.arbeitsagentur.de/jobsuche/jobdetail/18024-100PC000ASe1n-S,18024-100PC000ASe1n-S
https://www.arbeitsagentur.de/jobsuche/jobdetail/17803-260507172937-OA1411-S,17803-260507172937-OA1411-S
https://www.arbeitsagentur.de/jobsuche/jobdetail/13270-2026-00003368-1-S,13270-2026-00003368-1-S
https://www.arbeitsagentur.de/jobsuche/jobdetail/11949-17215810-S,11949-17215810-S
https://www.arbeitsagentur.de/jobsuche/jobdetail/17803-260507172806-PF1421-S,17803-260507172806-PF1421-S
https://www.arbeitsagentur.de/jobsuche/jobdetail/10001-1003039582-S,10001-1003039582-S
https://www.arbeitsagentur.de/jobsuche/jobdetail/12787-258361060526-S,12787-258361060526-S
https://www.arbeitsagentur.de/jobsuche/jobdetail/10001-1003038230-S,10001-1003038230-S
https://www.arbeitsagentur.de/jobsuche/jobdetail/10001-1003037349-S,10001-1003037349-S
https://www.arbeitsagentur.de/jobsuche/jobdetail/10001-1003042560-S,10001-1003042560-S
https://www.arbeitsagentur.de/jobsuche/jobdetail/11864-BI9EGXNSE7EEDOO2-S,11864-BI9EGXNSE7EEDOO2-S
https://www.arbeitsagentur.de/jobsuche/jobdetail/12288-4803108643-S,12288-4803108643-S
https://www.arbeitsagentur.de/jobsuche/jobdetail/10000-1206446470-S,10000-1206446470-S
https://www.arbeitsagentur.de/jobsuche/jobdetail/13465-00021a6486e001-S,13465-00021a6486e001-S
https://www.arbeitsagentur.de/jobsuche/jobdetail/12608-1401832-9010-1-S,12608-1401832-9010-1-S
https://www.arbeitsagentur.de/jobsuche/jobdetail/12122-209239-1771079-0-S,12122-209239-1771079-0-S
https://www.arbeitsagentur.de/jobsuche/jobdetail/14471-9DNF0X9DUXL389XF-S,14471-9DNF0X9DUXL389XF-S
https://www.arbeitsagentur.de/jobsuche/jobdetail/14927-23oxvliptcr-S,14927-23oxvliptcr-S
https://www.arbeitsagentur.de/jobsuche/jobdetail/14795-66143_118792-S,14795-66143_118792-S
https://www.arbeitsagentur.de/jobsuche/jobdetail/11949-17214796-S,11949-17214796-S
https://www.arbeitsagentur.de/jobsuche/jobdetail/10001-1003040020-S,10001-1003040020-S
https://www.arbeitsagentur.de/jobsuche/jobdetail/12634-BB-640795-7878-5656-S,12634-BB-640795-7878-5656-S
https://www.arbeitsagentur.de/jobsuche/jobdetail/11949-17212644-S,11949-17212644-S
https://www.arbeitsagentur.de/jobsuche/jobdetail/10001-1003038763-S,10001-1003038763-S
https://www.arbeitsagentur.de/jobsuche/jobdetail/16934-IIXESFXLJILHKGHP-S,16934-IIXESFXLJILHKGHP-S
https://www.arbeitsagentur.de/jobsuche/jobdetail/12288-4803103295-S,12288-4803103295-S
https://www.arbeitsagentur.de/jobsuche/jobdetail/10001-1003041045-S,10001-1003041045-S
https://www.arbeitsagentur.de/jobsuche/jobdetail/18008-cea3d0d65d8a57e7-S,18008-cea3d0d65d8a57e7-S
https://www.arbeitsagentur.de/jobsuche/jobdetail/15631-AD97YKKP66DF3K0M-S,15631-AD97YKKP66DF3K0M-S
https://www.arbeitsagentur.de/jobsuche/jobdetail/10001-1003040351-S,10001-1003040351-S
https://www.arbeitsagentur.de/jobsuche/jobdetail/10001-1003039132-S,10001-1003039132-S
https://www.arbeitsagentur.de/jobsuche/jobdetail/10001-1003042803-S,10001-1003042803-S
https://www.arbeitsagentur.de/jobsuche/jobdetail/12811-2248525-S,12811-2248525-S
https://www.arbeitsagentur.de/jobsuche/jobdetail/20730-2248792-S,20730-2248792-S
https://www.arbeitsagentur.de/jobsuche/jobdetail/13356-105550A47709C8-S,13356-105550A47709C8-S
https://www.arbeitsagentur.de/jobsuche/jobdetail/10001-1003036844-S,10001-1003036844-S
https://www.arbeitsagentur.de/jobsuche/jobdetail/18024-100aR0001BP3H-S,18024-100aR0001BP3H-S
https://www.arbeitsagentur.de/jobsuche/jobdetail/11868-13742544-S,11868-13742544-S
https://www.arbeitsagentur.de/jobsuche/jobdetail/11949-17216737-S,11949-17216737-S
https://www.arbeitsagentur.de/jobsuche/jobdetail/10000-1198068963-S,10000-1198068963-S
https://www.arbeitsagentur.de/jobsuche/jobdetail/11949-17215827-S,11949-17215827-S
https://www.arbeitsagentur.de/jobsuche/jobdetail/14751-373A95540-S,14751-373A95540-S
https://www.arbeitsagentur.de/jobsuche/jobdetail/12811-2248488-S,12811-2248488-S
https://www.arbeitsagentur.de/jobsuche/jobdetail/12585-k10565.16208-S,12585-k10565.16208-S
https://www.arbeitsagentur.de/jobsuche/jobdetail/10001-1003041996-S,10001-1003041996-S
https://www.arbeitsagentur.de/jobsuche/jobdetail/10001-1003035622-S,10001-1003035622-S
https://www.arbeitsagentur.de/jobsuche/jobdetail/14751-70A22016-S,14751-70A22016-S
https://www.arbeitsagentur.de/jobsuche/jobdetail/16925-OFJ7GFP0ZZS89WXQ-S,16925-OFJ7GFP0ZZS89WXQ-S
https://www.arbeitsagentur.de/jobsuche/jobdetail/10000-1206438941-S,10000-1206438941-S
https://www.arbeitsagentur.de/jobsuche/jobdetail/10001-1003040654-S,10001-1003040654-S
https://www.arbeitsagentur.de/jobsuche/jobdetail/16547-LU5K4ZPP83XODIMO-S,16547-LU5K4ZPP83XODIMO-S
https://www.arbeitsagentur.de/jobsuche/jobdetail/12288-4804133336-S,12288-4804133336-S
https://www.arbeitsagentur.de/jobsuche/jobdetail/10000-1206413663-S,10000-1206413663-S
https://www.arbeitsagentur.de/jobsuche/jobdetail/11864-S0FLUMG9YBT4H2Q1-S,11864-S0FLUMG9YBT4H2Q1-S
https://www.arbeitsagentur.de/jobsuche/jobdetail/13356-105555A47274C9-S,13356-105555A47274C9-S
https://www.arbeitsagentur.de/jobsuche/jobdetail/18024-100PJ000VT40M-S,18024-100PJ000VT40M-S
https://www.arbeitsagentur.de/jobsuche/jobdetail/10001-1003041102-S,10001-1003041102-S
https://www.arbeitsagentur.de/jobsuche/jobdetail/10001-1003036760-S,10001-1003036760-S
https://www.arbeitsagentur.de/jobsuche/jobdetail/10000-1206444534-S,10000-1206444534-S
https://www.arbeitsagentur.de/jobsuche/jobdetail/12811-2248558-S,12811-2248558-S
https://www.arbeitsagentur.de/jobsuche/jobdetail/10001-1003038625-S,10001-1003038625-S
https://www.arbeitsagentur.de/jobsuche/jobdetail/17803-260507173152-AH1403-S,17803-260507173152-AH1403-S
https://www.arbeitsagentur.de/jobsuche/jobdetail/16986-JOB-116152-S,16986-JOB-116152-S
https://www.arbeitsagentur.de/jobsuche/jobdetail/10001-1003036808-S,10001-1003036808-S
https://www.arbeitsagentur.de/jobsuche/jobdetail/11949-17215987-S,11949-17215987-S
https://www.arbeitsagentur.de/jobsuche/jobdetail/17803-260506171017-ER1305-S,17803-260506171017-ER1305-S
https://www.arbeitsagentur.de/jobsuche/jobdetail/14751-373A97251-S,14751-373A97251-S
https://www.arbeitsagentur.de/jobsuche/jobdetail/12287-JOB-491674-S,12287-JOB-491674-S
https://www.arbeitsagentur.de/jobsuche/jobdetail/16925-SNIVO09OA5MWTMZ4-S,16925-SNIVO09OA5MWTMZ4-S
https://www.arbeitsagentur.de/jobsuche/jobdetail/15639-458621199-S,15639-458621199-S
https://www.arbeitsagentur.de/jobsuche/jobdetail/12739-V3LI2AUD2D9DNH3Z-S,12739-V3LI2AUD2D9DNH3Z-S
https://www.arbeitsagentur.de/jobsuche/jobdetail/10001-1003042372-S,10001-1003042372-S
https://www.arbeitsagentur.de/jobsuche/jobdetail/10001-1003041838-S,10001-1003041838-S
https://www.arbeitsagentur.de/jobsuche/jobdetail/11949-17216360-S,11949-17216360-S
https://www.arbeitsagentur.de/jobsuche/jobdetail/12288-4803119117-S,12288-4803119117-S
https://www.arbeitsagentur.de/jobsuche/jobdetail/15937-k55805.115280-S,15937-k55805.115280-S
https://www.arbeitsagentur.de/jobsuche/jobdetail/12811-2249264-S,12811-2249264-S
https://www.arbeitsagentur.de/jobsuche/jobdetail/10001-1003040689-S,10001-1003040689-S
https://www.arbeitsagentur.de/jobsuche/jobdetail/18024-100PJ000MWY0h-S,18024-100PJ000MWY0h-S
https://www.arbeitsagentur.de/jobsuche/jobdetail/14613-17xbx9yroz-S,14613-17xbx9yroz-S
https://www.arbeitsagentur.de/jobsuche/jobdetail/10001-1003037482-S,10001-1003037482-S
https://www.arbeitsagentur.de/jobsuche/jobdetail/11864-X7PQO0UT2RNCMBET-S,11864-X7PQO0UT2RNCMBET-S
https://www.arbeitsagentur.de/jobsuche/jobdetail/19860-NFJESHDPBZN8QLVX-S,19860-NFJESHDPBZN8QLVX-S
https://www.arbeitsagentur.de/jobsuche/jobdetail/11081-10IL9RNUTNNGLGM3-S,11081-10IL9RNUTNNGLGM3-S
https://www.arbeitsagentur.de/jobsuche/jobdetail/10001-1003043263-S,10001-1003043263-S
https://www.arbeitsagentur.de/jobsuche/jobdetail/12122-209153-1770910-0-S,12122-209153-1770910-0-S
https://www.arbeitsagentur.de/jobsuche/jobdetail/12147-20260506219313-S,12147-20260506219313-S
https://www.arbeitsagentur.de/jobsuche/jobdetail/12632-eeeba89d_JB5140354-S,12632-eeeba89d_JB5140354-S
https://www.arbeitsagentur.de/jobsuche/jobdetail/13356-101861A47714C8-S,13356-101861A47714C8-S
https://www.arbeitsagentur.de/jobsuche/jobdetail/12456-1571330-1-S,12456-1571330-1-S
https://www.arbeitsagentur.de/jobsuche/jobdetail/10000-1206445639-S,10000-1206445639-S
https://www.arbeitsagentur.de/jobsuche/jobdetail/11949-17215465-S,11949-17215465-S
https://www.arbeitsagentur.de/jobsuche/jobdetail/11119-4802996510-S,11119-4802996510-S
https://www.arbeitsagentur.de/jobsuche/jobdetail/12634-BB-640785-7878-5070-S,12634-BB-640785-7878-5070-S
https://www.arbeitsagentur.de/jobsuche/jobdetail/10001-1003039885-S,10001-1003039885-S
https://www.arbeitsagentur.de/jobsuche/jobdetail/12513-0007639482-S,12513-0007639482-S
https://www.arbeitsagentur.de/jobsuche/jobdetail/11949-17215878-S,11949-17215878-S
https://www.arbeitsagentur.de/jobsuche/jobdetail/10000-1206448137-S,10000-1206448137-S
https://www.arbeitsagentur.de/jobsuche/jobdetail/17803-260507173008-ER1417-S,17803-260507173008-ER1417-S
https://www.arbeitsagentur.de/jobsuche/jobdetail/17803-260507172901-PS1412-S,17803-260507172901-PS1412-S
https://www.arbeitsagentur.de/jobsuche/jobdetail/11119-4791109826-S,11119-4791109826-S
https://www.arbeitsagentur.de/jobsuche/jobdetail/11081-JO949Z653Q7RVGT1-S,11081-JO949Z653Q7RVGT1-S
https://www.arbeitsagentur.de/jobsuche/jobdetail/10001-1003037326-S,10001-1003037326-S
https://www.arbeitsagentur.de/jobsuche/jobdetail/17803-0P23RBK927QTWDUF-S,17803-0P23RBK927QTWDUF-S
https://www.arbeitsagentur.de/jobsuche/jobdetail/10000-1206445036-S,10000-1206445036-S
https://www.arbeitsagentur.de/jobsuche/jobdetail/13635-bce23af2_JB5140109-S,13635-bce23af2_JB5140109-S
https://www.arbeitsagentur.de/jobsuche/jobdetail/11949-17215249-S,11949-17215249-S
https://www.arbeitsagentur.de/jobsuche/jobdetail/16977-2249249-S,16977-2249249-S
https://www.arbeitsagentur.de/jobsuche/jobdetail/14751-62A117745-S,14751-62A117745-S
https://www.arbeitsagentur.de/jobsuche/jobdetail/13800-5UNC6JIKHL8N8HGJ-S,13800-5UNC6JIKHL8N8HGJ-S
https://www.arbeitsagentur.de/jobsuche/jobdetail/18024-1002X000QPd0Y-S,18024-1002X000QPd0Y-S
https://www.arbeitsagentur.de/jobsuche/jobdetail/14751-70A22064-S,14751-70A22064-S
https://www.arbeitsagentur.de/jobsuche/jobdetail/16291-6c940aef400c4b4-S,16291-6c940aef400c4b4-S
https://www.arbeitsagentur.de/jobsuche/jobdetail/14751-437A276-S,14751-437A276-S
https://www.arbeitsagentur.de/jobsuche/jobdetail/10001-1003040579-S,10001-1003040579-S
https://www.arbeitsagentur.de/jobsuche/jobdetail/11949-17214520-S,11949-17214520-S
https://www.arbeitsagentur.de/jobsuche/jobdetail/14751-437A356-S,14751-437A356-S
https://www.arbeitsagentur.de/jobsuche/jobdetail/12362-2026-499_609603LS-S,12362-2026-499_609603LS-S
https://www.arbeitsagentur.de/jobsuche/jobdetail/16185-EHYKDUFJ6KTLD1AS-S,16185-EHYKDUFJ6KTLD1AS-S
https://www.arbeitsagentur.de/jobsuche/jobdetail/16819-0c204b77324bd3ce-S,16819-0c204b77324bd3ce-S
https://www.arbeitsagentur.de/jobsuche/jobdetail/13356-105555A47161C12-S,13356-105555A47161C12-S
https://www.arbeitsagentur.de/jobsuche/jobdetail/17803-260506170951-OA1301-S,17803-260506170951-OA1301-S
https://www.arbeitsagentur.de/jobsuche/jobdetail/12634-BB-640790-7878-9150-S,12634-BB-640790-7878-9150-S
https://www.arbeitsagentur.de/jobsuche/jobdetail/10001-1003038935-S,10001-1003038935-S
https://www.arbeitsagentur.de/jobsuche/jobdetail/15967-000882003c9001-S,15967-000882003c9001-S
https://www.arbeitsagentur.de/jobsuche/jobdetail/12465-1571149-1-S,12465-1571149-1-S
https://www.arbeitsagentur.de/jobsuche/jobdetail/10001-1003037061-S,10001-1003037061-S
https://www.arbeitsagentur.de/jobsuche/jobdetail/10000-1206434791-S,10000-1206434791-S
https://www.arbeitsagentur.de/jobsuche/jobdetail/15937-k55805.115299-S,15937-k55805.115299-S
https://www.arbeitsagentur.de/jobsuche/jobdetail/20263-2249395-S,20263-2249395-S
https://www.arbeitsagentur.de/jobsuche/jobdetail/14603-13742740-S,14603-13742740-S
https://www.arbeitsagentur.de/jobsuche/jobdetail/16590-TCV9002ZG7RKNBGZ-S,16590-TCV9002ZG7RKNBGZ-S
https://www.arbeitsagentur.de/jobsuche/jobdetail/16547-1NWOI848AWKBC0FN-S,16547-1NWOI848AWKBC0FN-S
https://www.arbeitsagentur.de/jobsuche/jobdetail/10001-1003035486-S,10001-1003035486-S
https://www.arbeitsagentur.de/jobsuche/jobdetail/14792-PHMTMBLGLY4FH0CY-S,14792-PHMTMBLGLY4FH0CY-S
https://www.arbeitsagentur.de/jobsuche/jobdetail/10001-1003042555-S,10001-1003042555-S
https://www.arbeitsagentur.de/jobsuche/jobdetail/16185-L76LN4KJPFO73HUA-S,16185-L76LN4KJPFO73HUA-S
https://www.arbeitsagentur.de/jobsuche/jobdetail/10001-1003038455-S,10001-1003038455-S
https://www.arbeitsagentur.de/jobsuche/jobdetail/11119-4792429458-S,11119-4792429458-S
https://www.arbeitsagentur.de/jobsuche/jobdetail/13405-EKBL57M2C0P46MF5-S,13405-EKBL57M2C0P46MF5-S
https://www.arbeitsagentur.de/jobsuche/jobdetail/14795-66949_118930-S,14795-66949_118930-S
https://www.arbeitsagentur.de/jobsuche/jobdetail/13635-22166799_JB5140432-S,13635-22166799_JB5140432-S
https://www.arbeitsagentur.de/jobsuche/jobdetail/10000-1206438221-S,10000-1206438221-S
https://www.arbeitsagentur.de/jobsuche/jobdetail/10000-1206448620-S,10000-1206448620-S
https://www.arbeitsagentur.de/jobsuche/jobdetail/12054-UR784BIBXQGJO9HU-S,12054-UR784BIBXQGJO9HU-S
https://www.arbeitsagentur.de/jobsuche/jobdetail/10001-1003042375-S,10001-1003042375-S
https://www.arbeitsagentur.de/jobsuche/jobdetail/12826-SA0137584_JB5140774-S,12826-SA0137584_JB5140774-S
https://www.arbeitsagentur.de/jobsuche/jobdetail/10000-1206438407-S,10000-1206438407-S
https://www.arbeitsagentur.de/jobsuche/jobdetail/16185-6DXX3R73TXGYVF32-S,16185-6DXX3R73TXGYVF32-S
https://www.arbeitsagentur.de/jobsuche/jobdetail/11081-2VEIOERQI1FCHHTM-S,11081-2VEIOERQI1FCHHTM-S
https://www.arbeitsagentur.de/jobsuche/jobdetail/10001-1003042601-S,10001-1003042601-S
https://www.arbeitsagentur.de/jobsuche/jobdetail/14751-373A95799-S,14751-373A95799-S
https://www.arbeitsagentur.de/jobsuche/jobdetail/10001-1003033761-S,10001-1003033761-S
https://www.arbeitsagentur.de/jobsuche/jobdetail/13999-k53401.30935-S,13999-k53401.30935-S
https://www.arbeitsagentur.de/jobsuche/jobdetail/14048-d600f2973336d2da-S,14048-d600f2973336d2da-S
https://www.arbeitsagentur.de/jobsuche/jobdetail/11949-17213557-S,11949-17213557-S
https://www.arbeitsagentur.de/jobsuche/jobdetail/18248-SL6H1TSTPT7M7NVD-S,18248-SL6H1TSTPT7M7NVD-S
https://www.arbeitsagentur.de/jobsuche/jobdetail/10000-1206444212-S,10000-1206444212-S
https://www.arbeitsagentur.de/jobsuche/jobdetail/11119-4791111217-S,11119-4791111217-S
https://www.arbeitsagentur.de/jobsuche/jobdetail/18024-100BR0003Xd0G-S,18024-100BR0003Xd0G-S
https://www.arbeitsagentur.de/jobsuche/jobdetail/16177-101967_JB5140501-S,16177-101967_JB5140501-S
https://www.arbeitsagentur.de/jobsuche/jobdetail/10000-1206430997-S,10000-1206430997-S
https://www.arbeitsagentur.de/jobsuche/jobdetail/13398-k12330.30214-S,13398-k12330.30214-S
https://www.arbeitsagentur.de/jobsuche/jobdetail/10000-1206442748-S,10000-1206442748-S
https://www.arbeitsagentur.de/jobsuche/jobdetail/11949-17215593-S,11949-17215593-S
https://www.arbeitsagentur.de/jobsuche/jobdetail/19466-4804120471-S,19466-4804120471-S
https://www.arbeitsagentur.de/jobsuche/jobdetail/13356-102639A37761C35-S,13356-102639A37761C35-S
https://www.arbeitsagentur.de/jobsuche/jobdetail/14076-BB-13156-7878-47618-S,14076-BB-13156-7878-47618-S
https://www.arbeitsagentur.de/jobsuche/jobdetail/10001-1003042247-S,10001-1003042247-S
https://www.arbeitsagentur.de/jobsuche/jobdetail/10001-1003042679-S,10001-1003042679-S
https://www.arbeitsagentur.de/jobsuche/jobdetail/10000-1206412539-S,10000-1206412539-S
https://www.arbeitsagentur.de/jobsuche/jobdetail/16967-k58864.1611-S,16967-k58864.1611-S
https://www.arbeitsagentur.de/jobsuche/jobdetail/17803-260507172901-PS1424-S,17803-260507172901-PS1424-S
https://www.arbeitsagentur.de/jobsuche/jobdetail/11081-DNWI0XH7129I4AWB-S,11081-DNWI0XH7129I4AWB-S
https://www.arbeitsagentur.de/jobsuche/jobdetail/14751-62A117750-S,14751-62A117750-S
https://www.arbeitsagentur.de/jobsuche/jobdetail/12811-2248606-S,12811-2248606-S
https://www.arbeitsagentur.de/jobsuche/jobdetail/14722-3ANWUR83ZBWAJLOE-S,14722-3ANWUR83ZBWAJLOE-S
https://www.arbeitsagentur.de/jobsuche/jobdetail/10001-1003043173-S,10001-1003043173-S
https://www.arbeitsagentur.de/jobsuche/jobdetail/10001-1003035782-S,10001-1003035782-S
https://www.arbeitsagentur.de/jobsuche/jobdetail/12704-RA5D2IC021Y16VFU-S,12704-RA5D2IC021Y16VFU-S
https://www.arbeitsagentur.de/jobsuche/jobdetail/10001-1003040179-S,10001-1003040179-S
https://www.arbeitsagentur.de/jobsuche/jobdetail/10001-1003034811-S,10001-1003034811-S
https://www.arbeitsagentur.de/jobsuche/jobdetail/10000-1206449230-S,10000-1206449230-S
https://www.arbeitsagentur.de/jobsuche/jobdetail/11949-17215397-S,11949-17215397-S
https://www.arbeitsagentur.de/jobsuche/jobdetail/11119-4804186348-S,11119-4804186348-S
https://www.arbeitsagentur.de/jobsuche/jobdetail/10000-1206430649-S,10000-1206430649-S
https://www.arbeitsagentur.de/jobsuche/jobdetail/10001-1003041092-S,10001-1003041092-S
https://www.arbeitsagentur.de/jobsuche/jobdetail/12811-2249210-S,12811-2249210-S
https://www.arbeitsagentur.de/jobsuche/jobdetail/11119-4804226193-S,11119-4804226193-S
https://www.arbeitsagentur.de/jobsuche/jobdetail/14751-437A339-S,14751-437A339-S
https://www.arbeitsagentur.de/jobsuche/jobdetail/13247-23906-61234165430-0-S,13247-23906-61234165430-0-S
https://www.arbeitsagentur.de/jobsuche/jobdetail/10001-1003042893-S,10001-1003042893-S
https://www.arbeitsagentur.de/jobsuche/jobdetail/18970-5bfbe8acbfcd1618-S,18970-5bfbe8acbfcd1618-S
https://www.arbeitsagentur.de/jobsuche/jobdetail/13356-104240A43240C24-S,13356-104240A43240C24-S
https://www.arbeitsagentur.de/jobsuche/jobdetail/16963-REF263K-7843273248-S,16963-REF263K-7843273248-S
https://www.arbeitsagentur.de/jobsuche/jobdetail/11119-4804123556-S,11119-4804123556-S
https://www.arbeitsagentur.de/jobsuche/jobdetail/10001-1003042082-S,10001-1003042082-S
https://www.arbeitsagentur.de/jobsuche/jobdetail/14722-UKVUQQHFQI09K1L3-S,14722-UKVUQQHFQI09K1L3-S
https://www.arbeitsagentur.de/jobsuche/jobdetail/10001-1003036515-S,10001-1003036515-S
https://www.arbeitsagentur.de/jobsuche/jobdetail/12288-4804126197-S,12288-4804126197-S
https://www.arbeitsagentur.de/jobsuche/jobdetail/11081-HJM6CUOV7KD69LYF-S,11081-HJM6CUOV7KD69LYF-S
https://www.arbeitsagentur.de/jobsuche/jobdetail/10001-1003041009-S,10001-1003041009-S
https://www.arbeitsagentur.de/jobsuche/jobdetail/10001-1003038112-S,10001-1003038112-S
https://www.arbeitsagentur.de/jobsuche/jobdetail/10001-1003042397-S,10001-1003042397-S
https://www.arbeitsagentur.de/jobsuche/jobdetail/14751-70A22063-S,14751-70A22063-S
https://www.arbeitsagentur.de/jobsuche/jobdetail/10000-1206437841-S,10000-1206437841-S
https://www.arbeitsagentur.de/jobsuche/jobdetail/12608-1401835-54663-1-S,12608-1401835-54663-1-S
https://www.arbeitsagentur.de/jobsuche/jobdetail/13999-k53401.30939-S,13999-k53401.30939-S
https://www.arbeitsagentur.de/jobsuche/jobdetail/12122-209168-1770901-0-S,12122-209168-1770901-0-S
https://www.arbeitsagentur.de/jobsuche/jobdetail/12032-RD28GA253-S,12032-RD28GA253-S
https://www.arbeitsagentur.de/jobsuche/jobdetail/10001-1003040498-S,10001-1003040498-S
https://www.arbeitsagentur.de/jobsuche/jobdetail/12288-4803122859-S,12288-4803122859-S
https://www.arbeitsagentur.de/jobsuche/jobdetail/10001-1003037360-S,10001-1003037360-S
https://www.arbeitsagentur.de/jobsuche/jobdetail/11119-4804148260-S,11119-4804148260-S
https://www.arbeitsagentur.de/jobsuche/jobdetail/12608-1401793-11252-1-S,12608-1401793-11252-1-S
https://www.arbeitsagentur.de/jobsuche/jobdetail/14751-62A117710-S,14751-62A117710-S
https://www.arbeitsagentur.de/jobsuche/jobdetail/12456-1571323-1-S,12456-1571323-1-S
https://www.arbeitsagentur.de/jobsuche/jobdetail/16575-k58251.1903-S,16575-k58251.1903-S
https://www.arbeitsagentur.de/jobsuche/jobdetail/12811-2249204-S,12811-2249204-S
https://www.arbeitsagentur.de/jobsuche/jobdetail/11949-17215184-S,11949-17215184-S
https://www.arbeitsagentur.de/jobsuche/jobdetail/17592-9e9bc8600e3d416-S,17592-9e9bc8600e3d416-S
https://www.arbeitsagentur.de/jobsuche/jobdetail/10000-1206441872-S,10000-1206441872-S
https://www.arbeitsagentur.de/jobsuche/jobdetail/12811-2249228-S,12811-2249228-S
https://www.arbeitsagentur.de/jobsuche/jobdetail/14340-458585278-S,14340-458585278-S
https://www.arbeitsagentur.de/jobsuche/jobdetail/11112-223-1770939-0-S,11112-223-1770939-0-S
https://www.arbeitsagentur.de/jobsuche/jobdetail/14385-449-2565452-26-S,14385-449-2565452-26-S
https://www.arbeitsagentur.de/jobsuche/jobdetail/14076-BB-13167-7878-24179-S,14076-BB-13167-7878-24179-S
https://www.arbeitsagentur.de/jobsuche/jobdetail/14048-e3488db98de54ca3-S,14048-e3488db98de54ca3-S
https://www.arbeitsagentur.de/jobsuche/jobdetail/12288-4803142463-S,12288-4803142463-S
https://www.arbeitsagentur.de/jobsuche/jobdetail/10001-1003034322-S,10001-1003034322-S
https://www.arbeitsagentur.de/jobsuche/jobdetail/14792-AHWO97QJXQITCXT0-S,14792-AHWO97QJXQITCXT0-S
https://www.arbeitsagentur.de/jobsuche/jobdetail/15627-202605072875-S,15627-202605072875-S
https://www.arbeitsagentur.de/jobsuche/jobdetail/12733-SEP4SFYWC53DXPQP-S,12733-SEP4SFYWC53DXPQP-S
https://www.arbeitsagentur.de/jobsuche/jobdetail/10001-1002564496-S,10001-1002564496-S
https://www.arbeitsagentur.de/jobsuche/jobdetail/11949-17216618-S,11949-17216618-S
https://www.arbeitsagentur.de/jobsuche/jobdetail/17560-e3ee4ee9f95a4af-S,17560-e3ee4ee9f95a4af-S
https://www.arbeitsagentur.de/jobsuche/jobdetail/10001-1003042047-S,10001-1003042047-S
https://www.arbeitsagentur.de/jobsuche/jobdetail/11949-17215106-S,11949-17215106-S
https://www.arbeitsagentur.de/jobsuche/jobdetail/12826-SA0135389_JB5140621-S,12826-SA0135389_JB5140621-S
https://www.arbeitsagentur.de/jobsuche/jobdetail/11119-4801679878-S,11119-4801679878-S
https://www.arbeitsagentur.de/jobsuche/jobdetail/11949-17215626-S,11949-17215626-S
https://www.arbeitsagentur.de/jobsuche/jobdetail/11864-SCZZ5MB2BQ82YZ1I-S,11864-SCZZ5MB2BQ82YZ1I-S
https://www.arbeitsagentur.de/jobsuche/jobdetail/10001-1003040585-S,10001-1003040585-S
https://www.arbeitsagentur.de/jobsuche/jobdetail/12811-2248861-S,12811-2248861-S
https://www.arbeitsagentur.de/jobsuche/jobdetail/11949-17214420-S,11949-17214420-S
https://www.arbeitsagentur.de/jobsuche/jobdetail/10001-1003039542-S,10001-1003039542-S
https://www.arbeitsagentur.de/jobsuche/jobdetail/11081-DLFO2P2GFOZH6D3V-S,11081-DLFO2P2GFOZH6D3V-S
https://www.arbeitsagentur.de/jobsuche/jobdetail/10000-1206448124-S,10000-1206448124-S
https://www.arbeitsagentur.de/jobsuche/jobdetail/12704-DM6TOPG4T9SIPBM3-S,12704-DM6TOPG4T9SIPBM3-S
https://www.arbeitsagentur.de/jobsuche/jobdetail/10001-1003038236-S,10001-1003038236-S
https://www.arbeitsagentur.de/jobsuche/jobdetail/12086-O8IOVSCWKBJX0RDS-S,12086-O8IOVSCWKBJX0RDS-S
https://www.arbeitsagentur.de/jobsuche/jobdetail/11949-17214638-S,11949-17214638-S
https://www.arbeitsagentur.de/jobsuche/jobdetail/10000-1206448820-S,10000-1206448820-S
https://www.arbeitsagentur.de/jobsuche/jobdetail/10000-1206428754-S,10000-1206428754-S
https://www.arbeitsagentur.de/jobsuche/jobdetail/10001-1003029988-S,10001-1003029988-S
https://www.arbeitsagentur.de/jobsuche/jobdetail/15939-BB-633662-7878-7344-S,15939-BB-633662-7878-7344-S
https://www.arbeitsagentur.de/jobsuche/jobdetail/16144-944314722-S,16144-944314722-S
https://www.arbeitsagentur.de/jobsuche/jobdetail/11081-JUEC26IAHNNNJ62P-S,11081-JUEC26IAHNNNJ62P-S
https://www.arbeitsagentur.de/jobsuche/jobdetail/10000-1206434815-S,10000-1206434815-S
https://www.arbeitsagentur.de/jobsuche/jobdetail/14343-2248848-S,14343-2248848-S
https://www.arbeitsagentur.de/jobsuche/jobdetail/11949-17216057-S,11949-17216057-S
https://www.arbeitsagentur.de/jobsuche/jobdetail/12811-2249099-S,12811-2249099-S
https://www.arbeitsagentur.de/jobsuche/jobdetail/10001-1003037456-S,10001-1003037456-S
https://www.arbeitsagentur.de/jobsuche/jobdetail/10000-1206444028-S,10000-1206444028-S
https://www.arbeitsagentur.de/jobsuche/jobdetail/14751-373A96177-S,14751-373A96177-S
https://www.arbeitsagentur.de/jobsuche/jobdetail/10000-1206412018-S,10000-1206412018-S
https://www.arbeitsagentur.de/jobsuche/jobdetail/10000-1206419686-S,10000-1206419686-S
https://www.arbeitsagentur.de/jobsuche/jobdetail/13635-3a41a626_JB5140125-S,13635-3a41a626_JB5140125-S
https://www.arbeitsagentur.de/jobsuche/jobdetail/10000-1206448054-S,10000-1206448054-S
https://www.arbeitsagentur.de/jobsuche/jobdetail/10001-1003040961-S,10001-1003040961-S
https://www.arbeitsagentur.de/jobsuche/jobdetail/10001-1003043203-S,10001-1003043203-S
https://www.arbeitsagentur.de/jobsuche/jobdetail/14385-431-2565431-26-S,14385-431-2565431-26-S
https://www.arbeitsagentur.de/jobsuche/jobdetail/11949-17214432-S,11949-17214432-S
https://www.arbeitsagentur.de/jobsuche/jobdetail/12288-4803159688-S,12288-4803159688-S
https://www.arbeitsagentur.de/jobsuche/jobdetail/10000-1206439178-S,10000-1206439178-S
https://www.arbeitsagentur.de/jobsuche/jobdetail/10001-1003033199-S,10001-1003033199-S
https://www.arbeitsagentur.de/jobsuche/jobdetail/10001-1003036867-S,10001-1003036867-S
https://www.arbeitsagentur.de/jobsuche/jobdetail/10001-1003040367-S,10001-1003040367-S
https://www.arbeitsagentur.de/jobsuche/jobdetail/14751-296A1028-S,14751-296A1028-S
https://www.arbeitsagentur.de/jobsuche/jobdetail/11119-4804183841-S,11119-4804183841-S
https://www.arbeitsagentur.de/jobsuche/jobdetail/10001-1003040146-S,10001-1003040146-S
https://www.arbeitsagentur.de/jobsuche/jobdetail/18024-100PJ000VVt0G-S,18024-100PJ000VVt0G-S
https://www.arbeitsagentur.de/jobsuche/jobdetail/14087-SO495Q0J1ZEGJR8E-S,14087-SO495Q0J1ZEGJR8E-S
https://www.arbeitsagentur.de/jobsuche/jobdetail/10001-1003040705-S,10001-1003040705-S
https://www.arbeitsagentur.de/jobsuche/jobdetail/13465-00021a64962001-S,13465-00021a64962001-S
https://www.arbeitsagentur.de/jobsuche/jobdetail/14722-07CU8B557XVTR39L-S,14722-07CU8B557XVTR39L-S
https://www.arbeitsagentur.de/jobsuche/jobdetail/12122-209134-1770926-0-S,12122-209134-1770926-0-S
https://www.arbeitsagentur.de/jobsuche/jobdetail/10001-1003040209-S,10001-1003040209-S
https://www.arbeitsagentur.de/jobsuche/jobdetail/18914-GCITHGXQSYY3PMYQ-S,18914-GCITHGXQSYY3PMYQ-S
https://www.arbeitsagentur.de/jobsuche/jobdetail/17560-afd7c3dba17d4df-S,17560-afd7c3dba17d4df-S
https://www.arbeitsagentur.de/jobsuche/jobdetail/10001-1003042328-S,10001-1003042328-S
https://www.arbeitsagentur.de/jobsuche/jobdetail/14795-67090_118791-S,14795-67090_118791-S
https://www.arbeitsagentur.de/jobsuche/jobdetail/10001-1003038845-S,10001-1003038845-S
https://www.arbeitsagentur.de/jobsuche/jobdetail/10001-1003034992-S,10001-1003034992-S
https://www.arbeitsagentur.de/jobsuche/jobdetail/16963-REF329N-4444406248-S,16963-REF329N-4444406248-S
https://www.arbeitsagentur.de/jobsuche/jobdetail/14087-I1MBCQJMV646I97N-S,14087-I1MBCQJMV646I97N-S
https://www.arbeitsagentur.de/jobsuche/jobdetail/13356-105555A43230C24-S,13356-105555A43230C24-S
https://www.arbeitsagentur.de/jobsuche/jobdetail/20632-D3E4344B3FD0A1302EA-S,20632-D3E4344B3FD0A1302EA-S
https://www.arbeitsagentur.de/jobsuche/jobdetail/14751-62A117743-S,14751-62A117743-S
https://www.arbeitsagentur.de/jobsuche/jobdetail/14751-373A94777-S,14751-373A94777-S
https://www.arbeitsagentur.de/jobsuche/jobdetail/11949-17216237-S,11949-17216237-S
https://www.arbeitsagentur.de/jobsuche/jobdetail/14751-373A97246-S,14751-373A97246-S
https://www.arbeitsagentur.de/jobsuche/jobdetail/12608-1401781-28046-1-S,12608-1401781-28046-1-S
https://www.arbeitsagentur.de/jobsuche/jobdetail/13635-js_sig_1_JB5140506-S,13635-js_sig_1_JB5140506-S
https://www.arbeitsagentur.de/jobsuche/jobdetail/11112-3428-1770829-0-S,11112-3428-1770829-0-S
https://www.arbeitsagentur.de/jobsuche/jobdetail/13465-00021a64956001-S,13465-00021a64956001-S
https://www.arbeitsagentur.de/jobsuche/jobdetail/11119-4804154552-S,11119-4804154552-S
https://www.arbeitsagentur.de/jobsuche/jobdetail/11949-17215734-S,11949-17215734-S
https://www.arbeitsagentur.de/jobsuche/jobdetail/13669-PASHPJT322UV9NVO-S,13669-PASHPJT322UV9NVO-S
https://www.arbeitsagentur.de/jobsuche/jobdetail/11849-P2095262-1-S,11849-P2095262-1-S
https://www.arbeitsagentur.de/jobsuche/jobdetail/10000-1206446881-S,10000-1206446881-S
https://www.arbeitsagentur.de/jobsuche/jobdetail/15428-SZZ5FVB6YNXJUJHQ-S,15428-SZZ5FVB6YNXJUJHQ-S
https://www.arbeitsagentur.de/jobsuche/jobdetail/10001-1003042998-S,10001-1003042998-S
https://www.arbeitsagentur.de/jobsuche/jobdetail/12288-4803117483-S,12288-4803117483-S
https://www.arbeitsagentur.de/jobsuche/jobdetail/13635-670cdc40_JB5140403-S,13635-670cdc40_JB5140403-S
https://www.arbeitsagentur.de/jobsuche/jobdetail/10000-1206450757-S,10000-1206450757-S
https://www.arbeitsagentur.de/jobsuche/jobdetail/10001-1003040679-S,10001-1003040679-S
https://www.arbeitsagentur.de/jobsuche/jobdetail/10001-1003036804-S,10001-1003036804-S
https://www.arbeitsagentur.de/jobsuche/jobdetail/10001-1003043154-S,10001-1003043154-S
https://www.arbeitsagentur.de/jobsuche/jobdetail/13356-906860A23676C2-S,13356-906860A23676C2-S
https://www.arbeitsagentur.de/jobsuche/jobdetail/13635-4c5a46e4_JB5141176-S,13635-4c5a46e4_JB5141176-S
https://www.arbeitsagentur.de/jobsuche/jobdetail/14087-A1N78VAKLTU9CZCM-S,14087-A1N78VAKLTU9CZCM-S
https://www.arbeitsagentur.de/jobsuche/jobdetail/12122-209175-1770952-0-S,12122-209175-1770952-0-S
https://www.arbeitsagentur.de/jobsuche/jobdetail/11949-17213889-S,11949-17213889-S
https://www.arbeitsagentur.de/jobsuche/jobdetail/10000-1206443340-S,10000-1206443340-S
https://www.arbeitsagentur.de/jobsuche/jobdetail/14751-373A97243-S,14751-373A97243-S
https://www.arbeitsagentur.de/jobsuche/jobdetail/10001-1003037824-S,10001-1003037824-S
https://www.arbeitsagentur.de/jobsuche/jobdetail/12967-0002_00111299-S,12967-0002_00111299-S
https://www.arbeitsagentur.de/jobsuche/jobdetail/17803-260507173118-HE1411-S,17803-260507173118-HE1411-S
https://www.arbeitsagentur.de/jobsuche/jobdetail/12826-SA0135518_JB5140607-S,12826-SA0135518_JB5140607-S
https://www.arbeitsagentur.de/jobsuche/jobdetail/19246-5iv3h6ogok-S,19246-5iv3h6ogok-S
https://www.arbeitsagentur.de/jobsuche/jobdetail/11949-17215438-S,11949-17215438-S
https://www.arbeitsagentur.de/jobsuche/jobdetail/12730-O6U09V6SGRKCO7S3-S,12730-O6U09V6SGRKCO7S3-S
https://www.arbeitsagentur.de/jobsuche/jobdetail/10001-1003041912-S,10001-1003041912-S
https://www.arbeitsagentur.de/jobsuche/jobdetail/12661-V0L6LF4X07CIUY90-S,12661-V0L6LF4X07CIUY90-S
https://www.arbeitsagentur.de/jobsuche/jobdetail/18024-1002X000QZq00-S,18024-1002X000QZq00-S
https://www.arbeitsagentur.de/jobsuche/jobdetail/10001-1003042547-S,10001-1003042547-S
https://www.arbeitsagentur.de/jobsuche/jobdetail/11112-3329-1770844-0-S,11112-3329-1770844-0-S
https://www.arbeitsagentur.de/jobsuche/jobdetail/10001-1003040937-S,10001-1003040937-S
https://www.arbeitsagentur.de/jobsuche/jobdetail/11864-1ZANCKU124YFDDUA-S,11864-1ZANCKU124YFDDUA-S
https://www.arbeitsagentur.de/jobsuche/jobdetail/10000-1206431589-S,10000-1206431589-S
https://www.arbeitsagentur.de/jobsuche/jobdetail/11949-17213921-S,11949-17213921-S
https://www.arbeitsagentur.de/jobsuche/jobdetail/10001-1003034996-S,10001-1003034996-S
https://www.arbeitsagentur.de/jobsuche/jobdetail/14751-272A540-S,14751-272A540-S
https://www.arbeitsagentur.de/jobsuche/jobdetail/10000-1206434581-S,10000-1206434581-S
https://www.arbeitsagentur.de/jobsuche/jobdetail/11949-17216229-S,11949-17216229-S
https://www.arbeitsagentur.de/jobsuche/jobdetail/17724-KROSHXJ17Y634QVM-S,17724-KROSHXJ17Y634QVM-S
https://www.arbeitsagentur.de/jobsuche/jobdetail/11949-17216693-S,11949-17216693-S
https://www.arbeitsagentur.de/jobsuche/jobdetail/11949-17216381-S,11949-17216381-S
https://www.arbeitsagentur.de/jobsuche/jobdetail/13414-NOKBTC8XZTQL1CUS-S,13414-NOKBTC8XZTQL1CUS-S
https://www.arbeitsagentur.de/jobsuche/jobdetail/10001-1003039480-S,10001-1003039480-S
https://www.arbeitsagentur.de/jobsuche/jobdetail/10000-1206435255-S,10000-1206435255-S
https://www.arbeitsagentur.de/jobsuche/jobdetail/10000-1206394278-S,10000-1206394278-S
https://www.arbeitsagentur.de/jobsuche/jobdetail/14076-BB-13166-7878-55169-S,14076-BB-13166-7878-55169-S
https://www.arbeitsagentur.de/jobsuche/jobdetail/10001-1003037417-S,10001-1003037417-S
https://www.arbeitsagentur.de/jobsuche/jobdetail/15765-S6LITNS1FY9RLXVA-S,15765-S6LITNS1FY9RLXVA-S
https://www.arbeitsagentur.de/jobsuche/jobdetail/11949-17215227-S,11949-17215227-S
https://www.arbeitsagentur.de/jobsuche/jobdetail/10001-1003034825-S,10001-1003034825-S
https://www.arbeitsagentur.de/jobsuche/jobdetail/14795-66479_118865-S,14795-66479_118865-S
https://www.arbeitsagentur.de/jobsuche/jobdetail/20397-4804112251-S,20397-4804112251-S
https://www.arbeitsagentur.de/jobsuche/jobdetail/10000-1206434866-S,10000-1206434866-S
https://www.arbeitsagentur.de/jobsuche/jobdetail/11119-4804140376-S,11119-4804140376-S
https://www.arbeitsagentur.de/jobsuche/jobdetail/20242-4804160969-S,20242-4804160969-S
https://www.arbeitsagentur.de/jobsuche/jobdetail/10000-1206449976-S,10000-1206449976-S
https://www.arbeitsagentur.de/jobsuche/jobdetail/11949-17214937-S,11949-17214937-S
https://www.arbeitsagentur.de/jobsuche/jobdetail/11949-17215060-S,11949-17215060-S
https://www.arbeitsagentur.de/jobsuche/jobdetail/14792-JLWGS3KJLQJFAFT8-S,14792-JLWGS3KJLQJFAFT8-S
https://www.arbeitsagentur.de/jobsuche/jobdetail/12826-SA0137617_JB5141206-S,12826-SA0137617_JB5141206-S
https://www.arbeitsagentur.de/jobsuche/jobdetail/11949-17053251-S,11949-17053251-S
https://www.arbeitsagentur.de/jobsuche/jobdetail/10001-1003042748-S,10001-1003042748-S
https://www.arbeitsagentur.de/jobsuche/jobdetail/11119-4791120831-S,11119-4791120831-S
https://www.arbeitsagentur.de/jobsuche/jobdetail/14795-66436_118838-S,14795-66436_118838-S
https://www.arbeitsagentur.de/jobsuche/jobdetail/12287-JOB-838273-S,12287-JOB-838273-S
https://www.arbeitsagentur.de/jobsuche/jobdetail/12811-2249092-S,12811-2249092-S
https://www.arbeitsagentur.de/jobsuche/jobdetail/13520-0064598268-S,13520-0064598268-S
https://www.arbeitsagentur.de/jobsuche/jobdetail/10001-1003040656-S,10001-1003040656-S
https://www.arbeitsagentur.de/jobsuche/jobdetail/10001-1003039637-S,10001-1003039637-S
https://www.arbeitsagentur.de/jobsuche/jobdetail/10001-1003034037-S,10001-1003034037-S
https://www.arbeitsagentur.de/jobsuche/jobdetail/11119-4803010004-S,11119-4803010004-S
https://www.arbeitsagentur.de/jobsuche/jobdetail/11949-17214436-S,11949-17214436-S
https://www.arbeitsagentur.de/jobsuche/jobdetail/11949-17214801-S,11949-17214801-S
https://www.arbeitsagentur.de/jobsuche/jobdetail/13465-00021a64952001-S,13465-00021a64952001-S
https://www.arbeitsagentur.de/jobsuche/jobdetail/10001-1003043172-S,10001-1003043172-S
https://www.arbeitsagentur.de/jobsuche/jobdetail/10000-1206448446-S,10000-1206448446-S
https://www.arbeitsagentur.de/jobsuche/jobdetail/14792-ZL8XD4UQX4PCWJFU-S,14792-ZL8XD4UQX4PCWJFU-S
https://www.arbeitsagentur.de/jobsuche/jobdetail/10000-1206431960-S,10000-1206431960-S
https://www.arbeitsagentur.de/jobsuche/jobdetail/10001-1003042698-S,10001-1003042698-S
https://www.arbeitsagentur.de/jobsuche/jobdetail/10001-1003041683-S,10001-1003041683-S
https://www.arbeitsagentur.de/jobsuche/jobdetail/17803-260506171109-HE1317-S,17803-260506171109-HE1317-S
https://www.arbeitsagentur.de/jobsuche/jobdetail/12209-13743209-S,12209-13743209-S
https://www.arbeitsagentur.de/jobsuche/jobdetail/10001-1003039695-S,10001-1003039695-S
https://www.arbeitsagentur.de/jobsuche/jobdetail/10001-1003039046-S,10001-1003039046-S
https://www.arbeitsagentur.de/jobsuche/jobdetail/20289-01445469-S,20289-01445469-S
https://www.arbeitsagentur.de/jobsuche/jobdetail/12787-258356060526-S,12787-258356060526-S
https://www.arbeitsagentur.de/jobsuche/jobdetail/10000-1206447976-S,10000-1206447976-S
https://www.arbeitsagentur.de/jobsuche/jobdetail/13635-88533b55_JB5139881-S,13635-88533b55_JB5139881-S
https://www.arbeitsagentur.de/jobsuche/jobdetail/10001-1003035996-S,10001-1003035996-S
https://www.arbeitsagentur.de/jobsuche/jobdetail/12811-2248957-S,12811-2248957-S
https://www.arbeitsagentur.de/jobsuche/jobdetail/10000-1206438423-S,10000-1206438423-S
https://www.arbeitsagentur.de/jobsuche/jobdetail/11081-UO9RSJ3D4R3HCVIF-S,11081-UO9RSJ3D4R3HCVIF-S
https://www.arbeitsagentur.de/jobsuche/jobdetail/10001-1003036991-S,10001-1003036991-S
https://www.arbeitsagentur.de/jobsuche/jobdetail/11949-17215865-S,11949-17215865-S
https://www.arbeitsagentur.de/jobsuche/jobdetail/11949-17216594-S,11949-17216594-S
https://www.arbeitsagentur.de/jobsuche/jobdetail/11119-4804197043-S,11119-4804197043-S
https://www.arbeitsagentur.de/jobsuche/jobdetail/11119-4804127008-S,11119-4804127008-S
https://www.arbeitsagentur.de/jobsuche/jobdetail/18914-VMLUCTFD0GU8JDGN-S,18914-VMLUCTFD0GU8JDGN-S
https://www.arbeitsagentur.de/jobsuche/jobdetail/10001-1003042703-S,10001-1003042703-S
https://www.arbeitsagentur.de/jobsuche/jobdetail/12826-SA0137570_JB5140764-S,12826-SA0137570_JB5140764-S
https://www.arbeitsagentur.de/jobsuche/jobdetail/12826-SA0137573_JB5140766-S,12826-SA0137573_JB5140766-S
https://www.arbeitsagentur.de/jobsuche/jobdetail/12704-W94676KW1XMWTYS5-S,12704-W94676KW1XMWTYS5-S
https://www.arbeitsagentur.de/jobsuche/jobdetail/10001-1003037048-S,10001-1003037048-S
https://www.arbeitsagentur.de/jobsuche/jobdetail/10001-1003039961-S,10001-1003039961-S
https://www.arbeitsagentur.de/jobsuche/jobdetail/11119-4791388579-S,11119-4791388579-S
https://www.arbeitsagentur.de/jobsuche/jobdetail/12310-69KA9MTCBRH1UPZH-S,12310-69KA9MTCBRH1UPZH-S
https://www.arbeitsagentur.de/jobsuche/jobdetail/11852-944056825-S,11852-944056825-S
https://www.arbeitsagentur.de/jobsuche/jobdetail/11949-17215149-S,11949-17215149-S
https://www.arbeitsagentur.de/jobsuche/jobdetail/10001-1003040092-S,10001-1003040092-S
https://www.arbeitsagentur.de/jobsuche/jobdetail/13424-6B1VYOSYRVJPD9Y4-S,13424-6B1VYOSYRVJPD9Y4-S
https://www.arbeitsagentur.de/jobsuche/jobdetail/14048-6708980423b5b8ee-S,14048-6708980423b5b8ee-S
https://www.arbeitsagentur.de/jobsuche/jobdetail/11949-17216101-S,11949-17216101-S
https://www.arbeitsagentur.de/jobsuche/jobdetail/17592-1b0a8f6dfd0b409-S,17592-1b0a8f6dfd0b409-S
https://www.arbeitsagentur.de/jobsuche/jobdetail/12811-2249108-S,12811-2249108-S
https://www.arbeitsagentur.de/jobsuche/jobdetail/10000-1206443788-S,10000-1206443788-S
https://www.arbeitsagentur.de/jobsuche/jobdetail/13635-6e46e4c9_JB5140645-S,13635-6e46e4c9_JB5140645-S
https://www.arbeitsagentur.de/jobsuche/jobdetail/13635-99d4b0c0_JB5139888-S,13635-99d4b0c0_JB5139888-S
https://www.arbeitsagentur.de/jobsuche/jobdetail/14722-FR69YI81HDRTBM8K-S,14722-FR69YI81HDRTBM8K-S
https://www.arbeitsagentur.de/jobsuche/jobdetail/14751-70A21987-S,14751-70A21987-S
https://www.arbeitsagentur.de/jobsuche/jobdetail/10001-1003039536-S,10001-1003039536-S
https://www.arbeitsagentur.de/jobsuche/jobdetail/10001-1003040783-S,10001-1003040783-S
https://www.arbeitsagentur.de/jobsuche/jobdetail/11081-BHRXIKZ3FY0VZUSP-S,11081-BHRXIKZ3FY0VZUSP-S
https://www.arbeitsagentur.de/jobsuche/jobdetail/12288-4803133639-S,12288-4803133639-S
https://www.arbeitsagentur.de/jobsuche/jobdetail/18024-100aR0001LJ17-S,18024-100aR0001LJ17-S
https://www.arbeitsagentur.de/jobsuche/jobdetail/12811-2248125-S,12811-2248125-S
https://www.arbeitsagentur.de/jobsuche/jobdetail/11949-17215341-S,11949-17215341-S
https://www.arbeitsagentur.de/jobsuche/jobdetail/10001-1003039248-S,10001-1003039248-S
https://www.arbeitsagentur.de/jobsuche/jobdetail/10001-1003031394-S,10001-1003031394-S
https://www.arbeitsagentur.de/jobsuche/jobdetail/10001-1003036849-S,10001-1003036849-S
https://www.arbeitsagentur.de/jobsuche/jobdetail/10001-1003042839-S,10001-1003042839-S
https://www.arbeitsagentur.de/jobsuche/jobdetail/10000-1206447981-S,10000-1206447981-S
https://www.arbeitsagentur.de/jobsuche/jobdetail/14751-373A97248-S,14751-373A97248-S
https://www.arbeitsagentur.de/jobsuche/jobdetail/14722-0VDAX34UKHCHY8TO-S,14722-0VDAX34UKHCHY8TO-S
https://www.arbeitsagentur.de/jobsuche/jobdetail/10001-1003037644-S,10001-1003037644-S
https://www.arbeitsagentur.de/jobsuche/jobdetail/10001-1003036375-S,10001-1003036375-S
https://www.arbeitsagentur.de/jobsuche/jobdetail/10001-1003039660-S,10001-1003039660-S
https://www.arbeitsagentur.de/jobsuche/jobdetail/10001-1003040482-S,10001-1003040482-S
https://www.arbeitsagentur.de/jobsuche/jobdetail/10001-1003040529-S,10001-1003040529-S
https://www.arbeitsagentur.de/jobsuche/jobdetail/10001-1003036850-S,10001-1003036850-S
https://www.arbeitsagentur.de/jobsuche/jobdetail/12811-2249082-S,12811-2249082-S
https://www.arbeitsagentur.de/jobsuche/jobdetail/11119-4791270766-S,11119-4791270766-S
https://www.arbeitsagentur.de/jobsuche/jobdetail/11937-33046_58689-1-S,11937-33046_58689-1-S
https://www.arbeitsagentur.de/jobsuche/jobdetail/10001-1003039984-S,10001-1003039984-S
https://www.arbeitsagentur.de/jobsuche/jobdetail/13356-102627A47723C8-S,13356-102627A47723C8-S
https://www.arbeitsagentur.de/jobsuche/jobdetail/12288-4803108207-S,12288-4803108207-S
https://www.arbeitsagentur.de/jobsuche/jobdetail/11849-P2095410-1-S,11849-P2095410-1-S
https://www.arbeitsagentur.de/jobsuche/jobdetail/14927-23hbqxpmm2w-S,14927-23hbqxpmm2w-S
https://www.arbeitsagentur.de/jobsuche/jobdetail/14617-k61089.1761-S,14617-k61089.1761-S
https://www.arbeitsagentur.de/jobsuche/jobdetail/18024-100PJ000Rv60p-S,18024-100PJ000Rv60p-S
https://www.arbeitsagentur.de/jobsuche/jobdetail/10000-1206425869-S,10000-1206425869-S
https://www.arbeitsagentur.de/jobsuche/jobdetail/10000-1206436740-S,10000-1206436740-S
https://www.arbeitsagentur.de/jobsuche/jobdetail/18024-1002X000QS20M-S,18024-1002X000QS20M-S
https://www.arbeitsagentur.de/jobsuche/jobdetail/10000-1206439578-S,10000-1206439578-S
https://www.arbeitsagentur.de/jobsuche/jobdetail/13999-k53401.30914-S,13999-k53401.30914-S
https://www.arbeitsagentur.de/jobsuche/jobdetail/18024-100BR0003ZO0G-S,18024-100BR0003ZO0G-S
https://www.arbeitsagentur.de/jobsuche/jobdetail/12739-4FSYT7MOG45MJWLH-S,12739-4FSYT7MOG45MJWLH-S
https://www.arbeitsagentur.de/jobsuche/jobdetail/14385-406-2565336-26-S,14385-406-2565336-26-S
https://www.arbeitsagentur.de/jobsuche/jobdetail/10001-1003034989-S,10001-1003034989-S
https://www.arbeitsagentur.de/jobsuche/jobdetail/14641-k31595.1990-S,14641-k31595.1990-S
https://www.arbeitsagentur.de/jobsuche/jobdetail/12288-4803122118-S,12288-4803122118-S
https://www.arbeitsagentur.de/jobsuche/jobdetail/10000-1206448876-S,10000-1206448876-S
https://www.arbeitsagentur.de/jobsuche/jobdetail/18024-100PJ000VWr0E-S,18024-100PJ000VWr0E-S
https://www.arbeitsagentur.de/jobsuche/jobdetail/10000-1206440227-S,10000-1206440227-S
https://www.arbeitsagentur.de/jobsuche/jobdetail/12826-SA0137613_JB5141202-S,12826-SA0137613_JB5141202-S
https://www.arbeitsagentur.de/jobsuche/jobdetail/10001-1003038790-S,10001-1003038790-S
https://www.arbeitsagentur.de/jobsuche/jobdetail/14787-00044102a96001-S,14787-00044102a96001-S
https://www.arbeitsagentur.de/jobsuche/jobdetail/12704-T10FXOWV6QDN050K-S,12704-T10FXOWV6QDN050K-S
https://www.arbeitsagentur.de/jobsuche/jobdetail/10001-1003039599-S,10001-1003039599-S
https://www.arbeitsagentur.de/jobsuche/jobdetail/13356-104221A47929C7-S,13356-104221A47929C7-S
https://www.arbeitsagentur.de/jobsuche/jobdetail/10001-1003040926-S,10001-1003040926-S
https://www.arbeitsagentur.de/jobsuche/jobdetail/10001-1003037454-S,10001-1003037454-S
https://www.arbeitsagentur.de/jobsuche/jobdetail/12906-206A1314-S,12906-206A1314-S
https://www.arbeitsagentur.de/jobsuche/jobdetail/14225-c4c4d1718e0de061-S,14225-c4c4d1718e0de061-S
https://www.arbeitsagentur.de/jobsuche/jobdetail/11119-4802960201-S,11119-4802960201-S
https://www.arbeitsagentur.de/jobsuche/jobdetail/12210-f664cd99996243e-S,12210-f664cd99996243e-S
https://www.arbeitsagentur.de/jobsuche/jobdetail/11119-4791110013-S,11119-4791110013-S
https://www.arbeitsagentur.de/jobsuche/jobdetail/12288-4803157341-S,12288-4803157341-S
https://www.arbeitsagentur.de/jobsuche/jobdetail/10001-1003039024-S,10001-1003039024-S
https://www.arbeitsagentur.de/jobsuche/jobdetail/10001-1003036998-S,10001-1003036998-S
https://www.arbeitsagentur.de/jobsuche/jobdetail/16963-REF265F-9027341248-S,16963-REF265F-9027341248-S
https://www.arbeitsagentur.de/jobsuche/jobdetail/12811-2248985-S,12811-2248985-S
https://www.arbeitsagentur.de/jobsuche/jobdetail/10001-1003036536-S,10001-1003036536-S
https://www.arbeitsagentur.de/jobsuche/jobdetail/10000-1206449132-S,10000-1206449132-S
https://www.arbeitsagentur.de/jobsuche/jobdetail/10000-1206442148-S,10000-1206442148-S
https://www.arbeitsagentur.de/jobsuche/jobdetail/13999-k53401.30940-S,13999-k53401.30940-S
https://www.arbeitsagentur.de/jobsuche/jobdetail/18024-1002X000QMk0l-S,18024-1002X000QMk0l-S
https://www.arbeitsagentur.de/jobsuche/jobdetail/10001-1003038034-S,10001-1003038034-S
https://www.arbeitsagentur.de/jobsuche/jobdetail/12634-BB-640786-7878-3267-S,12634-BB-640786-7878-3267-S
https://www.arbeitsagentur.de/jobsuche/jobdetail/13356-101823A42315C26-S,13356-101823A42315C26-S
https://www.arbeitsagentur.de/jobsuche/jobdetail/10001-1003040691-S,10001-1003040691-S
https://www.arbeitsagentur.de/jobsuche/jobdetail/12632-88f2a776_JB5139660-S,12632-88f2a776_JB5139660-S
https://www.arbeitsagentur.de/jobsuche/jobdetail/10000-1206442880-S,10000-1206442880-S
https://www.arbeitsagentur.de/jobsuche/jobdetail/11949-17214558-S,11949-17214558-S
https://www.arbeitsagentur.de/jobsuche/jobdetail/14471-QVP3DN5726VMKYQS-S,14471-QVP3DN5726VMKYQS-S
https://www.arbeitsagentur.de/jobsuche/jobdetail/10001-1003035908-S,10001-1003035908-S
https://www.arbeitsagentur.de/jobsuche/jobdetail/11949-17215094-S,11949-17215094-S
https://www.arbeitsagentur.de/jobsuche/jobdetail/10000-1206449201-S,10000-1206449201-S
https://www.arbeitsagentur.de/jobsuche/jobdetail/10000-1206438982-S,10000-1206438982-S
https://www.arbeitsagentur.de/jobsuche/jobdetail/13356-104221A40593C32-S,13356-104221A40593C32-S
https://www.arbeitsagentur.de/jobsuche/jobdetail/10000-1206447059-S,10000-1206447059-S
https://www.arbeitsagentur.de/jobsuche/jobdetail/11949-17216671-S,11949-17216671-S
https://www.arbeitsagentur.de/jobsuche/jobdetail/11949-17216377-S,11949-17216377-S
https://www.arbeitsagentur.de/jobsuche/jobdetail/20093-mfmvhtvzjl-S,20093-mfmvhtvzjl-S
https://www.arbeitsagentur.de/jobsuche/jobdetail/11112-3256-1770854-0-S,11112-3256-1770854-0-S
https://www.arbeitsagentur.de/jobsuche/jobdetail/10001-1003037376-S,10001-1003037376-S
https://www.arbeitsagentur.de/jobsuche/jobdetail/14087-K77BV3UQS541BIFS-S,14087-K77BV3UQS541BIFS-S
https://www.arbeitsagentur.de/jobsuche/jobdetail/12826-SA0137615_JB5141204-S,12826-SA0137615_JB5141204-S
https://www.arbeitsagentur.de/jobsuche/jobdetail/11949-17216351-S,11949-17216351-S
https://www.arbeitsagentur.de/jobsuche/jobdetail/14888-U72A9F7909CWB7IB-S,14888-U72A9F7909CWB7IB-S
https://www.arbeitsagentur.de/jobsuche/jobdetail/10001-1003034753-S,10001-1003034753-S
https://www.arbeitsagentur.de/jobsuche/jobdetail/12967-0002_00111301-S,12967-0002_00111301-S
https://www.arbeitsagentur.de/jobsuche/jobdetail/10001-1003038456-S,10001-1003038456-S
https://www.arbeitsagentur.de/jobsuche/jobdetail/10001-1003035712-S,10001-1003035712-S
https://www.arbeitsagentur.de/jobsuche/jobdetail/12811-2248804-S,12811-2248804-S
https://www.arbeitsagentur.de/jobsuche/jobdetail/10001-1003040499-S,10001-1003040499-S
https://www.arbeitsagentur.de/jobsuche/jobdetail/12826-SA0135516_JB5140605-S,12826-SA0135516_JB5140605-S
https://www.arbeitsagentur.de/jobsuche/jobdetail/12946-2909-1771036-0-S,12946-2909-1771036-0-S
https://www.arbeitsagentur.de/jobsuche/jobdetail/11949-17215312-S,11949-17215312-S
https://www.arbeitsagentur.de/jobsuche/jobdetail/11949-17215755-S,11949-17215755-S
https://www.arbeitsagentur.de/jobsuche/jobdetail/12967-0002_00111274-S,12967-0002_00111274-S
https://www.arbeitsagentur.de/jobsuche/jobdetail/12129-4804134928-S,12129-4804134928-S
https://www.arbeitsagentur.de/jobsuche/jobdetail/11949-17215381-S,11949-17215381-S
https://www.arbeitsagentur.de/jobsuche/jobdetail/18024-100aR00013T2z-S,18024-100aR00013T2z-S
https://www.arbeitsagentur.de/jobsuche/jobdetail/10001-1003038136-S,10001-1003038136-S
https://www.arbeitsagentur.de/jobsuche/jobdetail/10001-1003040465-S,10001-1003040465-S
https://www.arbeitsagentur.de/jobsuche/jobdetail/13424-IR1YT0OPWRREBFPT-S,13424-IR1YT0OPWRREBFPT-S
https://www.arbeitsagentur.de/jobsuche/jobdetail/11949-17215028-S,11949-17215028-S
https://www.arbeitsagentur.de/jobsuche/jobdetail/12608-1401804-28046-1-S,12608-1401804-28046-1-S
https://www.arbeitsagentur.de/jobsuche/jobdetail/10001-1003038977-S,10001-1003038977-S
https://www.arbeitsagentur.de/jobsuche/jobdetail/10001-1003037941-S,10001-1003037941-S
https://www.arbeitsagentur.de/jobsuche/jobdetail/10001-1003039612-S,10001-1003039612-S
https://www.arbeitsagentur.de/jobsuche/jobdetail/11949-17215390-S,11949-17215390-S
https://www.arbeitsagentur.de/jobsuche/jobdetail/10001-1003041164-S,10001-1003041164-S
https://www.arbeitsagentur.de/jobsuche/jobdetail/20242-4804160777-S,20242-4804160777-S
https://www.arbeitsagentur.de/jobsuche/jobdetail/10001-1003040530-S,10001-1003040530-S
https://www.arbeitsagentur.de/jobsuche/jobdetail/11119-4804203126-S,11119-4804203126-S
https://www.arbeitsagentur.de/jobsuche/jobdetail/10001-1003037707-S,10001-1003037707-S
https://www.arbeitsagentur.de/jobsuche/jobdetail/10000-1206435740-S,10000-1206435740-S
https://www.arbeitsagentur.de/jobsuche/jobdetail/13928-KIRMRETRK8MC4K4K-S,13928-KIRMRETRK8MC4K4K-S
https://www.arbeitsagentur.de/jobsuche/jobdetail/20187-k62213.1020-S,20187-k62213.1020-S
https://www.arbeitsagentur.de/jobsuche/jobdetail/11949-17215170-S,11949-17215170-S
https://www.arbeitsagentur.de/jobsuche/jobdetail/11949-17214393-S,11949-17214393-S
https://www.arbeitsagentur.de/jobsuche/jobdetail/11949-17216437-S,11949-17216437-S
https://www.arbeitsagentur.de/jobsuche/jobdetail/13433-4JKZQGJCYS34RDQY-S,13433-4JKZQGJCYS34RDQY-S
https://www.arbeitsagentur.de/jobsuche/jobdetail/11119-4791360046-S,11119-4791360046-S
https://www.arbeitsagentur.de/jobsuche/jobdetail/10001-1003036298-S,10001-1003036298-S
https://www.arbeitsagentur.de/jobsuche/jobdetail/13270-2026-00003415-1-S,13270-2026-00003415-1-S
https://www.arbeitsagentur.de/jobsuche/jobdetail/11949-17215977-S,11949-17215977-S
https://www.arbeitsagentur.de/jobsuche/jobdetail/14373-k36443.4008-S,14373-k36443.4008-S
https://www.arbeitsagentur.de/jobsuche/jobdetail/17903-CD14D8969DA3C43324E-S,17903-CD14D8969DA3C43324E-S
https://www.arbeitsagentur.de/jobsuche/jobdetail/14751-70A21971-S,14751-70A21971-S
https://www.arbeitsagentur.de/jobsuche/jobdetail/10001-1003042225-S,10001-1003042225-S
https://www.arbeitsagentur.de/jobsuche/jobdetail/10001-1003042662-S,10001-1003042662-S
https://www.arbeitsagentur.de/jobsuche/jobdetail/13635-923495e9_JB5140461-S,13635-923495e9_JB5140461-S
https://www.arbeitsagentur.de/jobsuche/jobdetail/11119-4803060431-S,11119-4803060431-S
https://www.arbeitsagentur.de/jobsuche/jobdetail/12811-2248845-S,12811-2248845-S
https://www.arbeitsagentur.de/jobsuche/jobdetail/10001-1003035966-S,10001-1003035966-S
https://www.arbeitsagentur.de/jobsuche/jobdetail/12811-2249187-S,12811-2249187-S
https://www.arbeitsagentur.de/jobsuche/jobdetail/13334-00005f6438e001-S,13334-00005f6438e001-S
https://www.arbeitsagentur.de/jobsuche/jobdetail/17803-260507172937-OA1416-S,17803-260507172937-OA1416-S
https://www.arbeitsagentur.de/jobsuche/jobdetail/17825-0009f300576001-S,17825-0009f300576001-S
https://www.arbeitsagentur.de/jobsuche/jobdetail/14751-437A354-S,14751-437A354-S
https://www.arbeitsagentur.de/jobsuche/jobdetail/12730-HIR7DL1WDJ81Z5P0-S,12730-HIR7DL1WDJ81Z5P0-S
https://www.arbeitsagentur.de/jobsuche/jobdetail/12811-2249062-S,12811-2249062-S
https://www.arbeitsagentur.de/jobsuche/jobdetail/10001-1003042150-S,10001-1003042150-S
https://www.arbeitsagentur.de/jobsuche/jobdetail/10001-1003041784-S,10001-1003041784-S
https://www.arbeitsagentur.de/jobsuche/jobdetail/14751-70A21972-S,14751-70A21972-S
https://www.arbeitsagentur.de/jobsuche/jobdetail/11119-4791109591-S,11119-4791109591-S
https://www.arbeitsagentur.de/jobsuche/jobdetail/14340-458434789-S,14340-458434789-S
https://www.arbeitsagentur.de/jobsuche/jobdetail/10000-1206437159-S,10000-1206437159-S
https://www.arbeitsagentur.de/jobsuche/jobdetail/11081-XC2LUM81BLR91FWV-S,11081-XC2LUM81BLR91FWV-S
https://www.arbeitsagentur.de/jobsuche/jobdetail/11949-17216486-S,11949-17216486-S
https://www.arbeitsagentur.de/jobsuche/jobdetail/16925-C7LJOPYQ7UY1Y6X0-S,16925-C7LJOPYQ7UY1Y6X0-S
https://www.arbeitsagentur.de/jobsuche/jobdetail/17803-260507173044-AF1405-S,17803-260507173044-AF1405-S
https://www.arbeitsagentur.de/jobsuche/jobdetail/12541-R6AP342YQOEC5OM7-S,12541-R6AP342YQOEC5OM7-S
https://www.arbeitsagentur.de/jobsuche/jobdetail/15339-1632-1770974-0-S,15339-1632-1770974-0-S
https://www.arbeitsagentur.de/jobsuche/jobdetail/11949-17214285-S,11949-17214285-S
https://www.arbeitsagentur.de/jobsuche/jobdetail/13356-101815A46307C14-S,13356-101815A46307C14-S
https://www.arbeitsagentur.de/jobsuche/jobdetail/12287-JOB-591597-S,12287-JOB-591597-S
https://www.arbeitsagentur.de/jobsuche/jobdetail/11864-5MEARZ9XXHFQGZN4-S,11864-5MEARZ9XXHFQGZN4-S
https://www.arbeitsagentur.de/jobsuche/jobdetail/17985-TBX00JU52L57X3RM-S,17985-TBX00JU52L57X3RM-S
https://www.arbeitsagentur.de/jobsuche/jobdetail/11081-CGWCXXIIAAGY7HO5-S,11081-CGWCXXIIAAGY7HO5-S
https://www.arbeitsagentur.de/jobsuche/jobdetail/14087-0MWS35IMYGMZ1PUO-S,14087-0MWS35IMYGMZ1PUO-S
https://www.arbeitsagentur.de/jobsuche/jobdetail/12811-2249020-S,12811-2249020-S
https://www.arbeitsagentur.de/jobsuche/jobdetail/12811-2248866-S,12811-2248866-S
https://www.arbeitsagentur.de/jobsuche/jobdetail/11949-17215380-S,11949-17215380-S
https://www.arbeitsagentur.de/jobsuche/jobdetail/12122-209169-1770899-0-S,12122-209169-1770899-0-S
https://www.arbeitsagentur.de/jobsuche/jobdetail/10001-1003040672-S,10001-1003040672-S
https://www.arbeitsagentur.de/jobsuche/jobdetail/13224-JD1L3P22TT1AD5AC-S,13224-JD1L3P22TT1AD5AC-S
https://www.arbeitsagentur.de/jobsuche/jobdetail/10000-1206429712-S,10000-1206429712-S
https://www.arbeitsagentur.de/jobsuche/jobdetail/10001-1003040864-S,10001-1003040864-S
https://www.arbeitsagentur.de/jobsuche/jobdetail/11112-2676-1770928-0-S,11112-2676-1770928-0-S
https://www.arbeitsagentur.de/jobsuche/jobdetail/11949-17213346-S,11949-17213346-S
https://www.arbeitsagentur.de/jobsuche/jobdetail/11119-4804226787-S,11119-4804226787-S
https://www.arbeitsagentur.de/jobsuche/jobdetail/11119-4791186904-S,11119-4791186904-S
https://www.arbeitsagentur.de/jobsuche/jobdetail/10001-1003037163-S,10001-1003037163-S
https://www.arbeitsagentur.de/jobsuche/jobdetail/12072-0CQVOSN1JU0LH9GP-S,12072-0CQVOSN1JU0LH9GP-S
https://www.arbeitsagentur.de/jobsuche/jobdetail/14413-k27218.3049-S,14413-k27218.3049-S
https://www.arbeitsagentur.de/jobsuche/jobdetail/17864-THY0BJKFX8AA5YSB-S,17864-THY0BJKFX8AA5YSB-S
https://www.arbeitsagentur.de/jobsuche/jobdetail/18024-100PJ000Twz1l-S,18024-100PJ000Twz1l-S
https://www.arbeitsagentur.de/jobsuche/jobdetail/11949-17215044-S,11949-17215044-S
https://www.arbeitsagentur.de/jobsuche/jobdetail/11081-7I772QMYDERGHZ9S-S,11081-7I772QMYDERGHZ9S-S
https://www.arbeitsagentur.de/jobsuche/jobdetail/10001-1003040875-S,10001-1003040875-S
https://www.arbeitsagentur.de/jobsuche/jobdetail/15716-UPG4DCZ95CUOZE18-S,15716-UPG4DCZ95CUOZE18-S
https://www.arbeitsagentur.de/jobsuche/jobdetail/10001-1003040741-S,10001-1003040741-S
https://www.arbeitsagentur.de/jobsuche/jobdetail/15518-CLLIED885BRQLT7P-S,15518-CLLIED885BRQLT7P-S
https://www.arbeitsagentur.de/jobsuche/jobdetail/10001-1003037489-S,10001-1003037489-S
https://www.arbeitsagentur.de/jobsuche/jobdetail/12811-2249070-S,12811-2249070-S
https://www.arbeitsagentur.de/jobsuche/jobdetail/12790-j122S3084-7896-S,12790-j122S3084-7896-S
https://www.arbeitsagentur.de/jobsuche/jobdetail/10001-1003035653-S,10001-1003035653-S
https://www.arbeitsagentur.de/jobsuche/jobdetail/12072-J2FJJNOSMPX8GHOA-S,12072-J2FJJNOSMPX8GHOA-S
https://www.arbeitsagentur.de/jobsuche/jobdetail/14751-437A365-S,14751-437A365-S
https://www.arbeitsagentur.de/jobsuche/jobdetail/12811-2248969-S,12811-2248969-S
https://www.arbeitsagentur.de/jobsuche/jobdetail/10001-1003038731-S,10001-1003038731-S
https://www.arbeitsagentur.de/jobsuche/jobdetail/11973-c-197865-S,11973-c-197865-S
https://www.arbeitsagentur.de/jobsuche/jobdetail/13635-21814420_JB5140500-S,13635-21814420_JB5140500-S
https://www.arbeitsagentur.de/jobsuche/jobdetail/10000-1206447520-S,10000-1206447520-S
https://www.arbeitsagentur.de/jobsuche/jobdetail/14900-HHMK0EZ36PUL05VL-S,14900-HHMK0EZ36PUL05VL-S
https://www.arbeitsagentur.de/jobsuche/jobdetail/11949-17215440-S,11949-17215440-S
https://www.arbeitsagentur.de/jobsuche/jobdetail/10001-1003035843-S,10001-1003035843-S
https://www.arbeitsagentur.de/jobsuche/jobdetail/11119-4803020695-S,11119-4803020695-S
https://www.arbeitsagentur.de/jobsuche/jobdetail/14048-644a201b4db9ff6d-S,14048-644a201b4db9ff6d-S
https://www.arbeitsagentur.de/jobsuche/jobdetail/10000-1206431756-S,10000-1206431756-S
https://www.arbeitsagentur.de/jobsuche/jobdetail/10000-1206445751-S,10000-1206445751-S
https://www.arbeitsagentur.de/jobsuche/jobdetail/10000-1206431901-S,10000-1206431901-S
https://www.arbeitsagentur.de/jobsuche/jobdetail/11949-17215560-S,11949-17215560-S
https://www.arbeitsagentur.de/jobsuche/jobdetail/13243-SDE-96908-JB-S,13243-SDE-96908-JB-S
https://www.arbeitsagentur.de/jobsuche/jobdetail/13465-00021a6490e001-S,13465-00021a6490e001-S
https://www.arbeitsagentur.de/jobsuche/jobdetail/14927-hdwk85urpy-S,14927-hdwk85urpy-S
https://www.arbeitsagentur.de/jobsuche/jobdetail/12147-20260507219356-S,12147-20260507219356-S
https://www.arbeitsagentur.de/jobsuche/jobdetail/10001-1003041152-S,10001-1003041152-S
https://www.arbeitsagentur.de/jobsuche/jobdetail/10001-1003042304-S,10001-1003042304-S
https://www.arbeitsagentur.de/jobsuche/jobdetail/10001-1003037345-S,10001-1003037345-S
https://www.arbeitsagentur.de/jobsuche/jobdetail/13280-BUNF79ZZPR96W5LY-S,13280-BUNF79ZZPR96W5LY-S
https://www.arbeitsagentur.de/jobsuche/jobdetail/14340-458415460-S,14340-458415460-S
https://www.arbeitsagentur.de/jobsuche/jobdetail/13525-k45548.3513-S,13525-k45548.3513-S
https://www.arbeitsagentur.de/jobsuche/jobdetail/20397-4804167151-S,20397-4804167151-S
https://www.arbeitsagentur.de/jobsuche/jobdetail/12634-BB-640789-7878-2838-S,12634-BB-640789-7878-2838-S
https://www.arbeitsagentur.de/jobsuche/jobdetail/14076-BB-13151-7878-49436-S,14076-BB-13151-7878-49436-S
https://www.arbeitsagentur.de/jobsuche/jobdetail/17394-2024-11540079-S,17394-2024-11540079-S
https://www.arbeitsagentur.de/jobsuche/jobdetail/12122-209218-1771087-0-S,12122-209218-1771087-0-S
https://www.arbeitsagentur.de/jobsuche/jobdetail/10001-1003035924-S,10001-1003035924-S
https://www.arbeitsagentur.de/jobsuche/jobdetail/17803-260507173152-AH1406-S,17803-260507173152-AH1406-S
https://www.arbeitsagentur.de/jobsuche/jobdetail/12306-N68L9IOLKOZ2AZGA-S,12306-N68L9IOLKOZ2AZGA-S
https://www.arbeitsagentur.de/jobsuche/jobdetail/11119-4804201183-S,11119-4804201183-S
https://www.arbeitsagentur.de/jobsuche/jobdetail/14751-70A22007-S,14751-70A22007-S
https://www.arbeitsagentur.de/jobsuche/jobdetail/13424-ZZ26ERW75AGO288G-S,13424-ZZ26ERW75AGO288G-S
https://www.arbeitsagentur.de/jobsuche/jobdetail/15095-1R501Z179QB1EC3Q-S,15095-1R501Z179QB1EC3Q-S
https://www.arbeitsagentur.de/jobsuche/jobdetail/10001-1003035477-S,10001-1003035477-S
https://www.arbeitsagentur.de/jobsuche/jobdetail/11119-4804177552-S,11119-4804177552-S
https://www.arbeitsagentur.de/jobsuche/jobdetail/12811-2249373-S,12811-2249373-S
https://www.arbeitsagentur.de/jobsuche/jobdetail/11949-17216050-S,11949-17216050-S
https://www.arbeitsagentur.de/jobsuche/jobdetail/16590-3A1H5VBR60I4BLZI-S,16590-3A1H5VBR60I4BLZI-S
https://www.arbeitsagentur.de/jobsuche/jobdetail/11852-944078065-S,11852-944078065-S
https://www.arbeitsagentur.de/jobsuche/jobdetail/17803-260507172724-PH1412-S,17803-260507172724-PH1412-S
https://www.arbeitsagentur.de/jobsuche/jobdetail/13635-36435dfd_JB5140800-S,13635-36435dfd_JB5140800-S
https://www.arbeitsagentur.de/jobsuche/jobdetail/17803-260507172901-PS1407-S,17803-260507172901-PS1407-S
https://www.arbeitsagentur.de/jobsuche/jobdetail/14742-3101331_3998122-S,14742-3101331_3998122-S
https://www.arbeitsagentur.de/jobsuche/jobdetail/10000-1206446386-S,10000-1206446386-S
https://www.arbeitsagentur.de/jobsuche/jobdetail/17560-0691ddbe1cd34ce-S,17560-0691ddbe1cd34ce-S
https://www.arbeitsagentur.de/jobsuche/jobdetail/10001-1003036848-S,10001-1003036848-S
https://www.arbeitsagentur.de/jobsuche/jobdetail/20730-2248790-S,20730-2248790-S
https://www.arbeitsagentur.de/jobsuche/jobdetail/11119-4804161866-S,11119-4804161866-S
https://www.arbeitsagentur.de/jobsuche/jobdetail/16465-k58186.6091-S,16465-k58186.6091-S
https://www.arbeitsagentur.de/jobsuche/jobdetail/10001-1003040289-S,10001-1003040289-S
https://www.arbeitsagentur.de/jobsuche/jobdetail/10001-1003039728-S,10001-1003039728-S
https://www.arbeitsagentur.de/jobsuche/jobdetail/11949-17215298-S,11949-17215298-S
https://www.arbeitsagentur.de/jobsuche/jobdetail/10000-1206447496-S,10000-1206447496-S
https://www.arbeitsagentur.de/jobsuche/jobdetail/13635-585cafe4_JB5140726-S,13635-585cafe4_JB5140726-S
https://www.arbeitsagentur.de/jobsuche/jobdetail/10001-1003036191-S,10001-1003036191-S
https://www.arbeitsagentur.de/jobsuche/jobdetail/14751-22A51685-S,14751-22A51685-S
https://www.arbeitsagentur.de/jobsuche/jobdetail/13669-IE7P0PR1ZBCZSG17-S,13669-IE7P0PR1ZBCZSG17-S
https://www.arbeitsagentur.de/jobsuche/jobdetail/12086-DDC7N94CYV1E9KKQ-S,12086-DDC7N94CYV1E9KKQ-S
https://www.arbeitsagentur.de/jobsuche/jobdetail/10001-1003036062-S,10001-1003036062-S
https://www.arbeitsagentur.de/jobsuche/jobdetail/14792-C6ZSS1GL3RLVFLEQ-S,14792-C6ZSS1GL3RLVFLEQ-S
https://www.arbeitsagentur.de/jobsuche/jobdetail/11081-YKNW3L5W6SDF7PWW-S,11081-YKNW3L5W6SDF7PWW-S
https://www.arbeitsagentur.de/jobsuche/jobdetail/10001-1003028324-S,10001-1003028324-S
https://www.arbeitsagentur.de/jobsuche/jobdetail/13635-8383e18d_JB5140833-S,13635-8383e18d_JB5140833-S
https://www.arbeitsagentur.de/jobsuche/jobdetail/14927-scud8hkcli-S,14927-scud8hkcli-S
https://www.arbeitsagentur.de/jobsuche/jobdetail/14418-46094-1770717-0-S,14418-46094-1770717-0-S
https://www.arbeitsagentur.de/jobsuche/jobdetail/14751-437A363-S,14751-437A363-S
https://www.arbeitsagentur.de/jobsuche/jobdetail/13635-922b747b_JB5139760-S,13635-922b747b_JB5139760-S
https://www.arbeitsagentur.de/jobsuche/jobdetail/12618-173731-S,12618-173731-S
https://www.arbeitsagentur.de/jobsuche/jobdetail/15939-BB-633639-7878-5585-S,15939-BB-633639-7878-5585-S
https://www.arbeitsagentur.de/jobsuche/jobdetail/14040-ZKOQYQOKRE8K162Q-S,14040-ZKOQYQOKRE8K162Q-S
https://www.arbeitsagentur.de/jobsuche/jobdetail/11949-17216564-S,11949-17216564-S
https://www.arbeitsagentur.de/jobsuche/jobdetail/10001-1003037309-S,10001-1003037309-S
https://www.arbeitsagentur.de/jobsuche/jobdetail/17560-2cface0536de4d4-S,17560-2cface0536de4d4-S
https://www.arbeitsagentur.de/jobsuche/jobdetail/10001-1003038019-S,10001-1003038019-S
https://www.arbeitsagentur.de/jobsuche/jobdetail/18024-100PJ000Vck00-S,18024-100PJ000Vck00-S
https://www.arbeitsagentur.de/jobsuche/jobdetail/11119-4804170425-S,11119-4804170425-S
https://www.arbeitsagentur.de/jobsuche/jobdetail/11949-17216349-S,11949-17216349-S
https://www.arbeitsagentur.de/jobsuche/jobdetail/16977-2248129-S,16977-2248129-S
https://www.arbeitsagentur.de/jobsuche/jobdetail/17803-260506171134-AH1302-S,17803-260506171134-AH1302-S
https://www.arbeitsagentur.de/jobsuche/jobdetail/10001-1003033757-S,10001-1003033757-S
https://www.arbeitsagentur.de/jobsuche/jobdetail/14722-9Y58XGCXFGW42FCB-S,14722-9Y58XGCXFGW42FCB-S
https://www.arbeitsagentur.de/jobsuche/jobdetail/12209-13743222-S,12209-13743222-S
https://www.arbeitsagentur.de/jobsuche/jobdetail/12310-M9LVODA4ADH8BNGH-S,12310-M9LVODA4ADH8BNGH-S
https://www.arbeitsagentur.de/jobsuche/jobdetail/10001-1003041088-S,10001-1003041088-S
https://www.arbeitsagentur.de/jobsuche/jobdetail/10001-1003038932-S,10001-1003038932-S
https://www.arbeitsagentur.de/jobsuche/jobdetail/12438-13742734-S,12438-13742734-S
https://www.arbeitsagentur.de/jobsuche/jobdetail/10001-1003035456-S,10001-1003035456-S
https://www.arbeitsagentur.de/jobsuche/jobdetail/17985-B16BOVNY9P1EB61A-S,17985-B16BOVNY9P1EB61A-S
https://www.arbeitsagentur.de/jobsuche/jobdetail/10000-1206437488-S,10000-1206437488-S
https://www.arbeitsagentur.de/jobsuche/jobdetail/12147-20260507219340-S,12147-20260507219340-S
https://www.arbeitsagentur.de/jobsuche/jobdetail/11949-17215299-S,11949-17215299-S
https://www.arbeitsagentur.de/jobsuche/jobdetail/12608-1401801-26800-1-S,12608-1401801-26800-1-S
https://www.arbeitsagentur.de/jobsuche/jobdetail/13103-3101545_3998458-S,13103-3101545_3998458-S
https://www.arbeitsagentur.de/jobsuche/jobdetail/12546-813WOOPUQOTOAQBX-S,12546-813WOOPUQOTOAQBX-S
https://www.arbeitsagentur.de/jobsuche/jobdetail/16291-a49f17b79982497-S,16291-a49f17b79982497-S
https://www.arbeitsagentur.de/jobsuche/jobdetail/10001-1003036332-S,10001-1003036332-S
https://www.arbeitsagentur.de/jobsuche/jobdetail/10001-1003038013-S,10001-1003038013-S
https://www.arbeitsagentur.de/jobsuche/jobdetail/10000-1206447428-S,10000-1206447428-S
https://www.arbeitsagentur.de/jobsuche/jobdetail/11119-4803154047-S,11119-4803154047-S
https://www.arbeitsagentur.de/jobsuche/jobdetail/14792-7M20H2QV04WYOAMM-S,14792-7M20H2QV04WYOAMM-S
https://www.arbeitsagentur.de/jobsuche/jobdetail/13635-d1d8a2e0_JB5140638-S,13635-d1d8a2e0_JB5140638-S
https://www.arbeitsagentur.de/jobsuche/jobdetail/18024-100PJ000VcE01-S,18024-100PJ000VcE01-S
https://www.arbeitsagentur.de/jobsuche/jobdetail/12826-SA0137614_JB5141203-S,12826-SA0137614_JB5141203-S
https://www.arbeitsagentur.de/jobsuche/jobdetail/10000-1206444439-S,10000-1206444439-S
https://www.arbeitsagentur.de/jobsuche/jobdetail/10001-1003041843-S,10001-1003041843-S
https://www.arbeitsagentur.de/jobsuche/jobdetail/10001-1003037937-S,10001-1003037937-S
https://www.arbeitsagentur.de/jobsuche/jobdetail/11949-17216660-S,11949-17216660-S
https://www.arbeitsagentur.de/jobsuche/jobdetail/10001-1003037395-S,10001-1003037395-S
https://www.arbeitsagentur.de/jobsuche/jobdetail/14792-AK3S0COND8W3SH2C-S,14792-AK3S0COND8W3SH2C-S
https://www.arbeitsagentur.de/jobsuche/jobdetail/14751-358A1716-S,14751-358A1716-S
https://www.arbeitsagentur.de/jobsuche/jobdetail/12147-20260504219110-S,12147-20260504219110-S
https://www.arbeitsagentur.de/jobsuche/jobdetail/11864-LHECXRJH23QICTBM-S,11864-LHECXRJH23QICTBM-S
https://www.arbeitsagentur.de/jobsuche/jobdetail/12608-1401681-39589-1-S,12608-1401681-39589-1-S
https://www.arbeitsagentur.de/jobsuche/jobdetail/10001-1003042952-S,10001-1003042952-S
https://www.arbeitsagentur.de/jobsuche/jobdetail/13635-f13711f2_JB5140145-S,13635-f13711f2_JB5140145-S
https://www.arbeitsagentur.de/jobsuche/jobdetail/12759-DO1VFT2YW0U025CX-S,12759-DO1VFT2YW0U025CX-S
https://www.arbeitsagentur.de/jobsuche/jobdetail/13635-8df0ce29_JB5140128-S,13635-8df0ce29_JB5140128-S
https://www.arbeitsagentur.de/jobsuche/jobdetail/14332-00002f2a25e001-S,14332-00002f2a25e001-S
https://www.arbeitsagentur.de/jobsuche/jobdetail/10000-1206436564-S,10000-1206436564-S
https://www.arbeitsagentur.de/jobsuche/jobdetail/12811-2249398-S,12811-2249398-S
https://www.arbeitsagentur.de/jobsuche/jobdetail/10000-1206431642-S,10000-1206431642-S
https://www.arbeitsagentur.de/jobsuche/jobdetail/10000-1206431668-S,10000-1206431668-S
https://www.arbeitsagentur.de/jobsuche/jobdetail/10000-1206440458-S,10000-1206440458-S
https://www.arbeitsagentur.de/jobsuche/jobdetail/13398-k12330.30213-S,13398-k12330.30213-S
https://www.arbeitsagentur.de/jobsuche/jobdetail/12967-0002_00111289-S,12967-0002_00111289-S
https://www.arbeitsagentur.de/jobsuche/jobdetail/11119-4791271021-S,11119-4791271021-S
https://www.arbeitsagentur.de/jobsuche/jobdetail/10001-1003037567-S,10001-1003037567-S
https://www.arbeitsagentur.de/jobsuche/jobdetail/14087-H8PJ79FVGV2OBJYY-S,14087-H8PJ79FVGV2OBJYY-S
https://www.arbeitsagentur.de/jobsuche/jobdetail/11949-17216721-S,11949-17216721-S
https://www.arbeitsagentur.de/jobsuche/jobdetail/14751-373A97013-S,14751-373A97013-S
https://www.arbeitsagentur.de/jobsuche/jobdetail/10001-1003036176-S,10001-1003036176-S
https://www.arbeitsagentur.de/jobsuche/jobdetail/12608-1401670-8855-1-S,12608-1401670-8855-1-S
https://www.arbeitsagentur.de/jobsuche/jobdetail/13356-101813A43232C24-S,13356-101813A43232C24-S
https://www.arbeitsagentur.de/jobsuche/jobdetail/17803-260507173152-AH1412-S,17803-260507173152-AH1412-S
https://www.arbeitsagentur.de/jobsuche/jobdetail/18024-1002X000QV70E-S,18024-1002X000QV70E-S
https://www.arbeitsagentur.de/jobsuche/jobdetail/11949-17215719-S,11949-17215719-S
https://www.arbeitsagentur.de/jobsuche/jobdetail/10001-1003035732-S,10001-1003035732-S
https://www.arbeitsagentur.de/jobsuche/jobdetail/14751-70A22014-S,14751-70A22014-S
https://www.arbeitsagentur.de/jobsuche/jobdetail/12759-BPWFVEFYHJYXOBND-S,12759-BPWFVEFYHJYXOBND-S
https://www.arbeitsagentur.de/jobsuche/jobdetail/10001-1003037674-S,10001-1003037674-S
https://www.arbeitsagentur.de/jobsuche/jobdetail/11081-4B4MIAPH2HL0MXEO-S,11081-4B4MIAPH2HL0MXEO-S
https://www.arbeitsagentur.de/jobsuche/jobdetail/17803-260507172901-PS1404-S,17803-260507172901-PS1404-S
https://www.arbeitsagentur.de/jobsuche/jobdetail/16963-REF165X-6881913248-S,16963-REF165X-6881913248-S
https://www.arbeitsagentur.de/jobsuche/jobdetail/14792-VH6ZZ0NEMCZJZ2RY-S,14792-VH6ZZ0NEMCZJZ2RY-S
https://www.arbeitsagentur.de/jobsuche/jobdetail/10001-1003037681-S,10001-1003037681-S
https://www.arbeitsagentur.de/jobsuche/jobdetail/10001-1003040287-S,10001-1003040287-S
https://www.arbeitsagentur.de/jobsuche/jobdetail/12147-20260505219230-S,12147-20260505219230-S
https://www.arbeitsagentur.de/jobsuche/jobdetail/10001-1003035812-S,10001-1003035812-S
https://www.arbeitsagentur.de/jobsuche/jobdetail/10001-1003036200-S,10001-1003036200-S
https://www.arbeitsagentur.de/jobsuche/jobdetail/13635-8224b7c5_JB5139712-S,13635-8224b7c5_JB5139712-S
https://www.arbeitsagentur.de/jobsuche/jobdetail/10001-1003036630-S,10001-1003036630-S
https://www.arbeitsagentur.de/jobsuche/jobdetail/11119-4804139880-S,11119-4804139880-S
https://www.arbeitsagentur.de/jobsuche/jobdetail/10001-1003035647-S,10001-1003035647-S
https://www.arbeitsagentur.de/jobsuche/jobdetail/14332-00002f2a286001-S,14332-00002f2a286001-S
https://www.arbeitsagentur.de/jobsuche/jobdetail/10001-1003034350-S,10001-1003034350-S
https://www.arbeitsagentur.de/jobsuche/jobdetail/11081-4644OJ3A985C34PD-S,11081-4644OJ3A985C34PD-S
https://www.arbeitsagentur.de/jobsuche/jobdetail/15537-JOB-838351-S,15537-JOB-838351-S
https://www.arbeitsagentur.de/jobsuche/jobdetail/17803-260507173008-ER1406-S,17803-260507173008-ER1406-S
https://www.arbeitsagentur.de/jobsuche/jobdetail/20242-4804160484-S,20242-4804160484-S
https://www.arbeitsagentur.de/jobsuche/jobdetail/10000-1206439752-S,10000-1206439752-S
https://www.arbeitsagentur.de/jobsuche/jobdetail/14927-dz4nn2-S,14927-dz4nn2-S
https://www.arbeitsagentur.de/jobsuche/jobdetail/17803-260507172724-PH1407-S,17803-260507172724-PH1407-S
https://www.arbeitsagentur.de/jobsuche/jobdetail/10001-1003040136-S,10001-1003040136-S
https://www.arbeitsagentur.de/jobsuche/jobdetail/10001-1003037421-S,10001-1003037421-S
https://www.arbeitsagentur.de/jobsuche/jobdetail/11081-SYDU990IAMUVT205-S,11081-SYDU990IAMUVT205-S
https://www.arbeitsagentur.de/jobsuche/jobdetail/18011-k59915.3446-S,18011-k59915.3446-S
https://www.arbeitsagentur.de/jobsuche/jobdetail/11119-4791368590-S,11119-4791368590-S
https://www.arbeitsagentur.de/jobsuche/jobdetail/10001-1003040773-S,10001-1003040773-S
https://www.arbeitsagentur.de/jobsuche/jobdetail/11949-17215240-S,11949-17215240-S
https://www.arbeitsagentur.de/jobsuche/jobdetail/10001-1003042627-S,10001-1003042627-S
https://www.arbeitsagentur.de/jobsuche/jobdetail/12513-0007639521-S,12513-0007639521-S
https://www.arbeitsagentur.de/jobsuche/jobdetail/12287-JOB-594511-S,12287-JOB-594511-S
https://www.arbeitsagentur.de/jobsuche/jobdetail/13356-102652A36257C41-S,13356-102652A36257C41-S
https://www.arbeitsagentur.de/jobsuche/jobdetail/11949-17216060-S,11949-17216060-S
https://www.arbeitsagentur.de/jobsuche/jobdetail/13635-c4a0255e_JB5140973-S,13635-c4a0255e_JB5140973-S
https://www.arbeitsagentur.de/jobsuche/jobdetail/10001-1003042982-S,10001-1003042982-S
https://www.arbeitsagentur.de/jobsuche/jobdetail/13280-QWA1M2K8JWRVAM91-S,13280-QWA1M2K8JWRVAM91-S
https://www.arbeitsagentur.de/jobsuche/jobdetail/12608-1401839-82791-1-S,12608-1401839-82791-1-S
https://www.arbeitsagentur.de/jobsuche/jobdetail/12739-HSA39XEXAYFQQ8KV-S,12739-HSA39XEXAYFQQ8KV-S
https://www.arbeitsagentur.de/jobsuche/jobdetail/12147-20260507219333-S,12147-20260507219333-S
https://www.arbeitsagentur.de/jobsuche/jobdetail/11119-4802997681-S,11119-4802997681-S
https://www.arbeitsagentur.de/jobsuche/jobdetail/13635-ac1d84c8_JB5140239-S,13635-ac1d84c8_JB5140239-S
https://www.arbeitsagentur.de/jobsuche/jobdetail/14599-S1ZFID6KRL5T3Q4E-S,14599-S1ZFID6KRL5T3Q4E-S
https://www.arbeitsagentur.de/jobsuche/jobdetail/14014-13743356-S,14014-13743356-S
https://www.arbeitsagentur.de/jobsuche/jobdetail/11973-c-023654-S,11973-c-023654-S
https://www.arbeitsagentur.de/jobsuche/jobdetail/10001-1003042765-S,10001-1003042765-S
https://www.arbeitsagentur.de/jobsuche/jobdetail/13635-b3b47c5e_JB5139815-S,13635-b3b47c5e_JB5139815-S
https://www.arbeitsagentur.de/jobsuche/jobdetail/12057-C071MFOYIQTYGH3H-S,12057-C071MFOYIQTYGH3H-S
https://www.arbeitsagentur.de/jobsuche/jobdetail/10001-1003036490-S,10001-1003036490-S
https://www.arbeitsagentur.de/jobsuche/jobdetail/17139-k58747.2374-S,17139-k58747.2374-S
https://www.arbeitsagentur.de/jobsuche/jobdetail/14087-X8XL7OT67PNTEZDT-S,14087-X8XL7OT67PNTEZDT-S
https://www.arbeitsagentur.de/jobsuche/jobdetail/11868-13743045-S,11868-13743045-S
https://www.arbeitsagentur.de/jobsuche/jobdetail/13739-2026050710004211-S,13739-2026050710004211-S
https://www.arbeitsagentur.de/jobsuche/jobdetail/11949-17215649-S,11949-17215649-S
https://www.arbeitsagentur.de/jobsuche/jobdetail/16963-REF301G-3627599248-S,16963-REF301G-3627599248-S
https://www.arbeitsagentur.de/jobsuche/jobdetail/12704-IC100RQ5PAG8LZ55-S,12704-IC100RQ5PAG8LZ55-S
https://www.arbeitsagentur.de/jobsuche/jobdetail/14927-1wmpzulo85m-S,14927-1wmpzulo85m-S
https://www.arbeitsagentur.de/jobsuche/jobdetail/14225-00d9057cd4226a20-S,14225-00d9057cd4226a20-S
https://www.arbeitsagentur.de/jobsuche/jobdetail/12787-258467070526-S,12787-258467070526-S
https://www.arbeitsagentur.de/jobsuche/jobdetail/12634-BB-640804-7878-1102-S,12634-BB-640804-7878-1102-S
https://www.arbeitsagentur.de/jobsuche/jobdetail/11852-944074358-S,11852-944074358-S
https://www.arbeitsagentur.de/jobsuche/jobdetail/10001-1003042495-S,10001-1003042495-S
https://www.arbeitsagentur.de/jobsuche/jobdetail/14048-37f4b7ebfd6bfa22-S,14048-37f4b7ebfd6bfa22-S
https://www.arbeitsagentur.de/jobsuche/jobdetail/17039-k58956.3796-S,17039-k58956.3796-S
https://www.arbeitsagentur.de/jobsuche/jobdetail/13669-3WPHGDS84QZC8KPN-S,13669-3WPHGDS84QZC8KPN-S
https://www.arbeitsagentur.de/jobsuche/jobdetail/13356-103540A48473C5-S,13356-103540A48473C5-S
https://www.arbeitsagentur.de/jobsuche/jobdetail/13635-0047317d_JB5140716-S,13635-0047317d_JB5140716-S
https://www.arbeitsagentur.de/jobsuche/jobdetail/10000-1206450684-S,10000-1206450684-S
https://www.arbeitsagentur.de/jobsuche/jobdetail/14751-417A10085-S,14751-417A10085-S
https://www.arbeitsagentur.de/jobsuche/jobdetail/19220-d3c96b8d093ff307-S,19220-d3c96b8d093ff307-S
https://www.arbeitsagentur.de/jobsuche/jobdetail/10001-1003041539-S,10001-1003041539-S
https://www.arbeitsagentur.de/jobsuche/jobdetail/16331-k58053.2550-S,16331-k58053.2550-S
https://www.arbeitsagentur.de/jobsuche/jobdetail/10001-1003033606-S,10001-1003033606-S
https://www.arbeitsagentur.de/jobsuche/jobdetail/10001-1003038094-S,10001-1003038094-S
https://www.arbeitsagentur.de/jobsuche/jobdetail/10001-1003042864-S,10001-1003042864-S
https://www.arbeitsagentur.de/jobsuche/jobdetail/10000-1206441973-S,10000-1206441973-S
https://www.arbeitsagentur.de/jobsuche/jobdetail/11949-17216404-S,11949-17216404-S
https://www.arbeitsagentur.de/jobsuche/jobdetail/12513-0007639501-S,12513-0007639501-S
https://www.arbeitsagentur.de/jobsuche/jobdetail/11949-17215135-S,11949-17215135-S
https://www.arbeitsagentur.de/jobsuche/jobdetail/16547-XP2PC8DHEUEFJIPJ-S,16547-XP2PC8DHEUEFJIPJ-S
https://www.arbeitsagentur.de/jobsuche/jobdetail/13465-00021a64916001-S,13465-00021a64916001-S
https://www.arbeitsagentur.de/jobsuche/jobdetail/12908-061957574-S,12908-061957574-S
https://www.arbeitsagentur.de/jobsuche/jobdetail/13635-1b0f4637_JB5140941-S,13635-1b0f4637_JB5140941-S
https://www.arbeitsagentur.de/jobsuche/jobdetail/12456-1571045-1-S,12456-1571045-1-S
https://www.arbeitsagentur.de/jobsuche/jobdetail/11119-4791111114-S,11119-4791111114-S
https://www.arbeitsagentur.de/jobsuche/jobdetail/12811-2248994-S,12811-2248994-S
https://www.arbeitsagentur.de/jobsuche/jobdetail/15765-AQ09DZOIFMP7L6U3-S,15765-AQ09DZOIFMP7L6U3-S
https://www.arbeitsagentur.de/jobsuche/jobdetail/18024-1002X000QHt0u-S,18024-1002X000QHt0u-S
https://www.arbeitsagentur.de/jobsuche/jobdetail/11949-17216231-S,11949-17216231-S
https://www.arbeitsagentur.de/jobsuche/jobdetail/10001-1003040024-S,10001-1003040024-S
https://www.arbeitsagentur.de/jobsuche/jobdetail/10001-1003036088-S,10001-1003036088-S
https://www.arbeitsagentur.de/jobsuche/jobdetail/10001-1003037332-S,10001-1003037332-S
https://www.arbeitsagentur.de/jobsuche/jobdetail/10000-1206443948-S,10000-1206443948-S
https://www.arbeitsagentur.de/jobsuche/jobdetail/12811-2248311-S,12811-2248311-S
https://www.arbeitsagentur.de/jobsuche/jobdetail/17803-260507173152-AH1407-S,17803-260507173152-AH1407-S
https://www.arbeitsagentur.de/jobsuche/jobdetail/11119-4804161517-S,11119-4804161517-S
https://www.arbeitsagentur.de/jobsuche/jobdetail/11949-17214607-S,11949-17214607-S
https://www.arbeitsagentur.de/jobsuche/jobdetail/13635-3df7849c_JB5141169-S,13635-3df7849c_JB5141169-S
https://www.arbeitsagentur.de/jobsuche/jobdetail/16646-K6QZOLKNZPCBWUKH-S,16646-K6QZOLKNZPCBWUKH-S
https://www.arbeitsagentur.de/jobsuche/jobdetail/11949-17212900-S,11949-17212900-S
https://www.arbeitsagentur.de/jobsuche/jobdetail/12618-173689-S,12618-173689-S
https://www.arbeitsagentur.de/jobsuche/jobdetail/12452-k10537.2748-S,12452-k10537.2748-S
https://www.arbeitsagentur.de/jobsuche/jobdetail/10001-1003040517-S,10001-1003040517-S
https://www.arbeitsagentur.de/jobsuche/jobdetail/11949-17216121-S,11949-17216121-S
https://www.arbeitsagentur.de/jobsuche/jobdetail/11949-17215339-S,11949-17215339-S
https://www.arbeitsagentur.de/jobsuche/jobdetail/10001-1003033334-S,10001-1003033334-S
https://www.arbeitsagentur.de/jobsuche/jobdetail/13356-105555A48714C2-S,13356-105555A48714C2-S
https://www.arbeitsagentur.de/jobsuche/jobdetail/10001-1003042506-S,10001-1003042506-S
https://www.arbeitsagentur.de/jobsuche/jobdetail/10001-1003036439-S,10001-1003036439-S
https://www.arbeitsagentur.de/jobsuche/jobdetail/10001-1003039894-S,10001-1003039894-S
https://www.arbeitsagentur.de/jobsuche/jobdetail/10001-1003041071-S,10001-1003041071-S
https://www.arbeitsagentur.de/jobsuche/jobdetail/11119-4804138769-S,11119-4804138769-S
https://www.arbeitsagentur.de/jobsuche/jobdetail/11081-4YPBZVYYM8AN12LF-S,11081-4YPBZVYYM8AN12LF-S
https://www.arbeitsagentur.de/jobsuche/jobdetail/10001-1003041461-S,10001-1003041461-S
https://www.arbeitsagentur.de/jobsuche/jobdetail/14792-ZQS65C3DAIAVTI7N-S,14792-ZQS65C3DAIAVTI7N-S
https://www.arbeitsagentur.de/jobsuche/jobdetail/10001-1003043105-S,10001-1003043105-S
https://www.arbeitsagentur.de/jobsuche/jobdetail/12086-XCYN47NI6BT6QFQC-S,12086-XCYN47NI6BT6QFQC-S
https://www.arbeitsagentur.de/jobsuche/jobdetail/10001-1003033636-S,10001-1003033636-S
https://www.arbeitsagentur.de/jobsuche/jobdetail/10001-1003037975-S,10001-1003037975-S
https://www.arbeitsagentur.de/jobsuche/jobdetail/11949-17215172-S,11949-17215172-S
https://www.arbeitsagentur.de/jobsuche/jobdetail/11119-4803021594-S,11119-4803021594-S
https://www.arbeitsagentur.de/jobsuche/jobdetail/10000-1206441834-S,10000-1206441834-S
https://www.arbeitsagentur.de/jobsuche/jobdetail/13635-c8f8989e_JB5140136-S,13635-c8f8989e_JB5140136-S
https://www.arbeitsagentur.de/jobsuche/jobdetail/10000-1206439736-S,10000-1206439736-S
https://www.arbeitsagentur.de/jobsuche/jobdetail/12733-X1LWV217GL67KI4Y-S,12733-X1LWV217GL67KI4Y-S
https://www.arbeitsagentur.de/jobsuche/jobdetail/10001-1003034059-S,10001-1003034059-S
https://www.arbeitsagentur.de/jobsuche/jobdetail/12608-1401677-8155-1-S,12608-1401677-8155-1-S
https://www.arbeitsagentur.de/jobsuche/jobdetail/10001-1003038735-S,10001-1003038735-S
https://www.arbeitsagentur.de/jobsuche/jobdetail/17489-bf5c99b85802443-S,17489-bf5c99b85802443-S
https://www.arbeitsagentur.de/jobsuche/jobdetail/13643-1L_606432-S,13643-1L_606432-S
https://www.arbeitsagentur.de/jobsuche/jobdetail/11949-17215128-S,11949-17215128-S
https://www.arbeitsagentur.de/jobsuche/jobdetail/11868-13743008-S,11868-13743008-S
https://www.arbeitsagentur.de/jobsuche/jobdetail/20341-00000233-S,20341-00000233-S
https://www.arbeitsagentur.de/jobsuche/jobdetail/12306-SXTBTY0B587F22RU-S,12306-SXTBTY0B587F22RU-S
https://www.arbeitsagentur.de/jobsuche/jobdetail/10001-1003038496-S,10001-1003038496-S
https://www.arbeitsagentur.de/jobsuche/jobdetail/17296-0006674%253A01-S,17296-0006674%253A01-S
https://www.arbeitsagentur.de/jobsuche/jobdetail/14792-P57W10VYCKQRW0E1-S,14792-P57W10VYCKQRW0E1-S
https://www.arbeitsagentur.de/jobsuche/jobdetail/10001-1003037654-S,10001-1003037654-S
https://www.arbeitsagentur.de/jobsuche/jobdetail/13635-cc94f680_JB5139997-S,13635-cc94f680_JB5139997-S
https://www.arbeitsagentur.de/jobsuche/jobdetail/14722-JYSY3115CFPMOE17-S,14722-JYSY3115CFPMOE17-S
https://www.arbeitsagentur.de/jobsuche/jobdetail/12288-4804126061-S,12288-4804126061-S
https://www.arbeitsagentur.de/jobsuche/jobdetail/12086-FDTOA6BDJCPDPAEJ-S,12086-FDTOA6BDJCPDPAEJ-S
https://www.arbeitsagentur.de/jobsuche/jobdetail/10001-1003033797-S,10001-1003033797-S
https://www.arbeitsagentur.de/jobsuche/jobdetail/11081-KTAFCJDUM8R3VYNU-S,11081-KTAFCJDUM8R3VYNU-S
https://www.arbeitsagentur.de/jobsuche/jobdetail/11949-17216451-S,11949-17216451-S
https://www.arbeitsagentur.de/jobsuche/jobdetail/14927-2367-S,14927-2367-S
https://www.arbeitsagentur.de/jobsuche/jobdetail/12730-0LFJRB9UL7T06YHO-S,12730-0LFJRB9UL7T06YHO-S
https://www.arbeitsagentur.de/jobsuche/jobdetail/12931-10436-1770748-0-S,12931-10436-1770748-0-S
https://www.arbeitsagentur.de/jobsuche/jobdetail/10001-1003039396-S,10001-1003039396-S
https://www.arbeitsagentur.de/jobsuche/jobdetail/10000-1206294960-S,10000-1206294960-S
https://www.arbeitsagentur.de/jobsuche/jobdetail/10001-1003038888-S,10001-1003038888-S
https://www.arbeitsagentur.de/jobsuche/jobdetail/16963-REF394H-2052200248-S,16963-REF394H-2052200248-S
https://www.arbeitsagentur.de/jobsuche/jobdetail/11864-GN1116RC334PSJJH-S,11864-GN1116RC334PSJJH-S
https://www.arbeitsagentur.de/jobsuche/jobdetail/10000-1206440319-S,10000-1206440319-S
https://www.arbeitsagentur.de/jobsuche/jobdetail/10001-1003038994-S,10001-1003038994-S
https://www.arbeitsagentur.de/jobsuche/jobdetail/14751-62A117719-S,14751-62A117719-S
https://www.arbeitsagentur.de/jobsuche/jobdetail/12811-2249036-S,12811-2249036-S
https://www.arbeitsagentur.de/jobsuche/jobdetail/12288-4803102987-S,12288-4803102987-S
https://www.arbeitsagentur.de/jobsuche/jobdetail/10001-1003036578-S,10001-1003036578-S
https://www.arbeitsagentur.de/jobsuche/jobdetail/20242-4804156774-S,20242-4804156774-S
https://www.arbeitsagentur.de/jobsuche/jobdetail/11949-17216600-S,11949-17216600-S
https://www.arbeitsagentur.de/jobsuche/jobdetail/10000-1206435682-S,10000-1206435682-S
https://www.arbeitsagentur.de/jobsuche/jobdetail/12811-2248073-S,12811-2248073-S
https://www.arbeitsagentur.de/jobsuche/jobdetail/14751-206A13855-S,14751-206A13855-S
https://www.arbeitsagentur.de/jobsuche/jobdetail/11949-17215452-S,11949-17215452-S
https://www.arbeitsagentur.de/jobsuche/jobdetail/13270-2026-00002338-1-S,13270-2026-00002338-1-S
https://www.arbeitsagentur.de/jobsuche/jobdetail/18024-100PJ000VQ50P-S,18024-100PJ000VQ50P-S
https://www.arbeitsagentur.de/jobsuche/jobdetail/10000-1206445860-S,10000-1206445860-S
https://www.arbeitsagentur.de/jobsuche/jobdetail/10001-1003042884-S,10001-1003042884-S
https://www.arbeitsagentur.de/jobsuche/jobdetail/17560-8c49388e05464e5-S,17560-8c49388e05464e5-S
https://www.arbeitsagentur.de/jobsuche/jobdetail/17803-260506170748-PF1325-S,17803-260506170748-PF1325-S
https://www.arbeitsagentur.de/jobsuche/jobdetail/11081-JRNTDM2DBLYZ3N9K-S,11081-JRNTDM2DBLYZ3N9K-S
https://www.arbeitsagentur.de/jobsuche/jobdetail/10001-1003036263-S,10001-1003036263-S
https://www.arbeitsagentur.de/jobsuche/jobdetail/13270-2026-00003086-1-S,13270-2026-00003086-1-S
https://www.arbeitsagentur.de/jobsuche/jobdetail/10001-1003038989-S,10001-1003038989-S
https://www.arbeitsagentur.de/jobsuche/jobdetail/10001-1003035606-S,10001-1003035606-S
https://www.arbeitsagentur.de/jobsuche/jobdetail/10001-1003038060-S,10001-1003038060-S
https://www.arbeitsagentur.de/jobsuche/jobdetail/10001-1003042881-S,10001-1003042881-S
https://www.arbeitsagentur.de/jobsuche/jobdetail/14795-66946_118935-S,14795-66946_118935-S
https://www.arbeitsagentur.de/jobsuche/jobdetail/11119-4804219422-S,11119-4804219422-S
https://www.arbeitsagentur.de/jobsuche/jobdetail/10001-1003039661-S,10001-1003039661-S
https://www.arbeitsagentur.de/jobsuche/jobdetail/13517-0000301ad65001-S,13517-0000301ad65001-S
https://www.arbeitsagentur.de/jobsuche/jobdetail/10000-1206447781-S,10000-1206447781-S
https://www.arbeitsagentur.de/jobsuche/jobdetail/16925-1FGQ6N25X6A1P1AL-S,16925-1FGQ6N25X6A1P1AL-S
https://www.arbeitsagentur.de/jobsuche/jobdetail/11949-17214149-S,11949-17214149-S
https://www.arbeitsagentur.de/jobsuche/jobdetail/12739-AJ6022IUBVNIESH0-S,12739-AJ6022IUBVNIESH0-S
https://www.arbeitsagentur.de/jobsuche/jobdetail/11949-17213463-S,11949-17213463-S
https://www.arbeitsagentur.de/jobsuche/jobdetail/17616-304A270-S,17616-304A270-S
https://www.arbeitsagentur.de/jobsuche/jobdetail/10001-1003041214-S,10001-1003041214-S
https://www.arbeitsagentur.de/jobsuche/jobdetail/10001-1003036063-S,10001-1003036063-S
https://www.arbeitsagentur.de/jobsuche/jobdetail/12811-2249041-S,12811-2249041-S
https://www.arbeitsagentur.de/jobsuche/jobdetail/11949-17216116-S,11949-17216116-S
https://www.arbeitsagentur.de/jobsuche/jobdetail/10001-1003042329-S,10001-1003042329-S
https://www.arbeitsagentur.de/jobsuche/jobdetail/11949-17215370-S,11949-17215370-S
https://www.arbeitsagentur.de/jobsuche/jobdetail/10001-1003038304-S,10001-1003038304-S
https://www.arbeitsagentur.de/jobsuche/jobdetail/11949-17215130-S,11949-17215130-S
https://www.arbeitsagentur.de/jobsuche/jobdetail/13465-00021a62a0d002-S,13465-00021a62a0d002-S
https://www.arbeitsagentur.de/jobsuche/jobdetail/11949-17213292-S,11949-17213292-S
https://www.arbeitsagentur.de/jobsuche/jobdetail/11119-4791109586-S,11119-4791109586-S
https://www.arbeitsagentur.de/jobsuche/jobdetail/13465-00021a63fda002-S,13465-00021a63fda002-S
https://www.arbeitsagentur.de/jobsuche/jobdetail/18024-1002X000QTm0H-S,18024-1002X000QTm0H-S
https://www.arbeitsagentur.de/jobsuche/jobdetail/11119-4804128858-S,11119-4804128858-S
https://www.arbeitsagentur.de/jobsuche/jobdetail/11949-17214989-S,11949-17214989-S
https://www.arbeitsagentur.de/jobsuche/jobdetail/14661-58cbfef957404d9-S,14661-58cbfef957404d9-S
https://www.arbeitsagentur.de/jobsuche/jobdetail/13356-108273A41054C30-S,13356-108273A41054C30-S
https://www.arbeitsagentur.de/jobsuche/jobdetail/12288-4803091835-S,12288-4803091835-S
https://www.arbeitsagentur.de/jobsuche/jobdetail/15253-CAI8H4NOO7Q0Z118-S,15253-CAI8H4NOO7Q0Z118-S
https://www.arbeitsagentur.de/jobsuche/jobdetail/12465-1571176-1-S,12465-1571176-1-S
https://www.arbeitsagentur.de/jobsuche/jobdetail/18248-ZVPYUMJ605CYPSSC-S,18248-ZVPYUMJ605CYPSSC-S
https://www.arbeitsagentur.de/jobsuche/jobdetail/12122-209174-1771117-0-S,12122-209174-1771117-0-S
https://www.arbeitsagentur.de/jobsuche/jobdetail/12362-TR-285686_609662LS-S,12362-TR-285686_609662LS-S
https://www.arbeitsagentur.de/jobsuche/jobdetail/12362-TR-278114_609568LS-S,12362-TR-278114_609568LS-S
https://www.arbeitsagentur.de/jobsuche/jobdetail/13465-00021a648ee001-S,13465-00021a648ee001-S
https://www.arbeitsagentur.de/jobsuche/jobdetail/13356-401045A47851C7-S,13356-401045A47851C7-S
https://www.arbeitsagentur.de/jobsuche/jobdetail/12811-2248355-S,12811-2248355-S
https://www.arbeitsagentur.de/jobsuche/jobdetail/10001-1003039991-S,10001-1003039991-S
https://www.arbeitsagentur.de/jobsuche/jobdetail/10000-1206439430-S,10000-1206439430-S
https://www.arbeitsagentur.de/jobsuche/jobdetail/12564-k21840.14280-S,12564-k21840.14280-S
https://www.arbeitsagentur.de/jobsuche/jobdetail/12288-4803117406-S,12288-4803117406-S
https://www.arbeitsagentur.de/jobsuche/jobdetail/12967-0002_00111287-S,12967-0002_00111287-S
https://www.arbeitsagentur.de/jobsuche/jobdetail/17803-260507173008-ER1412-S,17803-260507173008-ER1412-S
https://www.arbeitsagentur.de/jobsuche/jobdetail/12456-1571025-1-S,12456-1571025-1-S
https://www.arbeitsagentur.de/jobsuche/jobdetail/10001-1003036574-S,10001-1003036574-S
https://www.arbeitsagentur.de/jobsuche/jobdetail/10001-1003039518-S,10001-1003039518-S
https://www.arbeitsagentur.de/jobsuche/jobdetail/10000-1206435512-S,10000-1206435512-S
https://www.arbeitsagentur.de/jobsuche/jobdetail/12811-2248970-S,12811-2248970-S
https://www.arbeitsagentur.de/jobsuche/jobdetail/14751-62A117714-S,14751-62A117714-S
https://www.arbeitsagentur.de/jobsuche/jobdetail/13334-00005f62ff9002-S,13334-00005f62ff9002-S
https://www.arbeitsagentur.de/jobsuche/jobdetail/13635-8a809912_JB5140259-S,13635-8a809912_JB5140259-S
https://www.arbeitsagentur.de/jobsuche/jobdetail/16538-88HC27GNGzbgpq-S,16538-88HC27GNGzbgpq-S
https://www.arbeitsagentur.de/jobsuche/jobdetail/14792-000YQR7N67K2XG44-S,14792-000YQR7N67K2XG44-S
https://www.arbeitsagentur.de/jobsuche/jobdetail/12811-2248965-S,12811-2248965-S
https://www.arbeitsagentur.de/jobsuche/jobdetail/11081-RT6J1ZDYA5LIJOFV-S,11081-RT6J1ZDYA5LIJOFV-S
https://www.arbeitsagentur.de/jobsuche/jobdetail/14471-BU9XXIRNIOF6U7DD-S,14471-BU9XXIRNIOF6U7DD-S
https://www.arbeitsagentur.de/jobsuche/jobdetail/12826-SA0137581_JB5140772-S,12826-SA0137581_JB5140772-S
https://www.arbeitsagentur.de/jobsuche/jobdetail/12811-2249025-S,12811-2249025-S
https://www.arbeitsagentur.de/jobsuche/jobdetail/10000-1206446374-S,10000-1206446374-S
https://www.arbeitsagentur.de/jobsuche/jobdetail/10001-1003042724-S,10001-1003042724-S
https://www.arbeitsagentur.de/jobsuche/jobdetail/10001-1003042380-S,10001-1003042380-S
https://www.arbeitsagentur.de/jobsuche/jobdetail/17985-XNYSW054XYEBKVA9-S,17985-XNYSW054XYEBKVA9-S
https://www.arbeitsagentur.de/jobsuche/jobdetail/18024-1002X000QUv0E-S,18024-1002X000QUv0E-S
https://www.arbeitsagentur.de/jobsuche/jobdetail/10001-1003036291-S,10001-1003036291-S
https://www.arbeitsagentur.de/jobsuche/jobdetail/14260-000453037f6001-S,14260-000453037f6001-S
https://www.arbeitsagentur.de/jobsuche/jobdetail/13270-2026-00003706-1-S,13270-2026-00003706-1-S
https://www.arbeitsagentur.de/jobsuche/jobdetail/17071-3101808_3998966-S,17071-3101808_3998966-S
https://www.arbeitsagentur.de/jobsuche/jobdetail/10001-1003034756-S,10001-1003034756-S
https://www.arbeitsagentur.de/jobsuche/jobdetail/11949-17214656-S,11949-17214656-S
https://www.arbeitsagentur.de/jobsuche/jobdetail/11119-4802990042-S,11119-4802990042-S
https://www.arbeitsagentur.de/jobsuche/jobdetail/10001-1003036805-S,10001-1003036805-S
https://www.arbeitsagentur.de/jobsuche/jobdetail/11864-B4XL3077ZR44FN2W-S,11864-B4XL3077ZR44FN2W-S
https://www.arbeitsagentur.de/jobsuche/jobdetail/15937-k55805.115286-S,15937-k55805.115286-S
https://www.arbeitsagentur.de/jobsuche/jobdetail/13643-609584LS-S,13643-609584LS-S
https://www.arbeitsagentur.de/jobsuche/jobdetail/12513-0007639485-S,12513-0007639485-S
https://www.arbeitsagentur.de/jobsuche/jobdetail/12811-2249306-S,12811-2249306-S
https://www.arbeitsagentur.de/jobsuche/jobdetail/14927-1elsio9y3jw-S,14927-1elsio9y3jw-S
https://www.arbeitsagentur.de/jobsuche/jobdetail/12811-2249194-S,12811-2249194-S
https://www.arbeitsagentur.de/jobsuche/jobdetail/14076-BB-13170-7878-15187-S,14076-BB-13170-7878-15187-S
https://www.arbeitsagentur.de/jobsuche/jobdetail/12826-SA0135513_JB5140603-S,12826-SA0135513_JB5140603-S
https://www.arbeitsagentur.de/jobsuche/jobdetail/10001-1003034360-S,10001-1003034360-S
https://www.arbeitsagentur.de/jobsuche/jobdetail/12462-1571628-1-S,12462-1571628-1-S
https://www.arbeitsagentur.de/jobsuche/jobdetail/10001-1003042942-S,10001-1003042942-S
https://www.arbeitsagentur.de/jobsuche/jobdetail/11949-17215474-S,11949-17215474-S
https://www.arbeitsagentur.de/jobsuche/jobdetail/13465-00021a64902001-S,13465-00021a64902001-S
https://www.arbeitsagentur.de/jobsuche/jobdetail/11949-17216506-S,11949-17216506-S
https://www.arbeitsagentur.de/jobsuche/jobdetail/14751-373A97086-S,14751-373A97086-S
https://www.arbeitsagentur.de/jobsuche/jobdetail/13424-1RE89BHKIGZ45Q92-S,13424-1RE89BHKIGZ45Q92-S
https://www.arbeitsagentur.de/jobsuche/jobdetail/10001-1003040217-S,10001-1003040217-S
https://www.arbeitsagentur.de/jobsuche/jobdetail/17394-2023-10270074-S,17394-2023-10270074-S
https://www.arbeitsagentur.de/jobsuche/jobdetail/13643-1L_606450-S,13643-1L_606450-S
https://www.arbeitsagentur.de/jobsuche/jobdetail/12288-4803135040-S,12288-4803135040-S
https://www.arbeitsagentur.de/jobsuche/jobdetail/15160-Z1C7VEIRD3NZM4ER-S,15160-Z1C7VEIRD3NZM4ER-S
https://www.arbeitsagentur.de/jobsuche/jobdetail/13635-e39abe3f_JB5139822-S,13635-e39abe3f_JB5139822-S
https://www.arbeitsagentur.de/jobsuche/jobdetail/13356-805510A48383C5-S,13356-805510A48383C5-S
https://www.arbeitsagentur.de/jobsuche/jobdetail/17332-0009c9000f2002-S,17332-0009c9000f2002-S
https://www.arbeitsagentur.de/jobsuche/jobdetail/10001-1003040308-S,10001-1003040308-S
https://www.arbeitsagentur.de/jobsuche/jobdetail/14087-1ASNWYL4A8MQVN2V-S,14087-1ASNWYL4A8MQVN2V-S
https://www.arbeitsagentur.de/jobsuche/jobdetail/20397-4804180349-S,20397-4804180349-S
https://www.arbeitsagentur.de/jobsuche/jobdetail/16134-k57824.39351-S,16134-k57824.39351-S
https://www.arbeitsagentur.de/jobsuche/jobdetail/16934-6FQ0OKYGD3XWLZZB-S,16934-6FQ0OKYGD3XWLZZB-S
https://www.arbeitsagentur.de/jobsuche/jobdetail/13334-00005f643ae001-S,13334-00005f643ae001-S
https://www.arbeitsagentur.de/jobsuche/jobdetail/11949-17214996-S,11949-17214996-S
https://www.arbeitsagentur.de/jobsuche/jobdetail/10001-1003042544-S,10001-1003042544-S
https://www.arbeitsagentur.de/jobsuche/jobdetail/10001-1003036275-S,10001-1003036275-S
https://www.arbeitsagentur.de/jobsuche/jobdetail/12634-BB-640820-7878-8388-S,12634-BB-640820-7878-8388-S
https://www.arbeitsagentur.de/jobsuche/jobdetail/10001-1003038427-S,10001-1003038427-S
https://www.arbeitsagentur.de/jobsuche/jobdetail/12704-3OWGNZRA1A9GGOHB-S,12704-3OWGNZRA1A9GGOHB-S
https://www.arbeitsagentur.de/jobsuche/jobdetail/14795-66435_118837-S,14795-66435_118837-S
https://www.arbeitsagentur.de/jobsuche/jobdetail/14751-70A22065-S,14751-70A22065-S
https://www.arbeitsagentur.de/jobsuche/jobdetail/10000-1206436292-S,10000-1206436292-S
https://www.arbeitsagentur.de/jobsuche/jobdetail/11949-17215750-S,11949-17215750-S
https://www.arbeitsagentur.de/jobsuche/jobdetail/13928-T8IEHK92G9LIZVRA-S,13928-T8IEHK92G9LIZVRA-S
https://www.arbeitsagentur.de/jobsuche/jobdetail/13635-7dfbb4eb_JB5140005-S,13635-7dfbb4eb_JB5140005-S
https://www.arbeitsagentur.de/jobsuche/jobdetail/12811-2248329-S,12811-2248329-S
https://www.arbeitsagentur.de/jobsuche/jobdetail/18248-D3EKJI0B13DM5LI5-S,18248-D3EKJI0B13DM5LI5-S
https://www.arbeitsagentur.de/jobsuche/jobdetail/12608-1401814-29038-1-S,12608-1401814-29038-1-S
https://www.arbeitsagentur.de/jobsuche/jobdetail/12811-2248995-S,12811-2248995-S
https://www.arbeitsagentur.de/jobsuche/jobdetail/10000-1206439773-S,10000-1206439773-S
https://www.arbeitsagentur.de/jobsuche/jobdetail/13356-102639A47891C7-S,13356-102639A47891C7-S
https://www.arbeitsagentur.de/jobsuche/jobdetail/11949-17216026-S,11949-17216026-S
https://www.arbeitsagentur.de/jobsuche/jobdetail/10001-1003043231-S,10001-1003043231-S
https://www.arbeitsagentur.de/jobsuche/jobdetail/10001-1003040724-S,10001-1003040724-S
https://www.arbeitsagentur.de/jobsuche/jobdetail/12072-V208YUSMDJMYMPEJ-S,12072-V208YUSMDJMYMPEJ-S
https://www.arbeitsagentur.de/jobsuche/jobdetail/12811-2248950-S,12811-2248950-S
https://www.arbeitsagentur.de/jobsuche/jobdetail/14274-JP8EZRAMZUNRMHUZ-S,14274-JP8EZRAMZUNRMHUZ-S
https://www.arbeitsagentur.de/jobsuche/jobdetail/10001-1003038309-S,10001-1003038309-S
https://www.arbeitsagentur.de/jobsuche/jobdetail/11949-17215197-S,11949-17215197-S
https://www.arbeitsagentur.de/jobsuche/jobdetail/12704-SCV1FXQHFZ3O6TP5-S,12704-SCV1FXQHFZ3O6TP5-S
https://www.arbeitsagentur.de/jobsuche/jobdetail/10001-1003042250-S,10001-1003042250-S
https://www.arbeitsagentur.de/jobsuche/jobdetail/10001-1003036073-S,10001-1003036073-S
https://www.arbeitsagentur.de/jobsuche/jobdetail/12811-2248812-S,12811-2248812-S
https://www.arbeitsagentur.de/jobsuche/jobdetail/11119-4791375607-S,11119-4791375607-S
https://www.arbeitsagentur.de/jobsuche/jobdetail/13635-bc556a43_JB5140942-S,13635-bc556a43_JB5140942-S
https://www.arbeitsagentur.de/jobsuche/jobdetail/18645-2026-13540001-S,18645-2026-13540001-S
https://www.arbeitsagentur.de/jobsuche/jobdetail/18024-100PJ000VEf0u-S,18024-100PJ000VEf0u-S
https://www.arbeitsagentur.de/jobsuche/jobdetail/13611-56d4deae3c2146e-S,13611-56d4deae3c2146e-S
https://www.arbeitsagentur.de/jobsuche/jobdetail/11949-17215899-S,11949-17215899-S
https://www.arbeitsagentur.de/jobsuche/jobdetail/14795-66460_118849-S,14795-66460_118849-S
https://www.arbeitsagentur.de/jobsuche/jobdetail/11119-4804127005-S,11119-4804127005-S
https://www.arbeitsagentur.de/jobsuche/jobdetail/12811-2248445-S,12811-2248445-S
https://www.arbeitsagentur.de/jobsuche/jobdetail/11119-4791110073-S,11119-4791110073-S
https://www.arbeitsagentur.de/jobsuche/jobdetail/11119-4791109760-S,11119-4791109760-S
https://www.arbeitsagentur.de/jobsuche/jobdetail/11112-2765-1770863-0-S,11112-2765-1770863-0-S
https://www.arbeitsagentur.de/jobsuche/jobdetail/13760-7OIQQVMD7IF1CC79-S,13760-7OIQQVMD7IF1CC79-S
https://www.arbeitsagentur.de/jobsuche/jobdetail/11081-RYV4H41XXNH9HM4T-S,11081-RYV4H41XXNH9HM4T-S
https://www.arbeitsagentur.de/jobsuche/jobdetail/14795-66427_118829-S,14795-66427_118829-S
https://www.arbeitsagentur.de/jobsuche/jobdetail/10001-1003039487-S,10001-1003039487-S
https://www.arbeitsagentur.de/jobsuche/jobdetail/11949-17215552-S,11949-17215552-S
https://www.arbeitsagentur.de/jobsuche/jobdetail/14751-70A22026-S,14751-70A22026-S
https://www.arbeitsagentur.de/jobsuche/jobdetail/12946-2912-1771040-0-S,12946-2912-1771040-0-S
https://www.arbeitsagentur.de/jobsuche/jobdetail/16791-C55HSSBYS9M35B06-S,16791-C55HSSBYS9M35B06-S
https://www.arbeitsagentur.de/jobsuche/jobdetail/12456-1571050-1-S,12456-1571050-1-S
https://www.arbeitsagentur.de/jobsuche/jobdetail/11949-17214424-S,11949-17214424-S
https://www.arbeitsagentur.de/jobsuche/jobdetail/13669-V06FLS8LE6CC5766-S,13669-V06FLS8LE6CC5766-S
https://www.arbeitsagentur.de/jobsuche/jobdetail/13635-cd5c7a23_JB5140819-S,13635-cd5c7a23_JB5140819-S
https://www.arbeitsagentur.de/jobsuche/jobdetail/11949-17215441-S,11949-17215441-S
https://www.arbeitsagentur.de/jobsuche/jobdetail/17560-01753d3efa1b46c-S,17560-01753d3efa1b46c-S
https://www.arbeitsagentur.de/jobsuche/jobdetail/16185-PVWEBGO3DBBRVAD8-S,16185-PVWEBGO3DBBRVAD8-S
https://www.arbeitsagentur.de/jobsuche/jobdetail/14792-KMYGKMCAP1BAIF6M-S,14792-KMYGKMCAP1BAIF6M-S
https://www.arbeitsagentur.de/jobsuche/jobdetail/19096-425924603-S,19096-425924603-S
https://www.arbeitsagentur.de/jobsuche/jobdetail/12203-ef9560cfdf44471-S,12203-ef9560cfdf44471-S
https://www.arbeitsagentur.de/jobsuche/jobdetail/14599-PK4LTOW2K8J0FDWZ-S,14599-PK4LTOW2K8J0FDWZ-S
https://www.arbeitsagentur.de/jobsuche/jobdetail/16547-OZA7L3IN5W6OBG1L-S,16547-OZA7L3IN5W6OBG1L-S
https://www.arbeitsagentur.de/jobsuche/jobdetail/11112-3424-1770831-0-S,11112-3424-1770831-0-S
https://www.arbeitsagentur.de/jobsuche/jobdetail/12759-3NPNJAOC3PVHHZTS-S,12759-3NPNJAOC3PVHHZTS-S
https://www.arbeitsagentur.de/jobsuche/jobdetail/13356-105555A39039C27-S,13356-105555A39039C27-S
https://www.arbeitsagentur.de/jobsuche/jobdetail/12122-209188-1771021-0-S,12122-209188-1771021-0-S
https://www.arbeitsagentur.de/jobsuche/jobdetail/10001-1003037551-S,10001-1003037551-S
https://www.arbeitsagentur.de/jobsuche/jobdetail/12811-2249290-S,12811-2249290-S
https://www.arbeitsagentur.de/jobsuche/jobdetail/10001-1003040953-S,10001-1003040953-S
https://www.arbeitsagentur.de/jobsuche/jobdetail/11949-17216479-S,11949-17216479-S
https://www.arbeitsagentur.de/jobsuche/jobdetail/10001-1003041546-S,10001-1003041546-S
https://www.arbeitsagentur.de/jobsuche/jobdetail/10001-1003043175-S,10001-1003043175-S
https://www.arbeitsagentur.de/jobsuche/jobdetail/13635-2a41cfe7_JB5140595-S,13635-2a41cfe7_JB5140595-S
https://www.arbeitsagentur.de/jobsuche/jobdetail/10001-1003040160-S,10001-1003040160-S
https://www.arbeitsagentur.de/jobsuche/jobdetail/10000-1206409089-S,10000-1206409089-S
https://www.arbeitsagentur.de/jobsuche/jobdetail/11864-KVI8F2OPBIVPBGFC-S,11864-KVI8F2OPBIVPBGFC-S
https://www.arbeitsagentur.de/jobsuche/jobdetail/14751-62A117722-S,14751-62A117722-S
https://www.arbeitsagentur.de/jobsuche/jobdetail/12811-2248710-S,12811-2248710-S
https://www.arbeitsagentur.de/jobsuche/jobdetail/10001-1003040250-S,10001-1003040250-S
https://www.arbeitsagentur.de/jobsuche/jobdetail/11949-17215765-S,11949-17215765-S
https://www.arbeitsagentur.de/jobsuche/jobdetail/12560-G4LJT5QR4SPK6CHE-S,12560-G4LJT5QR4SPK6CHE-S
https://www.arbeitsagentur.de/jobsuche/jobdetail/11949-17215732-S,11949-17215732-S
https://www.arbeitsagentur.de/jobsuche/jobdetail/10001-1003040589-S,10001-1003040589-S
https://www.arbeitsagentur.de/jobsuche/jobdetail/11081-GXCZR4CHVI8ALKOJ-S,11081-GXCZR4CHVI8ALKOJ-S
https://www.arbeitsagentur.de/jobsuche/jobdetail/13356-109526A48600C2-S,13356-109526A48600C2-S
https://www.arbeitsagentur.de/jobsuche/jobdetail/14751-272A541-S,14751-272A541-S
https://www.arbeitsagentur.de/jobsuche/jobdetail/10001-1003034905-S,10001-1003034905-S
https://www.arbeitsagentur.de/jobsuche/jobdetail/11949-17216232-S,11949-17216232-S
https://www.arbeitsagentur.de/jobsuche/jobdetail/16963-REF353A-8789163248-S,16963-REF353A-8789163248-S
https://www.arbeitsagentur.de/jobsuche/jobdetail/13356-102628A47931C7-S,13356-102628A47931C7-S
https://www.arbeitsagentur.de/jobsuche/jobdetail/10001-1003043163-S,10001-1003043163-S
https://www.arbeitsagentur.de/jobsuche/jobdetail/10001-1003033293-S,10001-1003033293-S
https://www.arbeitsagentur.de/jobsuche/jobdetail/10001-1003042800-S,10001-1003042800-S
https://www.arbeitsagentur.de/jobsuche/jobdetail/11949-17211795-S,11949-17211795-S
https://www.arbeitsagentur.de/jobsuche/jobdetail/10000-1206439802-S,10000-1206439802-S
https://www.arbeitsagentur.de/jobsuche/jobdetail/14011-44160302-56-S,14011-44160302-56-S
https://www.arbeitsagentur.de/jobsuche/jobdetail/12811-2248688-S,12811-2248688-S
https://www.arbeitsagentur.de/jobsuche/jobdetail/11868-13742560-S,11868-13742560-S
https://www.arbeitsagentur.de/jobsuche/jobdetail/11119-4804184852-S,11119-4804184852-S
https://www.arbeitsagentur.de/jobsuche/jobdetail/11949-17216267-S,11949-17216267-S
https://www.arbeitsagentur.de/jobsuche/jobdetail/11949-17216518-S,11949-17216518-S
https://www.arbeitsagentur.de/jobsuche/jobdetail/10001-1003039519-S,10001-1003039519-S
https://www.arbeitsagentur.de/jobsuche/jobdetail/14751-417A10868-S,14751-417A10868-S
https://www.arbeitsagentur.de/jobsuche/jobdetail/13635-a8114799_JB5140848-S,13635-a8114799_JB5140848-S
https://www.arbeitsagentur.de/jobsuche/jobdetail/12444-563465371443796-S,12444-563465371443796-S
https://www.arbeitsagentur.de/jobsuche/jobdetail/10001-1003043072-S,10001-1003043072-S
https://www.arbeitsagentur.de/jobsuche/jobdetail/18024-1002X000QYU02-S,18024-1002X000QYU02-S
https://www.arbeitsagentur.de/jobsuche/jobdetail/14385-617-2565657-26-S,14385-617-2565657-26-S
https://www.arbeitsagentur.de/jobsuche/jobdetail/11949-17215517-S,11949-17215517-S
https://www.arbeitsagentur.de/jobsuche/jobdetail/14040-NP36OKIVIJFSOARH-S,14040-NP36OKIVIJFSOARH-S
https://www.arbeitsagentur.de/jobsuche/jobdetail/13433-99JH9CGQHYQXG6C2-S,13433-99JH9CGQHYQXG6C2-S
https://www.arbeitsagentur.de/jobsuche/jobdetail/10000-1206446836-S,10000-1206446836-S
https://www.arbeitsagentur.de/jobsuche/jobdetail/10001-1003039731-S,10001-1003039731-S
https://www.arbeitsagentur.de/jobsuche/jobdetail/10001-1003042441-S,10001-1003042441-S
https://www.arbeitsagentur.de/jobsuche/jobdetail/18024-1008y000a2U0H-S,18024-1008y000a2U0H-S
https://www.arbeitsagentur.de/jobsuche/jobdetail/18024-100PJ000Gx01o-S,18024-100PJ000Gx01o-S
https://www.arbeitsagentur.de/jobsuche/jobdetail/10000-1206441283-S,10000-1206441283-S
https://www.arbeitsagentur.de/jobsuche/jobdetail/12811-2249178-S,12811-2249178-S
https://www.arbeitsagentur.de/jobsuche/jobdetail/10001-1003037675-S,10001-1003037675-S
https://www.arbeitsagentur.de/jobsuche/jobdetail/12608-1401697-4973-1-S,12608-1401697-4973-1-S
https://www.arbeitsagentur.de/jobsuche/jobdetail/16925-0I0KMML8IMMTW5ZK-S,16925-0I0KMML8IMMTW5ZK-S
https://www.arbeitsagentur.de/jobsuche/jobdetail/11119-4801679240-S,11119-4801679240-S
https://www.arbeitsagentur.de/jobsuche/jobdetail/13635-cdb472a7_JB5140344-S,13635-cdb472a7_JB5140344-S
https://www.arbeitsagentur.de/jobsuche/jobdetail/10000-1206442792-S,10000-1206442792-S
https://www.arbeitsagentur.de/jobsuche/jobdetail/14927-1kju7q7vr5h-S,14927-1kju7q7vr5h-S
https://www.arbeitsagentur.de/jobsuche/jobdetail/14927-2lt6e992r5s-S,14927-2lt6e992r5s-S
https://www.arbeitsagentur.de/jobsuche/jobdetail/11949-17215004-S,11949-17215004-S
https://www.arbeitsagentur.de/jobsuche/jobdetail/10001-1003035574-S,10001-1003035574-S
https://www.arbeitsagentur.de/jobsuche/jobdetail/12546-JGP4EZMU6IL0M300-S,12546-JGP4EZMU6IL0M300-S
https://www.arbeitsagentur.de/jobsuche/jobdetail/18384-NTK40W8PM78IZJ8N-S,18384-NTK40W8PM78IZJ8N-S
https://www.arbeitsagentur.de/jobsuche/jobdetail/10001-1003041790-S,10001-1003041790-S
https://www.arbeitsagentur.de/jobsuche/jobdetail/12608-1401811-8759-1-S,12608-1401811-8759-1-S
https://www.arbeitsagentur.de/jobsuche/jobdetail/18024-1002X000QGY0S-S,18024-1002X000QGY0S-S
https://www.arbeitsagentur.de/jobsuche/jobdetail/11949-17213142-S,11949-17213142-S
https://www.arbeitsagentur.de/jobsuche/jobdetail/10001-1003033956-S,10001-1003033956-S
https://www.arbeitsagentur.de/jobsuche/jobdetail/14811-00005d0973a001-S,14811-00005d0973a001-S
https://www.arbeitsagentur.de/jobsuche/jobdetail/13635-395ce2d2_JB5140228-S,13635-395ce2d2_JB5140228-S
https://www.arbeitsagentur.de/jobsuche/jobdetail/11949-17215133-S,11949-17215133-S
https://www.arbeitsagentur.de/jobsuche/jobdetail/10001-1003042434-S,10001-1003042434-S
https://www.arbeitsagentur.de/jobsuche/jobdetail/13356-105240A41348C26-S,13356-105240A41348C26-S
https://www.arbeitsagentur.de/jobsuche/jobdetail/10001-1003033665-S,10001-1003033665-S
https://www.arbeitsagentur.de/jobsuche/jobdetail/15690-XAPDEN7BRCFK5SGW-S,15690-XAPDEN7BRCFK5SGW-S
https://www.arbeitsagentur.de/jobsuche/jobdetail/11119-4792624730-S,11119-4792624730-S
https://www.arbeitsagentur.de/jobsuche/jobdetail/18548-k60632.1286-S,18548-k60632.1286-S
https://www.arbeitsagentur.de/jobsuche/jobdetail/18248-9XWASUGN35R67LOR-S,18248-9XWASUGN35R67LOR-S
https://www.arbeitsagentur.de/jobsuche/jobdetail/10001-1003041208-S,10001-1003041208-S
https://www.arbeitsagentur.de/jobsuche/jobdetail/10001-1003037807-S,10001-1003037807-S
https://www.arbeitsagentur.de/jobsuche/jobdetail/12306-5AJQWD1O2V9FPYER-S,12306-5AJQWD1O2V9FPYER-S
https://www.arbeitsagentur.de/jobsuche/jobdetail/12288-4803116619-S,12288-4803116619-S
https://www.arbeitsagentur.de/jobsuche/jobdetail/14722-JWTCITLVK9693TU7-S,14722-JWTCITLVK9693TU7-S
https://www.arbeitsagentur.de/jobsuche/jobdetail/11949-17215616-S,11949-17215616-S
https://www.arbeitsagentur.de/jobsuche/jobdetail/10001-1003039673-S,10001-1003039673-S
https://www.arbeitsagentur.de/jobsuche/jobdetail/14471-4LPTXKAG2EZXC1GZ-S,14471-4LPTXKAG2EZXC1GZ-S
https://www.arbeitsagentur.de/jobsuche/jobdetail/14385-407-2565346-26-S,14385-407-2565346-26-S
https://www.arbeitsagentur.de/jobsuche/jobdetail/14087-Q284B40OLS5HQ65U-S,14087-Q284B40OLS5HQ65U-S
https://www.arbeitsagentur.de/jobsuche/jobdetail/14751-373A95664-S,14751-373A95664-S
https://www.arbeitsagentur.de/jobsuche/jobdetail/12811-2249394-S,12811-2249394-S
https://www.arbeitsagentur.de/jobsuche/jobdetail/14751-70A22025-S,14751-70A22025-S
https://www.arbeitsagentur.de/jobsuche/jobdetail/12931-9886-1771044-0-S,12931-9886-1771044-0-S
https://www.arbeitsagentur.de/jobsuche/jobdetail/17803-260507172901-PS1421-S,17803-260507172901-PS1421-S
https://www.arbeitsagentur.de/jobsuche/jobdetail/10001-1003035915-S,10001-1003035915-S
https://www.arbeitsagentur.de/jobsuche/jobdetail/20242-4804157647-S,20242-4804157647-S
https://www.arbeitsagentur.de/jobsuche/jobdetail/10000-1206443967-S,10000-1206443967-S
https://www.arbeitsagentur.de/jobsuche/jobdetail/14927-1llwgl9mknp-S,14927-1llwgl9mknp-S
https://www.arbeitsagentur.de/jobsuche/jobdetail/15754-MEK0N1ABPUKQUQ21-S,15754-MEK0N1ABPUKQUQ21-S
https://www.arbeitsagentur.de/jobsuche/jobdetail/11949-17215355-S,11949-17215355-S
https://www.arbeitsagentur.de/jobsuche/jobdetail/14751-70A22049-S,14751-70A22049-S
https://www.arbeitsagentur.de/jobsuche/jobdetail/10001-1003036959-S,10001-1003036959-S
https://www.arbeitsagentur.de/jobsuche/jobdetail/18024-100PJ000UmZ1p-S,18024-100PJ000UmZ1p-S
https://www.arbeitsagentur.de/jobsuche/jobdetail/17803-260507172937-OA1420-S,17803-260507172937-OA1420-S
https://www.arbeitsagentur.de/jobsuche/jobdetail/12811-2249066-S,12811-2249066-S
https://www.arbeitsagentur.de/jobsuche/jobdetail/14751-437A345-S,14751-437A345-S
https://www.arbeitsagentur.de/jobsuche/jobdetail/10001-1003035345-S,10001-1003035345-S
https://www.arbeitsagentur.de/jobsuche/jobdetail/11119-4804165750-S,11119-4804165750-S
https://www.arbeitsagentur.de/jobsuche/jobdetail/13635-790aedc0_JB5139758-S,13635-790aedc0_JB5139758-S
https://www.arbeitsagentur.de/jobsuche/jobdetail/13465-00021a648c6001-S,13465-00021a648c6001-S
https://www.arbeitsagentur.de/jobsuche/jobdetail/10001-1003031106-S,10001-1003031106-S
https://www.arbeitsagentur.de/jobsuche/jobdetail/10000-1206450509-S,10000-1206450509-S
https://www.arbeitsagentur.de/jobsuche/jobdetail/14751-70A22053-S,14751-70A22053-S
https://www.arbeitsagentur.de/jobsuche/jobdetail/13247-43973-44605560481-0-S,13247-43973-44605560481-0-S
https://www.arbeitsagentur.de/jobsuche/jobdetail/10001-1003037160-S,10001-1003037160-S
https://www.arbeitsagentur.de/jobsuche/jobdetail/13525-k45548.3514-S,13525-k45548.3514-S
https://www.arbeitsagentur.de/jobsuche/jobdetail/13635-6ac07bc7_JB5140984-S,13635-6ac07bc7_JB5140984-S
https://www.arbeitsagentur.de/jobsuche/jobdetail/10001-1003038029-S,10001-1003038029-S
https://www.arbeitsagentur.de/jobsuche/jobdetail/17394-2026-13000006-S,17394-2026-13000006-S
https://www.arbeitsagentur.de/jobsuche/jobdetail/10001-1003035603-S,10001-1003035603-S
https://www.arbeitsagentur.de/jobsuche/jobdetail/17560-f2cb35d4bcb14d6-S,17560-f2cb35d4bcb14d6-S
https://www.arbeitsagentur.de/jobsuche/jobdetail/13038-4804172029-S,13038-4804172029-S
https://www.arbeitsagentur.de/jobsuche/jobdetail/12288-4803144237-S,12288-4803144237-S
https://www.arbeitsagentur.de/jobsuche/jobdetail/10001-1003040825-S,10001-1003040825-S
https://www.arbeitsagentur.de/jobsuche/jobdetail/10001-1003040075-S,10001-1003040075-S
https://www.arbeitsagentur.de/jobsuche/jobdetail/12086-5BBRQBDOEFA5FM6Y-S,12086-5BBRQBDOEFA5FM6Y-S
https://www.arbeitsagentur.de/jobsuche/jobdetail/10001-1003042677-S,10001-1003042677-S
https://www.arbeitsagentur.de/jobsuche/jobdetail/11119-4791360979-S,11119-4791360979-S
https://www.arbeitsagentur.de/jobsuche/jobdetail/11949-17215663-S,11949-17215663-S
https://www.arbeitsagentur.de/jobsuche/jobdetail/10001-1003041869-S,10001-1003041869-S
https://www.arbeitsagentur.de/jobsuche/jobdetail/14040-AH6SZ1LSHJT7ZWW3-S,14040-AH6SZ1LSHJT7ZWW3-S
https://www.arbeitsagentur.de/jobsuche/jobdetail/14722-5435D7XK4WTGIGQO-S,14722-5435D7XK4WTGIGQO-S
https://www.arbeitsagentur.de/jobsuche/jobdetail/14751-70A21978-S,14751-70A21978-S
https://www.arbeitsagentur.de/jobsuche/jobdetail/14081-JOB-838212-S,14081-JOB-838212-S
https://www.arbeitsagentur.de/jobsuche/jobdetail/19033-00006800949002-S,19033-00006800949002-S
https://www.arbeitsagentur.de/jobsuche/jobdetail/13424-V6CH6F2HIPUFVCA3-S,13424-V6CH6F2HIPUFVCA3-S
https://www.arbeitsagentur.de/jobsuche/jobdetail/12288-4803139290-S,12288-4803139290-S
https://www.arbeitsagentur.de/jobsuche/jobdetail/12288-4804125400-S,12288-4804125400-S
https://www.arbeitsagentur.de/jobsuche/jobdetail/12122-208659-1769648-0-S,12122-208659-1769648-0-S
https://www.arbeitsagentur.de/jobsuche/jobdetail/13635-adf19122_JB5140119-S,13635-adf19122_JB5140119-S
https://www.arbeitsagentur.de/jobsuche/jobdetail/10001-1003040765-S,10001-1003040765-S
https://www.arbeitsagentur.de/jobsuche/jobdetail/15570-8f4b0b6603724c88-S,15570-8f4b0b6603724c88-S
https://www.arbeitsagentur.de/jobsuche/jobdetail/14087-3HDR6UR1CIIA1OE4-S,14087-3HDR6UR1CIIA1OE4-S
https://www.arbeitsagentur.de/jobsuche/jobdetail/14795-66538_118944-S,14795-66538_118944-S
https://www.arbeitsagentur.de/jobsuche/jobdetail/12288-4803130324-S,12288-4803130324-S
https://www.arbeitsagentur.de/jobsuche/jobdetail/11081-9C532I1GGY1VMS8Y-S,11081-9C532I1GGY1VMS8Y-S
https://www.arbeitsagentur.de/jobsuche/jobdetail/13999-k53401.30930-S,13999-k53401.30930-S
https://www.arbeitsagentur.de/jobsuche/jobdetail/10001-1003042886-S,10001-1003042886-S
https://www.arbeitsagentur.de/jobsuche/jobdetail/17803-260507172806-PF1414-S,17803-260507172806-PF1414-S
https://www.arbeitsagentur.de/jobsuche/jobdetail/10000-1206446857-S,10000-1206446857-S
https://www.arbeitsagentur.de/jobsuche/jobdetail/10001-1003038933-S,10001-1003038933-S
https://www.arbeitsagentur.de/jobsuche/jobdetail/10001-1003037123-S,10001-1003037123-S
https://www.arbeitsagentur.de/jobsuche/jobdetail/10001-1003035890-S,10001-1003035890-S
https://www.arbeitsagentur.de/jobsuche/jobdetail/10001-1003038443-S,10001-1003038443-S
https://www.arbeitsagentur.de/jobsuche/jobdetail/10001-1003042572-S,10001-1003042572-S
https://www.arbeitsagentur.de/jobsuche/jobdetail/13669-Y6N6ICHU28FRUMVS-S,13669-Y6N6ICHU28FRUMVS-S
https://www.arbeitsagentur.de/jobsuche/jobdetail/14792-76JBKWVKYJCF108H-S,14792-76JBKWVKYJCF108H-S
https://www.arbeitsagentur.de/jobsuche/jobdetail/13638-062039605-S,13638-062039605-S
https://www.arbeitsagentur.de/jobsuche/jobdetail/14385-408-2565361-26-S,14385-408-2565361-26-S
https://www.arbeitsagentur.de/jobsuche/jobdetail/10001-1003040366-S,10001-1003040366-S
https://www.arbeitsagentur.de/jobsuche/jobdetail/10001-1003042230-S,10001-1003042230-S
https://www.arbeitsagentur.de/jobsuche/jobdetail/13916-44160828-56-S,13916-44160828-56-S
https://www.arbeitsagentur.de/jobsuche/jobdetail/13635-b19051a4_JB5140728-S,13635-b19051a4_JB5140728-S
https://www.arbeitsagentur.de/jobsuche/jobdetail/17560-b29965aba2e2421-S,17560-b29965aba2e2421-S
https://www.arbeitsagentur.de/jobsuche/jobdetail/15576-2248561-S,15576-2248561-S
https://www.arbeitsagentur.de/jobsuche/jobdetail/14751-296A1026-S,14751-296A1026-S
https://www.arbeitsagentur.de/jobsuche/jobdetail/13334-00005f643ee001-S,13334-00005f643ee001-S
https://www.arbeitsagentur.de/jobsuche/jobdetail/13280-LYHF1F2RRQK9INEI-S,13280-LYHF1F2RRQK9INEI-S
https://www.arbeitsagentur.de/jobsuche/jobdetail/10001-1003035916-S,10001-1003035916-S
https://www.arbeitsagentur.de/jobsuche/jobdetail/11119-4804136889-S,11119-4804136889-S
https://www.arbeitsagentur.de/jobsuche/jobdetail/10001-1003043237-S,10001-1003043237-S
https://www.arbeitsagentur.de/jobsuche/jobdetail/11119-4803364209-S,11119-4803364209-S
https://www.arbeitsagentur.de/jobsuche/jobdetail/11119-4802929105-S,11119-4802929105-S
https://www.arbeitsagentur.de/jobsuche/jobdetail/11949-17213799-S,11949-17213799-S
https://www.arbeitsagentur.de/jobsuche/jobdetail/17489-d0b201be53fe466-S,17489-d0b201be53fe466-S
https://www.arbeitsagentur.de/jobsuche/jobdetail/16907-0064597198-S,16907-0064597198-S
https://www.arbeitsagentur.de/jobsuche/jobdetail/13635-5fe3fc1f_JB5140632-S,13635-5fe3fc1f_JB5140632-S
https://www.arbeitsagentur.de/jobsuche/jobdetail/13356-102628A38372C2-S,13356-102628A38372C2-S
https://www.arbeitsagentur.de/jobsuche/jobdetail/10001-1003039462-S,10001-1003039462-S
https://www.arbeitsagentur.de/jobsuche/jobdetail/14751-373A95804-S,14751-373A95804-S
https://www.arbeitsagentur.de/jobsuche/jobdetail/18914-55EU35OM16D8E9O5-S,18914-55EU35OM16D8E9O5-S
https://www.arbeitsagentur.de/jobsuche/jobdetail/12086-1H48UXEJIJX88EOC-S,12086-1H48UXEJIJX88EOC-S
https://www.arbeitsagentur.de/jobsuche/jobdetail/18248-0YMQYNWY3LMFECYQ-S,18248-0YMQYNWY3LMFECYQ-S
https://www.arbeitsagentur.de/jobsuche/jobdetail/10001-1003033495-S,10001-1003033495-S
https://www.arbeitsagentur.de/jobsuche/jobdetail/13635-4edafa93_JB5140838-S,13635-4edafa93_JB5140838-S
https://www.arbeitsagentur.de/jobsuche/jobdetail/13517-0000301ae06001-S,13517-0000301ae06001-S
https://www.arbeitsagentur.de/jobsuche/jobdetail/11949-17215880-S,11949-17215880-S
https://www.arbeitsagentur.de/jobsuche/jobdetail/12913-f90f541d4cf77c2d-S,12913-f90f541d4cf77c2d-S
https://www.arbeitsagentur.de/jobsuche/jobdetail/15631-HTXQENVEW85OWWBL-S,15631-HTXQENVEW85OWWBL-S
https://www.arbeitsagentur.de/jobsuche/jobdetail/16291-031225a8089541c-S,16291-031225a8089541c-S
https://www.arbeitsagentur.de/jobsuche/jobdetail/11949-17214140-S,11949-17214140-S
https://www.arbeitsagentur.de/jobsuche/jobdetail/11949-17214974-S,11949-17214974-S
https://www.arbeitsagentur.de/jobsuche/jobdetail/10000-1206431107-S,10000-1206431107-S
https://www.arbeitsagentur.de/jobsuche/jobdetail/11081-PD4M2H9FCTYJ6FMB-S,11081-PD4M2H9FCTYJ6FMB-S
https://www.arbeitsagentur.de/jobsuche/jobdetail/12288-4803170644-S,12288-4803170644-S
https://www.arbeitsagentur.de/jobsuche/jobdetail/11119-4804125635-S,11119-4804125635-S
https://www.arbeitsagentur.de/jobsuche/jobdetail/13635-9552aadf_JB5140227-S,13635-9552aadf_JB5140227-S
https://www.arbeitsagentur.de/jobsuche/jobdetail/13334-00005f643f2001-S,13334-00005f643f2001-S
https://www.arbeitsagentur.de/jobsuche/jobdetail/17489-c573e6edbb09487-S,17489-c573e6edbb09487-S
https://www.arbeitsagentur.de/jobsuche/jobdetail/10001-1003034002-S,10001-1003034002-S
https://www.arbeitsagentur.de/jobsuche/jobdetail/10001-1003036306-S,10001-1003036306-S
https://www.arbeitsagentur.de/jobsuche/jobdetail/12811-2249161-S,12811-2249161-S
https://www.arbeitsagentur.de/jobsuche/jobdetail/10000-1206445050-S,10000-1206445050-S
https://www.arbeitsagentur.de/jobsuche/jobdetail/13635-6160f594_JB5140430-S,13635-6160f594_JB5140430-S
https://www.arbeitsagentur.de/jobsuche/jobdetail/13356-109526A47109C1-S,13356-109526A47109C1-S
https://www.arbeitsagentur.de/jobsuche/jobdetail/11852-944058920-S,11852-944058920-S
https://www.arbeitsagentur.de/jobsuche/jobdetail/10001-1003039847-S,10001-1003039847-S
https://www.arbeitsagentur.de/jobsuche/jobdetail/13635-353afddc_JB5141172-S,13635-353afddc_JB5141172-S
https://www.arbeitsagentur.de/jobsuche/jobdetail/13356-105555A47761C8-S,13356-105555A47761C8-S
https://www.arbeitsagentur.de/jobsuche/jobdetail/12203-f4b409a4036b431-S,12203-f4b409a4036b431-S
https://www.arbeitsagentur.de/jobsuche/jobdetail/14385-449-2565456-26-S,14385-449-2565456-26-S
https://www.arbeitsagentur.de/jobsuche/jobdetail/10000-1206440072-S,10000-1206440072-S
https://www.arbeitsagentur.de/jobsuche/jobdetail/10000-1206448189-S,10000-1206448189-S
https://www.arbeitsagentur.de/jobsuche/jobdetail/16963-REF384I-6842617248-S,16963-REF384I-6842617248-S
https://www.arbeitsagentur.de/jobsuche/jobdetail/12908-062039315-S,12908-062039315-S
https://www.arbeitsagentur.de/jobsuche/jobdetail/15910-k55670.3575-S,15910-k55670.3575-S
https://www.arbeitsagentur.de/jobsuche/jobdetail/10000-1206431126-S,10000-1206431126-S
https://www.arbeitsagentur.de/jobsuche/jobdetail/14795-66132_118861-S,14795-66132_118861-S
https://www.arbeitsagentur.de/jobsuche/jobdetail/11949-17214725-S,11949-17214725-S
https://www.arbeitsagentur.de/jobsuche/jobdetail/17803-260507173152-AH1410-S,17803-260507173152-AH1410-S
https://www.arbeitsagentur.de/jobsuche/jobdetail/10001-1003041179-S,10001-1003041179-S
https://www.arbeitsagentur.de/jobsuche/jobdetail/10001-1003038539-S,10001-1003038539-S
https://www.arbeitsagentur.de/jobsuche/jobdetail/11119-4792604422-S,11119-4792604422-S
https://www.arbeitsagentur.de/jobsuche/jobdetail/15537-JOB-591571-S,15537-JOB-591571-S
https://www.arbeitsagentur.de/jobsuche/jobdetail/14751-417A10935-S,14751-417A10935-S
https://www.arbeitsagentur.de/jobsuche/jobdetail/12811-2248809-S,12811-2248809-S
https://www.arbeitsagentur.de/jobsuche/jobdetail/13356-102627A45096C20-S,13356-102627A45096C20-S
https://www.arbeitsagentur.de/jobsuche/jobdetail/17803-260507172901-PS1417-S,17803-260507172901-PS1417-S
https://www.arbeitsagentur.de/jobsuche/jobdetail/11949-17215716-S,11949-17215716-S
https://www.arbeitsagentur.de/jobsuche/jobdetail/11949-17213625-S,11949-17213625-S
https://www.arbeitsagentur.de/jobsuche/jobdetail/13818-ZP48OEN54HVT4KS4-S,13818-ZP48OEN54HVT4KS4-S
https://www.arbeitsagentur.de/jobsuche/jobdetail/10001-1003042473-S,10001-1003042473-S
https://www.arbeitsagentur.de/jobsuche/jobdetail/17907-44160604-56-S,17907-44160604-56-S
https://www.arbeitsagentur.de/jobsuche/jobdetail/13398-k12330.30211-S,13398-k12330.30211-S
https://www.arbeitsagentur.de/jobsuche/jobdetail/12704-ZZ5DL5PKCC1SQJD8-S,12704-ZZ5DL5PKCC1SQJD8-S
https://www.arbeitsagentur.de/jobsuche/jobdetail/12465-1554917-3-S,12465-1554917-3-S
https://www.arbeitsagentur.de/jobsuche/jobdetail/11949-17216295-S,11949-17216295-S
https://www.arbeitsagentur.de/jobsuche/jobdetail/14751-70A22013-S,14751-70A22013-S
https://www.arbeitsagentur.de/jobsuche/jobdetail/18024-100PJ000Rv90q-S,18024-100PJ000Rv90q-S
https://www.arbeitsagentur.de/jobsuche/jobdetail/11949-17215175-S,11949-17215175-S
https://www.arbeitsagentur.de/jobsuche/jobdetail/17803-260507172724-PH1422-S,17803-260507172724-PH1422-S
https://www.arbeitsagentur.de/jobsuche/jobdetail/11119-4803021990-S,11119-4803021990-S
https://www.arbeitsagentur.de/jobsuche/jobdetail/10001-1003037962-S,10001-1003037962-S
https://www.arbeitsagentur.de/jobsuche/jobdetail/16291-48465e0ba06b414-S,16291-48465e0ba06b414-S
https://www.arbeitsagentur.de/jobsuche/jobdetail/14751-373A95801-S,14751-373A95801-S
https://www.arbeitsagentur.de/jobsuche/jobdetail/13424-36N1YVZCI2IBP1AU-S,13424-36N1YVZCI2IBP1AU-S
https://www.arbeitsagentur.de/jobsuche/jobdetail/14795-66616_118811-S,14795-66616_118811-S
https://www.arbeitsagentur.de/jobsuche/jobdetail/10001-1003037149-S,10001-1003037149-S
https://www.arbeitsagentur.de/jobsuche/jobdetail/13465-00021a648ba001-S,13465-00021a648ba001-S
https://www.arbeitsagentur.de/jobsuche/jobdetail/12759-YI0BEWK7TOA55AL7-S,12759-YI0BEWK7TOA55AL7-S
https://www.arbeitsagentur.de/jobsuche/jobdetail/16547-L127S6DFTES7J0LP-S,16547-L127S6DFTES7J0LP-S
https://www.arbeitsagentur.de/jobsuche/jobdetail/13999-k53401.30923-S,13999-k53401.30923-S
https://www.arbeitsagentur.de/jobsuche/jobdetail/11949-17215707-S,11949-17215707-S
https://www.arbeitsagentur.de/jobsuche/jobdetail/11949-17216133-S,11949-17216133-S
https://www.arbeitsagentur.de/jobsuche/jobdetail/11119-4804137087-S,11119-4804137087-S
https://www.arbeitsagentur.de/jobsuche/jobdetail/12811-2248123-S,12811-2248123-S
https://www.arbeitsagentur.de/jobsuche/jobdetail/10001-1003036846-S,10001-1003036846-S
https://www.arbeitsagentur.de/jobsuche/jobdetail/10001-1003038281-S,10001-1003038281-S
https://www.arbeitsagentur.de/jobsuche/jobdetail/11949-16953360-S,11949-16953360-S
https://www.arbeitsagentur.de/jobsuche/jobdetail/11949-17215002-S,11949-17215002-S
https://www.arbeitsagentur.de/jobsuche/jobdetail/11081-27ZKVBWVEY4J8V09-S,11081-27ZKVBWVEY4J8V09-S
https://www.arbeitsagentur.de/jobsuche/jobdetail/10000-1206446758-S,10000-1206446758-S
https://www.arbeitsagentur.de/jobsuche/jobdetail/15303-LAXWDGFA35E1AFDL-S,15303-LAXWDGFA35E1AFDL-S
https://www.arbeitsagentur.de/jobsuche/jobdetail/13635-08e9e385_JB5140464-S,13635-08e9e385_JB5140464-S
https://www.arbeitsagentur.de/jobsuche/jobdetail/10001-1003036389-S,10001-1003036389-S
https://www.arbeitsagentur.de/jobsuche/jobdetail/12086-BC0LO3D2NMCFFC3C-S,12086-BC0LO3D2NMCFFC3C-S
https://www.arbeitsagentur.de/jobsuche/jobdetail/17803-260507172806-PF1420-S,17803-260507172806-PF1420-S
https://www.arbeitsagentur.de/jobsuche/jobdetail/13038-4804111674-S,13038-4804111674-S
https://www.arbeitsagentur.de/jobsuche/jobdetail/10001-1003034146-S,10001-1003034146-S
https://www.arbeitsagentur.de/jobsuche/jobdetail/12086-8GRZFBDG0XYFOWFZ-S,12086-8GRZFBDG0XYFOWFZ-S
https://www.arbeitsagentur.de/jobsuche/jobdetail/17803-260507173118-HE1407-S,17803-260507173118-HE1407-S
https://www.arbeitsagentur.de/jobsuche/jobdetail/16864-XFNQNTU1VUB3BGJ5-S,16864-XFNQNTU1VUB3BGJ5-S
https://www.arbeitsagentur.de/jobsuche/jobdetail/17803-66DOTW88VFXY8VOC-S,17803-66DOTW88VFXY8VOC-S
https://www.arbeitsagentur.de/jobsuche/jobdetail/13356-102628A46742C14-S,13356-102628A46742C14-S
https://www.arbeitsagentur.de/jobsuche/jobdetail/10001-1003041789-S,10001-1003041789-S
https://www.arbeitsagentur.de/jobsuche/jobdetail/14751-417A10848-S,14751-417A10848-S
https://www.arbeitsagentur.de/jobsuche/jobdetail/10000-1206425543-S,10000-1206425543-S
https://www.arbeitsagentur.de/jobsuche/jobdetail/12122-209098-1770696-0-S,12122-209098-1770696-0-S
https://www.arbeitsagentur.de/jobsuche/jobdetail/13635-964057ec_JB5139713-S,13635-964057ec_JB5139713-S
https://www.arbeitsagentur.de/jobsuche/jobdetail/14795-66384_118823-S,14795-66384_118823-S
https://www.arbeitsagentur.de/jobsuche/jobdetail/14751-70A22052-S,14751-70A22052-S
https://www.arbeitsagentur.de/jobsuche/jobdetail/15704-k52743.12892-S,15704-k52743.12892-S
https://www.arbeitsagentur.de/jobsuche/jobdetail/14087-26OYJ2AFOMUBVGD0-S,14087-26OYJ2AFOMUBVGD0-S
https://www.arbeitsagentur.de/jobsuche/jobdetail/18024-100PJ000VF70u-S,18024-100PJ000VF70u-S
https://www.arbeitsagentur.de/jobsuche/jobdetail/10001-1003035562-S,10001-1003035562-S
https://www.arbeitsagentur.de/jobsuche/jobdetail/10001-1003037833-S,10001-1003037833-S
https://www.arbeitsagentur.de/jobsuche/jobdetail/12288-4803157898-S,12288-4803157898-S
https://www.arbeitsagentur.de/jobsuche/jobdetail/10001-1003038114-S,10001-1003038114-S
https://www.arbeitsagentur.de/jobsuche/jobdetail/13635-825b1c3f_JB5140598-S,13635-825b1c3f_JB5140598-S
https://www.arbeitsagentur.de/jobsuche/jobdetail/14751-70A21979-S,14751-70A21979-S
https://www.arbeitsagentur.de/jobsuche/jobdetail/11949-17216164-S,11949-17216164-S
https://www.arbeitsagentur.de/jobsuche/jobdetail/11081-WEGMFPQPJEO1FNRN-S,11081-WEGMFPQPJEO1FNRN-S
https://www.arbeitsagentur.de/jobsuche/jobdetail/10001-1003042113-S,10001-1003042113-S
https://www.arbeitsagentur.de/jobsuche/jobdetail/10000-1206442467-S,10000-1206442467-S
https://www.arbeitsagentur.de/jobsuche/jobdetail/18777-944267106-S,18777-944267106-S
https://www.arbeitsagentur.de/jobsuche/jobdetail/11119-4792608600-S,11119-4792608600-S
https://www.arbeitsagentur.de/jobsuche/jobdetail/12759-7CAYSOL5XS1CJLCC-S,12759-7CAYSOL5XS1CJLCC-S
https://www.arbeitsagentur.de/jobsuche/jobdetail/12811-2249163-S,12811-2249163-S
https://www.arbeitsagentur.de/jobsuche/jobdetail/14377-ZD2IW6TZEIIZFKAG-S,14377-ZD2IW6TZEIIZFKAG-S
https://www.arbeitsagentur.de/jobsuche/jobdetail/12704-6NG7D3J66BDND6R3-S,12704-6NG7D3J66BDND6R3-S
https://www.arbeitsagentur.de/jobsuche/jobdetail/11949-17216009-S,11949-17216009-S
https://www.arbeitsagentur.de/jobsuche/jobdetail/10000-1206442127-S,10000-1206442127-S
https://www.arbeitsagentur.de/jobsuche/jobdetail/11949-17214973-S,11949-17214973-S
https://www.arbeitsagentur.de/jobsuche/jobdetail/12811-2248689-S,12811-2248689-S
https://www.arbeitsagentur.de/jobsuche/jobdetail/11949-17216191-S,11949-17216191-S
https://www.arbeitsagentur.de/jobsuche/jobdetail/12608-1401770-22373-1-S,12608-1401770-22373-1-S
https://www.arbeitsagentur.de/jobsuche/jobdetail/10001-1003038151-S,10001-1003038151-S
https://www.arbeitsagentur.de/jobsuche/jobdetail/17724-JEWA1HQBRLRFS0HK-S,17724-JEWA1HQBRLRFS0HK-S
https://www.arbeitsagentur.de/jobsuche/jobdetail/14372-EXOZAE4W1TQG0CXL-S,14372-EXOZAE4W1TQG0CXL-S
https://www.arbeitsagentur.de/jobsuche/jobdetail/10000-1206439027-S,10000-1206439027-S
https://www.arbeitsagentur.de/jobsuche/jobdetail/10000-1206438386-S,10000-1206438386-S
https://www.arbeitsagentur.de/jobsuche/jobdetail/13247-43967-19990540091-0-S,13247-43967-19990540091-0-S
https://www.arbeitsagentur.de/jobsuche/jobdetail/13635-5066fe0b_JB5139844-S,13635-5066fe0b_JB5139844-S
https://www.arbeitsagentur.de/jobsuche/jobdetail/10001-1003040223-S,10001-1003040223-S
https://www.arbeitsagentur.de/jobsuche/jobdetail/11949-17215855-S,11949-17215855-S
https://www.arbeitsagentur.de/jobsuche/jobdetail/14751-70A22045-S,14751-70A22045-S
https://www.arbeitsagentur.de/jobsuche/jobdetail/13635-4677551b_JB5141083-S,13635-4677551b_JB5141083-S
https://www.arbeitsagentur.de/jobsuche/jobdetail/10001-1003039679-S,10001-1003039679-S
https://www.arbeitsagentur.de/jobsuche/jobdetail/12668-e30a858ee739477-S,12668-e30a858ee739477-S
https://www.arbeitsagentur.de/jobsuche/jobdetail/10001-1003036061-S,10001-1003036061-S
https://www.arbeitsagentur.de/jobsuche/jobdetail/10001-1003037516-S,10001-1003037516-S
https://www.arbeitsagentur.de/jobsuche/jobdetail/11949-17215134-S,11949-17215134-S
https://www.arbeitsagentur.de/jobsuche/jobdetail/18248-5S072NCSNGG7WPF2-S,18248-5S072NCSNGG7WPF2-S
https://www.arbeitsagentur.de/jobsuche/jobdetail/11949-17215086-S,11949-17215086-S
https://www.arbeitsagentur.de/jobsuche/jobdetail/13433-RL3MLQ483I5MTLOU-S,13433-RL3MLQ483I5MTLOU-S
https://www.arbeitsagentur.de/jobsuche/jobdetail/13270-2026-00003572-1-S,13270-2026-00003572-1-S
https://www.arbeitsagentur.de/jobsuche/jobdetail/10001-1003040019-S,10001-1003040019-S
https://www.arbeitsagentur.de/jobsuche/jobdetail/10001-1003040995-S,10001-1003040995-S
https://www.arbeitsagentur.de/jobsuche/jobdetail/17803-260506170951-OA1317-S,17803-260506170951-OA1317-S
https://www.arbeitsagentur.de/jobsuche/jobdetail/10001-1003036559-S,10001-1003036559-S
https://www.arbeitsagentur.de/jobsuche/jobdetail/11949-17214820-S,11949-17214820-S
https://www.arbeitsagentur.de/jobsuche/jobdetail/12147-20260507219334-S,12147-20260507219334-S
https://www.arbeitsagentur.de/jobsuche/jobdetail/12288-4804128587-S,12288-4804128587-S
https://www.arbeitsagentur.de/jobsuche/jobdetail/14751-373A96048-S,14751-373A96048-S
https://www.arbeitsagentur.de/jobsuche/jobdetail/10001-1003040910-S,10001-1003040910-S
https://www.arbeitsagentur.de/jobsuche/jobdetail/10001-1003034910-S,10001-1003034910-S
https://www.arbeitsagentur.de/jobsuche/jobdetail/11119-4804135808-S,11119-4804135808-S
https://www.arbeitsagentur.de/jobsuche/jobdetail/10001-1003036704-S,10001-1003036704-S
https://www.arbeitsagentur.de/jobsuche/jobdetail/15170-457879742-S,15170-457879742-S
https://www.arbeitsagentur.de/jobsuche/jobdetail/10000-1206436059-S,10000-1206436059-S
https://www.arbeitsagentur.de/jobsuche/jobdetail/13635-87966f69_JB5140593-S,13635-87966f69_JB5140593-S
https://www.arbeitsagentur.de/jobsuche/jobdetail/16317-L7KUG4NG1JLFPUJ2-S,16317-L7KUG4NG1JLFPUJ2-S
https://www.arbeitsagentur.de/jobsuche/jobdetail/13947-00009d180be001-S,13947-00009d180be001-S
https://www.arbeitsagentur.de/jobsuche/jobdetail/17803-260506170748-PF1324-S,17803-260506170748-PF1324-S
https://www.arbeitsagentur.de/jobsuche/jobdetail/11949-17216022-S,11949-17216022-S
https://www.arbeitsagentur.de/jobsuche/jobdetail/13635-813ce3c1_JB5139820-S,13635-813ce3c1_JB5139820-S
https://www.arbeitsagentur.de/jobsuche/jobdetail/17803-260507173118-HE1405-S,17803-260507173118-HE1405-S
https://www.arbeitsagentur.de/jobsuche/jobdetail/10000-1206442047-S,10000-1206442047-S
https://www.arbeitsagentur.de/jobsuche/jobdetail/10000-1206435824-S,10000-1206435824-S
https://www.arbeitsagentur.de/jobsuche/jobdetail/11119-4791370398-S,11119-4791370398-S
https://www.arbeitsagentur.de/jobsuche/jobdetail/12811-2249093-S,12811-2249093-S
https://www.arbeitsagentur.de/jobsuche/jobdetail/10001-1003042382-S,10001-1003042382-S
https://www.arbeitsagentur.de/jobsuche/jobdetail/13635-d4f610b8_JB5140219-S,13635-d4f610b8_JB5140219-S
https://www.arbeitsagentur.de/jobsuche/jobdetail/12162-C1VNQM3ZA483JVVZ-S,12162-C1VNQM3ZA483JVVZ-S
https://www.arbeitsagentur.de/jobsuche/jobdetail/18024-100PJ000Vcw00-S,18024-100PJ000Vcw00-S
https://www.arbeitsagentur.de/jobsuche/jobdetail/11850-417A957-S,11850-417A957-S
https://www.arbeitsagentur.de/jobsuche/jobdetail/11949-17215366-S,11949-17215366-S
https://www.arbeitsagentur.de/jobsuche/jobdetail/10001-1003040135-S,10001-1003040135-S
https://www.arbeitsagentur.de/jobsuche/jobdetail/17803-260507173118-HE1419-S,17803-260507173118-HE1419-S
https://www.arbeitsagentur.de/jobsuche/jobdetail/11949-17214180-S,11949-17214180-S
https://www.arbeitsagentur.de/jobsuche/jobdetail/15006-k40180.5763-S,15006-k40180.5763-S
https://www.arbeitsagentur.de/jobsuche/jobdetail/11949-17215444-S,11949-17215444-S
https://www.arbeitsagentur.de/jobsuche/jobdetail/11119-4791109569-S,11119-4791109569-S
https://www.arbeitsagentur.de/jobsuche/jobdetail/11949-17215764-S,11949-17215764-S
https://www.arbeitsagentur.de/jobsuche/jobdetail/10001-1003040032-S,10001-1003040032-S
https://www.arbeitsagentur.de/jobsuche/jobdetail/10001-1003036512-S,10001-1003036512-S
https://www.arbeitsagentur.de/jobsuche/jobdetail/10000-1206447567-S,10000-1206447567-S
https://www.arbeitsagentur.de/jobsuche/jobdetail/11081-BNW726VD1JU0HXX6-S,11081-BNW726VD1JU0HXX6-S
https://www.arbeitsagentur.de/jobsuche/jobdetail/12975-k11154.1580-S,12975-k11154.1580-S
https://www.arbeitsagentur.de/jobsuche/jobdetail/16185-L0L70CVJJOUHE38K-S,16185-L0L70CVJJOUHE38K-S
https://www.arbeitsagentur.de/jobsuche/jobdetail/14751-373A97254-S,14751-373A97254-S
https://www.arbeitsagentur.de/jobsuche/jobdetail/10001-1003035857-S,10001-1003035857-S
https://www.arbeitsagentur.de/jobsuche/jobdetail/10001-1003042485-S,10001-1003042485-S
https://www.arbeitsagentur.de/jobsuche/jobdetail/14751-70A22076-S,14751-70A22076-S
https://www.arbeitsagentur.de/jobsuche/jobdetail/11119-4791109909-S,11119-4791109909-S
https://www.arbeitsagentur.de/jobsuche/jobdetail/14373-k36443.4006-S,14373-k36443.4006-S
https://www.arbeitsagentur.de/jobsuche/jobdetail/11949-17215617-S,11949-17215617-S
https://www.arbeitsagentur.de/jobsuche/jobdetail/10001-1003038425-S,10001-1003038425-S
https://www.arbeitsagentur.de/jobsuche/jobdetail/10001-1003042556-S,10001-1003042556-S
https://www.arbeitsagentur.de/jobsuche/jobdetail/11949-17216261-S,11949-17216261-S
https://www.arbeitsagentur.de/jobsuche/jobdetail/10000-1206435032-S,10000-1206435032-S
https://www.arbeitsagentur.de/jobsuche/jobdetail/10001-1003041542-S,10001-1003041542-S
https://www.arbeitsagentur.de/jobsuche/jobdetail/17803-260507172724-PH1401-S,17803-260507172724-PH1401-S
https://www.arbeitsagentur.de/jobsuche/jobdetail/18024-100BR0003Z00e-S,18024-100BR0003Z00e-S
https://www.arbeitsagentur.de/jobsuche/jobdetail/17803-260507172806-PF1404-S,17803-260507172806-PF1404-S
https://www.arbeitsagentur.de/jobsuche/jobdetail/14751-437A351-S,14751-437A351-S
https://www.arbeitsagentur.de/jobsuche/jobdetail/10001-1003040697-S,10001-1003040697-S
https://www.arbeitsagentur.de/jobsuche/jobdetail/10001-1003039162-S,10001-1003039162-S
https://www.arbeitsagentur.de/jobsuche/jobdetail/20401-k61967.1024-S,20401-k61967.1024-S
https://www.arbeitsagentur.de/jobsuche/jobdetail/11119-4802986981-S,11119-4802986981-S
https://www.arbeitsagentur.de/jobsuche/jobdetail/13635-5feb51f2_JB5140248-S,13635-5feb51f2_JB5140248-S
https://www.arbeitsagentur.de/jobsuche/jobdetail/12811-2249146-S,12811-2249146-S
https://www.arbeitsagentur.de/jobsuche/jobdetail/10000-1206446255-S,10000-1206446255-S
https://www.arbeitsagentur.de/jobsuche/jobdetail/10001-1003039818-S,10001-1003039818-S
https://www.arbeitsagentur.de/jobsuche/jobdetail/10000-1206448386-S,10000-1206448386-S
https://www.arbeitsagentur.de/jobsuche/jobdetail/14340-458572994-S,14340-458572994-S
https://www.arbeitsagentur.de/jobsuche/jobdetail/13356-109526A48601C2-S,13356-109526A48601C2-S
https://www.arbeitsagentur.de/jobsuche/jobdetail/14751-424A193-S,14751-424A193-S
https://www.arbeitsagentur.de/jobsuche/jobdetail/10001-1003042807-S,10001-1003042807-S
https://www.arbeitsagentur.de/jobsuche/jobdetail/12634-BB-639031-7878-7491-S,12634-BB-639031-7878-7491-S
https://www.arbeitsagentur.de/jobsuche/jobdetail/14927-n1qcquj9vk-S,14927-n1qcquj9vk-S
https://www.arbeitsagentur.de/jobsuche/jobdetail/18024-100BR0003N23H-S,18024-100BR0003N23H-S
https://www.arbeitsagentur.de/jobsuche/jobdetail/11119-4804148545-S,11119-4804148545-S
https://www.arbeitsagentur.de/jobsuche/jobdetail/11119-4801669820-S,11119-4801669820-S
https://www.arbeitsagentur.de/jobsuche/jobdetail/10001-1003039358-S,10001-1003039358-S
https://www.arbeitsagentur.de/jobsuche/jobdetail/11864-N3YS4S8R27X7F6GE-S,11864-N3YS4S8R27X7F6GE-S
https://www.arbeitsagentur.de/jobsuche/jobdetail/14751-70A22020-S,14751-70A22020-S
https://www.arbeitsagentur.de/jobsuche/jobdetail/17803-260506171134-AH1325-S,17803-260506171134-AH1325-S
https://www.arbeitsagentur.de/jobsuche/jobdetail/10000-1206441212-S,10000-1206441212-S
https://www.arbeitsagentur.de/jobsuche/jobdetail/12288-4804114878-S,12288-4804114878-S
https://www.arbeitsagentur.de/jobsuche/jobdetail/12147-20260507219347-S,12147-20260507219347-S
https://www.arbeitsagentur.de/jobsuche/jobdetail/17803-260506170748-PF1305-S,17803-260506170748-PF1305-S
https://www.arbeitsagentur.de/jobsuche/jobdetail/10000-1206430354-S,10000-1206430354-S
https://www.arbeitsagentur.de/jobsuche/jobdetail/16646-283WEJAUUZK38M7M-S,16646-283WEJAUUZK38M7M-S
https://www.arbeitsagentur.de/jobsuche/jobdetail/11949-17215640-S,11949-17215640-S
https://www.arbeitsagentur.de/jobsuche/jobdetail/11081-T212F99WCHPVWTJC-S,11081-T212F99WCHPVWTJC-S
https://www.arbeitsagentur.de/jobsuche/jobdetail/11949-17215207-S,11949-17215207-S
https://www.arbeitsagentur.de/jobsuche/jobdetail/11119-4803020895-S,11119-4803020895-S
https://www.arbeitsagentur.de/jobsuche/jobdetail/10000-1206430950-S,10000-1206430950-S
https://www.arbeitsagentur.de/jobsuche/jobdetail/14040-3C6SYNHE6R9C2KHN-S,14040-3C6SYNHE6R9C2KHN-S
https://www.arbeitsagentur.de/jobsuche/jobdetail/16547-P2PU43YSWIHELATS-S,16547-P2PU43YSWIHELATS-S
https://www.arbeitsagentur.de/jobsuche/jobdetail/10001-1003043114-S,10001-1003043114-S
https://www.arbeitsagentur.de/jobsuche/jobdetail/15704-k52743.12890-S,15704-k52743.12890-S
https://www.arbeitsagentur.de/jobsuche/jobdetail/11081-LO5VGVNSBDB9QR0J-S,11081-LO5VGVNSBDB9QR0J-S
https://www.arbeitsagentur.de/jobsuche/jobdetail/10001-1003042721-S,10001-1003042721-S
https://www.arbeitsagentur.de/jobsuche/jobdetail/18024-100PJ000Kab1p-S,18024-100PJ000Kab1p-S
https://www.arbeitsagentur.de/jobsuche/jobdetail/10001-1003037389-S,10001-1003037389-S
https://www.arbeitsagentur.de/jobsuche/jobdetail/13218-219024_2026-S,13218-219024_2026-S
https://www.arbeitsagentur.de/jobsuche/jobdetail/11949-17213814-S,11949-17213814-S
https://www.arbeitsagentur.de/jobsuche/jobdetail/10001-1003033363-S,10001-1003033363-S
https://www.arbeitsagentur.de/jobsuche/jobdetail/13465-00021a64896001-S,13465-00021a64896001-S
https://www.arbeitsagentur.de/jobsuche/jobdetail/20242-4804173116-S,20242-4804173116-S
https://www.arbeitsagentur.de/jobsuche/jobdetail/10001-1003041139-S,10001-1003041139-S
https://www.arbeitsagentur.de/jobsuche/jobdetail/11864-UPVY8LTBA9W0AZH2-S,11864-UPVY8LTBA9W0AZH2-S
https://www.arbeitsagentur.de/jobsuche/jobdetail/10000-1206440459-S,10000-1206440459-S
https://www.arbeitsagentur.de/jobsuche/jobdetail/14792-N6J2Z5NQCKX06MBJ-S,14792-N6J2Z5NQCKX06MBJ-S
https://www.arbeitsagentur.de/jobsuche/jobdetail/11949-17216399-S,11949-17216399-S
https://www.arbeitsagentur.de/jobsuche/jobdetail/10001-1003038196-S,10001-1003038196-S
https://www.arbeitsagentur.de/jobsuche/jobdetail/14751-437A362-S,14751-437A362-S
https://www.arbeitsagentur.de/jobsuche/jobdetail/10001-1003036517-S,10001-1003036517-S
https://www.arbeitsagentur.de/jobsuche/jobdetail/13270-2026-00001201-1-S,13270-2026-00001201-1-S
https://www.arbeitsagentur.de/jobsuche/jobdetail/13635-486679a8_JB5140245-S,13635-486679a8_JB5140245-S
https://www.arbeitsagentur.de/jobsuche/jobdetail/14599-4I43GNS9AYGO29DZ-S,14599-4I43GNS9AYGO29DZ-S
https://www.arbeitsagentur.de/jobsuche/jobdetail/11081-I9EBV0KNOQEM478Q-S,11081-I9EBV0KNOQEM478Q-S
https://www.arbeitsagentur.de/jobsuche/jobdetail/10001-1003040835-S,10001-1003040835-S
https://www.arbeitsagentur.de/jobsuche/jobdetail/12122-209110-1770925-0-S,12122-209110-1770925-0-S
https://www.arbeitsagentur.de/jobsuche/jobdetail/11119-4804122987-S,11119-4804122987-S
https://www.arbeitsagentur.de/jobsuche/jobdetail/11949-17095985-S,11949-17095985-S
https://www.arbeitsagentur.de/jobsuche/jobdetail/10001-1003037238-S,10001-1003037238-S
https://www.arbeitsagentur.de/jobsuche/jobdetail/16291-ee78b38c64ad478-S,16291-ee78b38c64ad478-S
https://www.arbeitsagentur.de/jobsuche/jobdetail/12287-JOB-35615-S,12287-JOB-35615-S
https://www.arbeitsagentur.de/jobsuche/jobdetail/10001-1003036667-S,10001-1003036667-S
https://www.arbeitsagentur.de/jobsuche/jobdetail/10000-1206436056-S,10000-1206436056-S
https://www.arbeitsagentur.de/jobsuche/jobdetail/12811-2248826-S,12811-2248826-S
https://www.arbeitsagentur.de/jobsuche/jobdetail/14751-437A303-S,14751-437A303-S
https://www.arbeitsagentur.de/jobsuche/jobdetail/10001-1003033851-S,10001-1003033851-S
https://www.arbeitsagentur.de/jobsuche/jobdetail/10001-1003043132-S,10001-1003043132-S
https://www.arbeitsagentur.de/jobsuche/jobdetail/10001-1003042497-S,10001-1003042497-S
https://www.arbeitsagentur.de/jobsuche/jobdetail/14751-22A51684-S,14751-22A51684-S
https://www.arbeitsagentur.de/jobsuche/jobdetail/14722-JV2S8JJG72G46TBU-S,14722-JV2S8JJG72G46TBU-S
https://www.arbeitsagentur.de/jobsuche/jobdetail/16547-SSDAJZME3SYI1B66-S,16547-SSDAJZME3SYI1B66-S
https://www.arbeitsagentur.de/jobsuche/jobdetail/13356-105555A45620C19-S,13356-105555A45620C19-S
https://www.arbeitsagentur.de/jobsuche/jobdetail/12811-2249206-S,12811-2249206-S
https://www.arbeitsagentur.de/jobsuche/jobdetail/13635-c276042e_JB5140382-S,13635-c276042e_JB5140382-S
https://www.arbeitsagentur.de/jobsuche/jobdetail/18024-100PJ000Vba01-S,18024-100PJ000Vba01-S
https://www.arbeitsagentur.de/jobsuche/jobdetail/17803-260506171134-AH1316-S,17803-260506171134-AH1316-S
https://www.arbeitsagentur.de/jobsuche/jobdetail/10001-1003042604-S,10001-1003042604-S
https://www.arbeitsagentur.de/jobsuche/jobdetail/12811-2249237-S,12811-2249237-S
https://www.arbeitsagentur.de/jobsuche/jobdetail/11119-4791110033-S,11119-4791110033-S
https://www.arbeitsagentur.de/jobsuche/jobdetail/16864-WRH2DX4IEZ8U6L7C-S,16864-WRH2DX4IEZ8U6L7C-S
https://www.arbeitsagentur.de/jobsuche/jobdetail/12811-2248095-S,12811-2248095-S
https://www.arbeitsagentur.de/jobsuche/jobdetail/10001-1003036486-S,10001-1003036486-S
https://www.arbeitsagentur.de/jobsuche/jobdetail/11949-17215181-S,11949-17215181-S
https://www.arbeitsagentur.de/jobsuche/jobdetail/12811-2249213-S,12811-2249213-S
https://www.arbeitsagentur.de/jobsuche/jobdetail/12898-P2095428-1-S,12898-P2095428-1-S
https://www.arbeitsagentur.de/jobsuche/jobdetail/10001-1003041718-S,10001-1003041718-S
https://www.arbeitsagentur.de/jobsuche/jobdetail/10001-1003040062-S,10001-1003040062-S
https://www.arbeitsagentur.de/jobsuche/jobdetail/11949-17215103-S,11949-17215103-S
https://www.arbeitsagentur.de/jobsuche/jobdetail/18594-2f94abf043e0287b-S,18594-2f94abf043e0287b-S
https://www.arbeitsagentur.de/jobsuche/jobdetail/10001-1003039851-S,10001-1003039851-S
https://www.arbeitsagentur.de/jobsuche/jobdetail/12618-173734-S,12618-173734-S
https://www.arbeitsagentur.de/jobsuche/jobdetail/10001-1003039177-S,10001-1003039177-S
https://www.arbeitsagentur.de/jobsuche/jobdetail/11081-UHQZC08P4I4BRW6C-S,11081-UHQZC08P4I4BRW6C-S
https://www.arbeitsagentur.de/jobsuche/jobdetail/13356-805510A46240C16-S,13356-805510A46240C16-S
https://www.arbeitsagentur.de/jobsuche/jobdetail/10001-1003038103-S,10001-1003038103-S
https://www.arbeitsagentur.de/jobsuche/jobdetail/12288-4803162434-S,12288-4803162434-S
https://www.arbeitsagentur.de/jobsuche/jobdetail/10001-1003035802-S,10001-1003035802-S
https://www.arbeitsagentur.de/jobsuche/jobdetail/12288-4803077677-S,12288-4803077677-S
https://www.arbeitsagentur.de/jobsuche/jobdetail/10001-1003038102-S,10001-1003038102-S
https://www.arbeitsagentur.de/jobsuche/jobdetail/13270-2026-00003664-1-S,13270-2026-00003664-1-S
https://www.arbeitsagentur.de/jobsuche/jobdetail/10000-1206431980-S,10000-1206431980-S
https://www.arbeitsagentur.de/jobsuche/jobdetail/14787-00044102a79001-S,14787-00044102a79001-S
https://www.arbeitsagentur.de/jobsuche/jobdetail/10000-1206450105-S,10000-1206450105-S
https://www.arbeitsagentur.de/jobsuche/jobdetail/10000-1206443496-S,10000-1206443496-S
https://www.arbeitsagentur.de/jobsuche/jobdetail/14385-447-2565450-26-S,14385-447-2565450-26-S
https://www.arbeitsagentur.de/jobsuche/jobdetail/12147-20260507219335-S,12147-20260507219335-S
https://www.arbeitsagentur.de/jobsuche/jobdetail/10001-1003041213-S,10001-1003041213-S
https://www.arbeitsagentur.de/jobsuche/jobdetail/10001-1003040859-S,10001-1003040859-S
https://www.arbeitsagentur.de/jobsuche/jobdetail/12237-SDJEI8RPZC2UH3VU-S,12237-SDJEI8RPZC2UH3VU-S
https://www.arbeitsagentur.de/jobsuche/jobdetail/13949-k52464.3560-S,13949-k52464.3560-S
https://www.arbeitsagentur.de/jobsuche/jobdetail/12811-2249189-S,12811-2249189-S
https://www.arbeitsagentur.de/jobsuche/jobdetail/12826-SA0137575_JB5140768-S,12826-SA0137575_JB5140768-S
https://www.arbeitsagentur.de/jobsuche/jobdetail/18024-1002X000QTB0J-S,18024-1002X000QTB0J-S
https://www.arbeitsagentur.de/jobsuche/jobdetail/11949-17216487-S,11949-17216487-S
https://www.arbeitsagentur.de/jobsuche/jobdetail/12237-QQ3N5ZH045H111TE-S,12237-QQ3N5ZH045H111TE-S
https://www.arbeitsagentur.de/jobsuche/jobdetail/14001-9032-1770999-0-S,14001-9032-1770999-0-S
https://www.arbeitsagentur.de/jobsuche/jobdetail/10001-1003042420-S,10001-1003042420-S
https://www.arbeitsagentur.de/jobsuche/jobdetail/10001-1003037511-S,10001-1003037511-S
https://www.arbeitsagentur.de/jobsuche/jobdetail/13635-34fb8a13_JB5140093-S,13635-34fb8a13_JB5140093-S
https://www.arbeitsagentur.de/jobsuche/jobdetail/10001-1003039817-S,10001-1003039817-S
https://www.arbeitsagentur.de/jobsuche/jobdetail/16864-SOC9LOJVWVSBZK05-S,16864-SOC9LOJVWVSBZK05-S
https://www.arbeitsagentur.de/jobsuche/jobdetail/14751-272A545-S,14751-272A545-S
https://www.arbeitsagentur.de/jobsuche/jobdetail/10001-1003037182-S,10001-1003037182-S
https://www.arbeitsagentur.de/jobsuche/jobdetail/14385-488-2565580-26-S,14385-488-2565580-26-S
https://www.arbeitsagentur.de/jobsuche/jobdetail/14661-702257a2c888459-S,14661-702257a2c888459-S
https://www.arbeitsagentur.de/jobsuche/jobdetail/17986-000a210506a001-S,17986-000a210506a001-S
https://www.arbeitsagentur.de/jobsuche/jobdetail/12811-2248936-S,12811-2248936-S
https://www.arbeitsagentur.de/jobsuche/jobdetail/12811-2249067-S,12811-2249067-S
https://www.arbeitsagentur.de/jobsuche/jobdetail/11949-17215201-S,11949-17215201-S
https://www.arbeitsagentur.de/jobsuche/jobdetail/13635-5537e1c6_JB5139805-S,13635-5537e1c6_JB5139805-S
https://www.arbeitsagentur.de/jobsuche/jobdetail/18841-S7V7QDME1V9Y95GC-S,18841-S7V7QDME1V9Y95GC-S
https://www.arbeitsagentur.de/jobsuche/jobdetail/13669-9SEQLSP9FVEZ3RLA-S,13669-9SEQLSP9FVEZ3RLA-S
https://www.arbeitsagentur.de/jobsuche/jobdetail/11949-17215624-S,11949-17215624-S
https://www.arbeitsagentur.de/jobsuche/jobdetail/10001-1003035441-S,10001-1003035441-S
https://www.arbeitsagentur.de/jobsuche/jobdetail/10001-1003027882-S,10001-1003027882-S
https://www.arbeitsagentur.de/jobsuche/jobdetail/17803-260507172937-OA1422-S,17803-260507172937-OA1422-S
https://www.arbeitsagentur.de/jobsuche/jobdetail/10000-1206434709-S,10000-1206434709-S
https://www.arbeitsagentur.de/jobsuche/jobdetail/10001-1003036510-S,10001-1003036510-S
https://www.arbeitsagentur.de/jobsuche/jobdetail/10001-1003038899-S,10001-1003038899-S
https://www.arbeitsagentur.de/jobsuche/jobdetail/10001-1003036610-S,10001-1003036610-S
https://www.arbeitsagentur.de/jobsuche/jobdetail/10001-1003033670-S,10001-1003033670-S
https://www.arbeitsagentur.de/jobsuche/jobdetail/11119-4791369494-S,11119-4791369494-S
https://www.arbeitsagentur.de/jobsuche/jobdetail/10001-1003033423-S,10001-1003033423-S
https://www.arbeitsagentur.de/jobsuche/jobdetail/11119-4792608568-S,11119-4792608568-S
https://www.arbeitsagentur.de/jobsuche/jobdetail/10001-1003037966-S,10001-1003037966-S
https://www.arbeitsagentur.de/jobsuche/jobdetail/11949-17215154-S,11949-17215154-S
https://www.arbeitsagentur.de/jobsuche/jobdetail/12661-BYAEWHDL9SEQE1U6-S,12661-BYAEWHDL9SEQE1U6-S
https://www.arbeitsagentur.de/jobsuche/jobdetail/16547-D5FFG05VC2MDH7RK-S,16547-D5FFG05VC2MDH7RK-S
https://www.arbeitsagentur.de/jobsuche/jobdetail/10001-1003041558-S,10001-1003041558-S
https://www.arbeitsagentur.de/jobsuche/jobdetail/18248-WJ0N0GY1PLZMKKNW-S,18248-WJ0N0GY1PLZMKKNW-S
https://www.arbeitsagentur.de/jobsuche/jobdetail/13635-2f5270c8_JB5140798-S,13635-2f5270c8_JB5140798-S
https://www.arbeitsagentur.de/jobsuche/jobdetail/12826-SA0135046_JB5140620-S,12826-SA0135046_JB5140620-S
https://www.arbeitsagentur.de/jobsuche/jobdetail/12811-2249370-S,12811-2249370-S
https://www.arbeitsagentur.de/jobsuche/jobdetail/10000-1206434559-S,10000-1206434559-S
https://www.arbeitsagentur.de/jobsuche/jobdetail/10001-1003041192-S,10001-1003041192-S
https://www.arbeitsagentur.de/jobsuche/jobdetail/11949-17213374-S,11949-17213374-S
https://www.arbeitsagentur.de/jobsuche/jobdetail/10000-1206445980-S,10000-1206445980-S
https://www.arbeitsagentur.de/jobsuche/jobdetail/10001-1003035594-S,10001-1003035594-S
https://www.arbeitsagentur.de/jobsuche/jobdetail/18024-100PJ000VK90k-S,18024-100PJ000VK90k-S
https://www.arbeitsagentur.de/jobsuche/jobdetail/10000-1206429440-S,10000-1206429440-S
https://www.arbeitsagentur.de/jobsuche/jobdetail/12514-202605hbbnsts01-S,12514-202605hbbnsts01-S
https://www.arbeitsagentur.de/jobsuche/jobdetail/14751-272A539-S,14751-272A539-S
https://www.arbeitsagentur.de/jobsuche/jobdetail/10001-1003036314-S,10001-1003036314-S
https://www.arbeitsagentur.de/jobsuche/jobdetail/12811-2249280-S,12811-2249280-S
https://www.arbeitsagentur.de/jobsuche/jobdetail/13465-00021a64912001-S,13465-00021a64912001-S
https://www.arbeitsagentur.de/jobsuche/jobdetail/10000-1206444470-S,10000-1206444470-S
https://www.arbeitsagentur.de/jobsuche/jobdetail/11119-4804125244-S,11119-4804125244-S
https://www.arbeitsagentur.de/jobsuche/jobdetail/11949-17214552-S,11949-17214552-S
https://www.arbeitsagentur.de/jobsuche/jobdetail/11081-GT2R84L3X0835JWA-S,11081-GT2R84L3X0835JWA-S
https://www.arbeitsagentur.de/jobsuche/jobdetail/10001-1003035590-S,10001-1003035590-S
https://www.arbeitsagentur.de/jobsuche/jobdetail/10000-1206445087-S,10000-1206445087-S
https://www.arbeitsagentur.de/jobsuche/jobdetail/10001-1003038910-S,10001-1003038910-S
https://www.arbeitsagentur.de/jobsuche/jobdetail/11119-4804226689-S,11119-4804226689-S
https://www.arbeitsagentur.de/jobsuche/jobdetail/14751-70A22000-S,14751-70A22000-S
https://www.arbeitsagentur.de/jobsuche/jobdetail/12739-ADE3QGNDLPNCCHZQ-S,12739-ADE3QGNDLPNCCHZQ-S
https://www.arbeitsagentur.de/jobsuche/jobdetail/10001-1003036758-S,10001-1003036758-S
https://www.arbeitsagentur.de/jobsuche/jobdetail/16963-REF377F-3937430248-S,16963-REF377F-3937430248-S
https://www.arbeitsagentur.de/jobsuche/jobdetail/14722-LKV4TWMBW4ICF2FM-S,14722-LKV4TWMBW4ICF2FM-S
https://www.arbeitsagentur.de/jobsuche/jobdetail/13356-101548A18694C82-S,13356-101548A18694C82-S
https://www.arbeitsagentur.de/jobsuche/jobdetail/14751-373A94640-S,14751-373A94640-S
https://www.arbeitsagentur.de/jobsuche/jobdetail/13635-b5bf7fa1_JB5140220-S,13635-b5bf7fa1_JB5140220-S
https://www.arbeitsagentur.de/jobsuche/jobdetail/10001-1003036342-S,10001-1003036342-S
https://www.arbeitsagentur.de/jobsuche/jobdetail/10001-1003036456-S,10001-1003036456-S
https://www.arbeitsagentur.de/jobsuche/jobdetail/10000-1206436166-S,10000-1206436166-S
https://www.arbeitsagentur.de/jobsuche/jobdetail/10001-1003037714-S,10001-1003037714-S
https://www.arbeitsagentur.de/jobsuche/jobdetail/10000-1206441836-S,10000-1206441836-S
https://www.arbeitsagentur.de/jobsuche/jobdetail/14725-mcj4noattu-S,14725-mcj4noattu-S
https://www.arbeitsagentur.de/jobsuche/jobdetail/10001-1003035634-S,10001-1003035634-S
https://www.arbeitsagentur.de/jobsuche/jobdetail/10000-1206418264-S,10000-1206418264-S
https://www.arbeitsagentur.de/jobsuche/jobdetail/11119-4791126588-S,11119-4791126588-S
https://www.arbeitsagentur.de/jobsuche/jobdetail/10001-1003034596-S,10001-1003034596-S
https://www.arbeitsagentur.de/jobsuche/jobdetail/10001-1003036403-S,10001-1003036403-S
https://www.arbeitsagentur.de/jobsuche/jobdetail/10001-1003040480-S,10001-1003040480-S
https://www.arbeitsagentur.de/jobsuche/jobdetail/10001-1003041943-S,10001-1003041943-S
https://www.arbeitsagentur.de/jobsuche/jobdetail/10001-1003038781-S,10001-1003038781-S
https://www.arbeitsagentur.de/jobsuche/jobdetail/11864-L2AD0RP0HS7644PR-S,11864-L2AD0RP0HS7644PR-S
https://www.arbeitsagentur.de/jobsuche/jobdetail/10001-1003043159-S,10001-1003043159-S
https://www.arbeitsagentur.de/jobsuche/jobdetail/17803-260506171134-AH1309-S,17803-260506171134-AH1309-S
https://www.arbeitsagentur.de/jobsuche/jobdetail/10001-1003039200-S,10001-1003039200-S
https://www.arbeitsagentur.de/jobsuche/jobdetail/11119-4802994755-S,11119-4802994755-S
https://www.arbeitsagentur.de/jobsuche/jobdetail/10001-1002949855-S,10001-1002949855-S
https://www.arbeitsagentur.de/jobsuche/jobdetail/20730-2248786-S,20730-2248786-S
https://www.arbeitsagentur.de/jobsuche/jobdetail/13356-104220A43235C24-S,13356-104220A43235C24-S
https://www.arbeitsagentur.de/jobsuche/jobdetail/18248-OZX6E18V2W0UHSTU-S,18248-OZX6E18V2W0UHSTU-S
https://www.arbeitsagentur.de/jobsuche/jobdetail/12704-34XRAUFUF0Z593TL-S,12704-34XRAUFUF0Z593TL-S
https://www.arbeitsagentur.de/jobsuche/jobdetail/16185-HYFZ8N41WQUSIYTR-S,16185-HYFZ8N41WQUSIYTR-S
https://www.arbeitsagentur.de/jobsuche/jobdetail/16857-k58582.1942-S,16857-k58582.1942-S
https://www.arbeitsagentur.de/jobsuche/jobdetail/11119-4804216566-S,11119-4804216566-S
https://www.arbeitsagentur.de/jobsuche/jobdetail/12811-2248736-S,12811-2248736-S
https://www.arbeitsagentur.de/jobsuche/jobdetail/11949-17193952-S,11949-17193952-S
https://www.arbeitsagentur.de/jobsuche/jobdetail/10001-1003034658-S,10001-1003034658-S
https://www.arbeitsagentur.de/jobsuche/jobdetail/10000-1206440615-S,10000-1206440615-S
https://www.arbeitsagentur.de/jobsuche/jobdetail/12288-4803120270-S,12288-4803120270-S
https://www.arbeitsagentur.de/jobsuche/jobdetail/10001-1003036830-S,10001-1003036830-S
https://www.arbeitsagentur.de/jobsuche/jobdetail/11949-17215715-S,11949-17215715-S
https://www.arbeitsagentur.de/jobsuche/jobdetail/10000-1206430293-S,10000-1206430293-S
https://www.arbeitsagentur.de/jobsuche/jobdetail/10001-1003033508-S,10001-1003033508-S
https://www.arbeitsagentur.de/jobsuche/jobdetail/10001-1003043181-S,10001-1003043181-S
https://www.arbeitsagentur.de/jobsuche/jobdetail/11949-17216584-S,11949-17216584-S
https://www.arbeitsagentur.de/jobsuche/jobdetail/11119-4804135123-S,11119-4804135123-S
https://www.arbeitsagentur.de/jobsuche/jobdetail/10001-1003040988-S,10001-1003040988-S
https://www.arbeitsagentur.de/jobsuche/jobdetail/10001-1003036143-S,10001-1003036143-S
https://www.arbeitsagentur.de/jobsuche/jobdetail/11949-17216315-S,11949-17216315-S
https://www.arbeitsagentur.de/jobsuche/jobdetail/10001-1003038026-S,10001-1003038026-S
https://www.arbeitsagentur.de/jobsuche/jobdetail/14377-3636IKF7JQGVXWTF-S,14377-3636IKF7JQGVXWTF-S
https://www.arbeitsagentur.de/jobsuche/jobdetail/12608-1401638-58836-1-S,12608-1401638-58836-1-S
https://www.arbeitsagentur.de/jobsuche/jobdetail/11949-17216199-S,11949-17216199-S
https://www.arbeitsagentur.de/jobsuche/jobdetail/10001-1003034101-S,10001-1003034101-S
https://www.arbeitsagentur.de/jobsuche/jobdetail/13421-AF2RH79J8A0CFY30-S,13421-AF2RH79J8A0CFY30-S
https://www.arbeitsagentur.de/jobsuche/jobdetail/10001-1003042176-S,10001-1003042176-S
https://www.arbeitsagentur.de/jobsuche/jobdetail/12739-QJLZABNPW2ET29TN-S,12739-QJLZABNPW2ET29TN-S
https://www.arbeitsagentur.de/jobsuche/jobdetail/11949-17215702-S,11949-17215702-S
https://www.arbeitsagentur.de/jobsuche/jobdetail/13465-00021a6488a001-S,13465-00021a6488a001-S
https://www.arbeitsagentur.de/jobsuche/jobdetail/12608-1401651-28433-1-S,12608-1401651-28433-1-S
https://www.arbeitsagentur.de/jobsuche/jobdetail/11081-V38MLNA7TTU0ZIEV-S,11081-V38MLNA7TTU0ZIEV-S
https://www.arbeitsagentur.de/jobsuche/jobdetail/10001-1003041108-S,10001-1003041108-S
https://www.arbeitsagentur.de/jobsuche/jobdetail/10001-1003035814-S,10001-1003035814-S
https://www.arbeitsagentur.de/jobsuche/jobdetail/10000-1206441697-S,10000-1206441697-S
https://www.arbeitsagentur.de/jobsuche/jobdetail/12633-852d0a6c_JB5140197-S,12633-852d0a6c_JB5140197-S
https://www.arbeitsagentur.de/jobsuche/jobdetail/20467-2247941-S,20467-2247941-S
https://www.arbeitsagentur.de/jobsuche/jobdetail/13270-2026-00003710-1-S,13270-2026-00003710-1-S
https://www.arbeitsagentur.de/jobsuche/jobdetail/10001-1003033720-S,10001-1003033720-S
https://www.arbeitsagentur.de/jobsuche/jobdetail/10000-1206434752-S,10000-1206434752-S
https://www.arbeitsagentur.de/jobsuche/jobdetail/13243-SDE-96130-JB-S,13243-SDE-96130-JB-S
https://www.arbeitsagentur.de/jobsuche/jobdetail/11949-17215875-S,11949-17215875-S
https://www.arbeitsagentur.de/jobsuche/jobdetail/11949-17215152-S,11949-17215152-S
https://www.arbeitsagentur.de/jobsuche/jobdetail/11081-QPEHXKEQHVBZ53VJ-S,11081-QPEHXKEQHVBZ53VJ-S
https://www.arbeitsagentur.de/jobsuche/jobdetail/10001-1003042614-S,10001-1003042614-S
https://www.arbeitsagentur.de/jobsuche/jobdetail/11081-BPQIQGFAZN1UZMNJ-S,11081-BPQIQGFAZN1UZMNJ-S
https://www.arbeitsagentur.de/jobsuche/jobdetail/10001-1003042428-S,10001-1003042428-S
https://www.arbeitsagentur.de/jobsuche/jobdetail/17803-260507173118-HE1420-S,17803-260507173118-HE1420-S
https://www.arbeitsagentur.de/jobsuche/jobdetail/11949-17215738-S,11949-17215738-S
https://www.arbeitsagentur.de/jobsuche/jobdetail/12362-CR-059266_609659LS-S,12362-CR-059266_609659LS-S
https://www.arbeitsagentur.de/jobsuche/jobdetail/11949-17212914-S,11949-17212914-S
https://www.arbeitsagentur.de/jobsuche/jobdetail/14751-437A234-S,14751-437A234-S
https://www.arbeitsagentur.de/jobsuche/jobdetail/13280-8RLYCVN2N529KW15-S,13280-8RLYCVN2N529KW15-S
https://www.arbeitsagentur.de/jobsuche/jobdetail/15533-458595773-S,15533-458595773-S
https://www.arbeitsagentur.de/jobsuche/jobdetail/14792-8LHQD835N2ACRUST-S,14792-8LHQD835N2ACRUST-S
https://www.arbeitsagentur.de/jobsuche/jobdetail/12456-1571307-1-S,12456-1571307-1-S
https://www.arbeitsagentur.de/jobsuche/jobdetail/10001-1003029465-S,10001-1003029465-S
https://www.arbeitsagentur.de/jobsuche/jobdetail/12608-1401397-82802-1-S,12608-1401397-82802-1-S
https://www.arbeitsagentur.de/jobsuche/jobdetail/12288-4803125981-S,12288-4803125981-S
https://www.arbeitsagentur.de/jobsuche/jobdetail/14927-2gnusb6qbu1-S,14927-2gnusb6qbu1-S
https://www.arbeitsagentur.de/jobsuche/jobdetail/13635-433139a1_JB5141057-S,13635-433139a1_JB5141057-S
https://www.arbeitsagentur.de/jobsuche/jobdetail/11949-17213683-S,11949-17213683-S
https://www.arbeitsagentur.de/jobsuche/jobdetail/10000-1206438161-S,10000-1206438161-S
https://www.arbeitsagentur.de/jobsuche/jobdetail/18024-100aR0000rZ2z-S,18024-100aR0000rZ2z-S
https://www.arbeitsagentur.de/jobsuche/jobdetail/13356-105350A48822C3-S,13356-105350A48822C3-S
https://www.arbeitsagentur.de/jobsuche/jobdetail/10000-1206435013-S,10000-1206435013-S
https://www.arbeitsagentur.de/jobsuche/jobdetail/10001-1003038882-S,10001-1003038882-S
https://www.arbeitsagentur.de/jobsuche/jobdetail/17803-79MUJSL43WE7QRTN-S,17803-79MUJSL43WE7QRTN-S
https://www.arbeitsagentur.de/jobsuche/jobdetail/13635-ae0b6019_JB5140532-S,13635-ae0b6019_JB5140532-S
https://www.arbeitsagentur.de/jobsuche/jobdetail/16819-abaaef5c508787e5-S,16819-abaaef5c508787e5-S
https://www.arbeitsagentur.de/jobsuche/jobdetail/11119-4804184257-S,11119-4804184257-S
https://www.arbeitsagentur.de/jobsuche/jobdetail/14888-L5SA2SAEAKWN88IO-S,14888-L5SA2SAEAKWN88IO-S
https://www.arbeitsagentur.de/jobsuche/jobdetail/13669-K8HANE4RYV2HZOMU-S,13669-K8HANE4RYV2HZOMU-S
https://www.arbeitsagentur.de/jobsuche/jobdetail/17560-ef42638e0cf64a6-S,17560-ef42638e0cf64a6-S
https://www.arbeitsagentur.de/jobsuche/jobdetail/12811-2249227-S,12811-2249227-S
https://www.arbeitsagentur.de/jobsuche/jobdetail/17724-UJHP2ST1RT3HQ54Z-S,17724-UJHP2ST1RT3HQ54Z-S
https://www.arbeitsagentur.de/jobsuche/jobdetail/10000-1206446730-S,10000-1206446730-S
https://www.arbeitsagentur.de/jobsuche/jobdetail/18024-100PJ000VPl0Y-S,18024-100PJ000VPl0Y-S
https://www.arbeitsagentur.de/jobsuche/jobdetail/13465-00021a648a2001-S,13465-00021a648a2001-S
https://www.arbeitsagentur.de/jobsuche/jobdetail/10001-1003040873-S,10001-1003040873-S
https://www.arbeitsagentur.de/jobsuche/jobdetail/10001-1003037906-S,10001-1003037906-S
https://www.arbeitsagentur.de/jobsuche/jobdetail/11081-N4OOU5XHSS6NCXD7-S,11081-N4OOU5XHSS6NCXD7-S
https://www.arbeitsagentur.de/jobsuche/jobdetail/12147-20260506219318-S,12147-20260506219318-S
https://www.arbeitsagentur.de/jobsuche/jobdetail/10001-1003033751-S,10001-1003033751-S
https://www.arbeitsagentur.de/jobsuche/jobdetail/14795-66481_118867-S,14795-66481_118867-S
https://www.arbeitsagentur.de/jobsuche/jobdetail/12086-Y2FGY474BW8EFUH2-S,12086-Y2FGY474BW8EFUH2-S
https://www.arbeitsagentur.de/jobsuche/jobdetail/13635-79bdaf3d_JB5140991-S,13635-79bdaf3d_JB5140991-S
https://www.arbeitsagentur.de/jobsuche/jobdetail/12608-1401818-8759-1-S,12608-1401818-8759-1-S
https://www.arbeitsagentur.de/jobsuche/jobdetail/18248-GXS9MWIHBB8OE59L-S,18248-GXS9MWIHBB8OE59L-S
https://www.arbeitsagentur.de/jobsuche/jobdetail/11949-17215426-S,11949-17215426-S
https://www.arbeitsagentur.de/jobsuche/jobdetail/17803-260507173152-AH1415-S,17803-260507173152-AH1415-S
https://www.arbeitsagentur.de/jobsuche/jobdetail/12147-20260506219312-S,12147-20260506219312-S
https://www.arbeitsagentur.de/jobsuche/jobdetail/10001-1003038662-S,10001-1003038662-S
https://www.arbeitsagentur.de/jobsuche/jobdetail/20730-2248784-S,20730-2248784-S
https://www.arbeitsagentur.de/jobsuche/jobdetail/17985-N12N8ARFOH8B8BIG-S,17985-N12N8ARFOH8B8BIG-S
https://www.arbeitsagentur.de/jobsuche/jobdetail/12032-RG2C5E2F1-S,12032-RG2C5E2F1-S
https://www.arbeitsagentur.de/jobsuche/jobdetail/12826-SA0137579_JB5140771-S,12826-SA0137579_JB5140771-S
https://www.arbeitsagentur.de/jobsuche/jobdetail/10001-1003040513-S,10001-1003040513-S
https://www.arbeitsagentur.de/jobsuche/jobdetail/10000-1206443357-S,10000-1206443357-S
https://www.arbeitsagentur.de/jobsuche/jobdetail/17985-9YDT7FWKL5CL1W6R-S,17985-9YDT7FWKL5CL1W6R-S
https://www.arbeitsagentur.de/jobsuche/jobdetail/10001-1003042008-S,10001-1003042008-S
https://www.arbeitsagentur.de/jobsuche/jobdetail/16915-Z488JJDDRICMCFH5-S,16915-Z488JJDDRICMCFH5-S
https://www.arbeitsagentur.de/jobsuche/jobdetail/12811-2249242-S,12811-2249242-S
https://www.arbeitsagentur.de/jobsuche/jobdetail/14271-943651-4-S,14271-943651-4-S
https://www.arbeitsagentur.de/jobsuche/jobdetail/11949-17214512-S,11949-17214512-S
https://www.arbeitsagentur.de/jobsuche/jobdetail/15428-S5AXWCK9DIMHTCSI-S,15428-S5AXWCK9DIMHTCSI-S
https://www.arbeitsagentur.de/jobsuche/jobdetail/14751-408A1705-S,14751-408A1705-S
https://www.arbeitsagentur.de/jobsuche/jobdetail/16819-02ec15c3987acfa4-S,16819-02ec15c3987acfa4-S
https://www.arbeitsagentur.de/jobsuche/jobdetail/10001-1003037384-S,10001-1003037384-S
https://www.arbeitsagentur.de/jobsuche/jobdetail/12811-2249171-S,12811-2249171-S
https://www.arbeitsagentur.de/jobsuche/jobdetail/13635-67ff3ae2_JB5141044-S,13635-67ff3ae2_JB5141044-S
https://www.arbeitsagentur.de/jobsuche/jobdetail/13356-101823A46525C2-S,13356-101823A46525C2-S
https://www.arbeitsagentur.de/jobsuche/jobdetail/10001-1003037978-S,10001-1003037978-S
https://www.arbeitsagentur.de/jobsuche/jobdetail/14087-9H8996003R0FCPRE-S,14087-9H8996003R0FCPRE-S
https://www.arbeitsagentur.de/jobsuche/jobdetail/14751-417A9863-S,14751-417A9863-S
https://www.arbeitsagentur.de/jobsuche/jobdetail/11949-17215972-S,11949-17215972-S
https://www.arbeitsagentur.de/jobsuche/jobdetail/10001-1003039516-S,10001-1003039516-S
https://www.arbeitsagentur.de/jobsuche/jobdetail/10001-1003035457-S,10001-1003035457-S
https://www.arbeitsagentur.de/jobsuche/jobdetail/10000-1206437915-S,10000-1206437915-S
https://www.arbeitsagentur.de/jobsuche/jobdetail/10001-1003037521-S,10001-1003037521-S
https://www.arbeitsagentur.de/jobsuche/jobdetail/10001-1003038482-S,10001-1003038482-S
https://www.arbeitsagentur.de/jobsuche/jobdetail/16185-W10IXVOJYWTR0FN5-S,16185-W10IXVOJYWTR0FN5-S
https://www.arbeitsagentur.de/jobsuche/jobdetail/11119-4792608616-S,11119-4792608616-S
https://www.arbeitsagentur.de/jobsuche/jobdetail/16185-3TS9IM8F7ANE4CDO-S,16185-3TS9IM8F7ANE4CDO-S
https://www.arbeitsagentur.de/jobsuche/jobdetail/10001-1003039425-S,10001-1003039425-S
https://www.arbeitsagentur.de/jobsuche/jobdetail/11119-4804199718-S,11119-4804199718-S
https://www.arbeitsagentur.de/jobsuche/jobdetail/12362-TR-277865_609525LS-S,12362-TR-277865_609525LS-S
https://www.arbeitsagentur.de/jobsuche/jobdetail/11949-17216657-S,11949-17216657-S
https://www.arbeitsagentur.de/jobsuche/jobdetail/14722-5NJU87UHRINVVD36-S,14722-5NJU87UHRINVVD36-S
https://www.arbeitsagentur.de/jobsuche/jobdetail/14927-dz4nmw-S,14927-dz4nmw-S
https://www.arbeitsagentur.de/jobsuche/jobdetail/11949-17215244-S,11949-17215244-S
https://www.arbeitsagentur.de/jobsuche/jobdetail/11949-17198405-S,11949-17198405-S
https://www.arbeitsagentur.de/jobsuche/jobdetail/11949-17215556-S,11949-17215556-S
https://www.arbeitsagentur.de/jobsuche/jobdetail/10001-1003038349-S,10001-1003038349-S
https://www.arbeitsagentur.de/jobsuche/jobdetail/11949-17215757-S,11949-17215757-S
https://www.arbeitsagentur.de/jobsuche/jobdetail/14661-cdb1614e600a429-S,14661-cdb1614e600a429-S
https://www.arbeitsagentur.de/jobsuche/jobdetail/13038-4804143713-S,13038-4804143713-S
https://www.arbeitsagentur.de/jobsuche/jobdetail/12967-0002_00111280-S,12967-0002_00111280-S
https://www.arbeitsagentur.de/jobsuche/jobdetail/13280-1IKD9WK4EUM6K08C-S,13280-1IKD9WK4EUM6K08C-S
https://www.arbeitsagentur.de/jobsuche/jobdetail/12811-2249226-S,12811-2249226-S
https://www.arbeitsagentur.de/jobsuche/jobdetail/10001-1003037224-S,10001-1003037224-S
https://www.arbeitsagentur.de/jobsuche/jobdetail/10000-1205606611-S,10000-1205606611-S
https://www.arbeitsagentur.de/jobsuche/jobdetail/11949-17212888-S,11949-17212888-S
https://www.arbeitsagentur.de/jobsuche/jobdetail/11119-4802963207-S,11119-4802963207-S
https://www.arbeitsagentur.de/jobsuche/jobdetail/10000-1206447070-S,10000-1206447070-S
https://www.arbeitsagentur.de/jobsuche/jobdetail/12704-A1YP1V711R6FF4SP-S,12704-A1YP1V711R6FF4SP-S
https://www.arbeitsagentur.de/jobsuche/jobdetail/10000-1206449168-S,10000-1206449168-S
https://www.arbeitsagentur.de/jobsuche/jobdetail/11949-17216478-S,11949-17216478-S
https://www.arbeitsagentur.de/jobsuche/jobdetail/11949-17216631-S,11949-17216631-S
https://www.arbeitsagentur.de/jobsuche/jobdetail/12288-4804110048-S,12288-4804110048-S
https://www.arbeitsagentur.de/jobsuche/jobdetail/14751-417A10926-S,14751-417A10926-S
https://www.arbeitsagentur.de/jobsuche/jobdetail/13356-104220A48319C3-S,13356-104220A48319C3-S
https://www.arbeitsagentur.de/jobsuche/jobdetail/11119-4803008573-S,11119-4803008573-S
https://www.arbeitsagentur.de/jobsuche/jobdetail/10001-1003033312-S,10001-1003033312-S
https://www.arbeitsagentur.de/jobsuche/jobdetail/13280-ZJB2G5RESVM4VWDG-S,13280-ZJB2G5RESVM4VWDG-S
https://www.arbeitsagentur.de/jobsuche/jobdetail/13270-2026-00003653-1-S,13270-2026-00003653-1-S
https://www.arbeitsagentur.de/jobsuche/jobdetail/11849-P2095424-1-S,11849-P2095424-1-S
https://www.arbeitsagentur.de/jobsuche/jobdetail/16575-k58251.1900-S,16575-k58251.1900-S
https://www.arbeitsagentur.de/jobsuche/jobdetail/10000-1206441234-S,10000-1206441234-S
https://www.arbeitsagentur.de/jobsuche/jobdetail/18024-100PJ000KFd0E-S,18024-100PJ000KFd0E-S
https://www.arbeitsagentur.de/jobsuche/jobdetail/12560-SZFYZLVY990IQ72R-S,12560-SZFYZLVY990IQ72R-S
https://www.arbeitsagentur.de/jobsuche/jobdetail/11119-4803018373-S,11119-4803018373-S
https://www.arbeitsagentur.de/jobsuche/jobdetail/18024-100PJ000Tgl1p-S,18024-100PJ000Tgl1p-S
https://www.arbeitsagentur.de/jobsuche/jobdetail/10001-1003040228-S,10001-1003040228-S
https://www.arbeitsagentur.de/jobsuche/jobdetail/10000-1206434645-S,10000-1206434645-S
https://www.arbeitsagentur.de/jobsuche/jobdetail/12560-XA8CLBLTP1FS2286-S,12560-XA8CLBLTP1FS2286-S
https://www.arbeitsagentur.de/jobsuche/jobdetail/12659-109bbc3caac2427-S,12659-109bbc3caac2427-S
https://www.arbeitsagentur.de/jobsuche/jobdetail/11119-4804140475-S,11119-4804140475-S
https://www.arbeitsagentur.de/jobsuche/jobdetail/15358-YTAIKT2D0HBU7XFK-S,15358-YTAIKT2D0HBU7XFK-S
https://www.arbeitsagentur.de/jobsuche/jobdetail/17560-d77f4043e4874c9-S,17560-d77f4043e4874c9-S
https://www.arbeitsagentur.de/jobsuche/jobdetail/10000-1206450589-S,10000-1206450589-S
https://www.arbeitsagentur.de/jobsuche/jobdetail/10001-1003033565-S,10001-1003033565-S
https://www.arbeitsagentur.de/jobsuche/jobdetail/17803-260507173118-HE1423-S,17803-260507173118-HE1423-S
https://www.arbeitsagentur.de/jobsuche/jobdetail/10001-1003034478-S,10001-1003034478-S
https://www.arbeitsagentur.de/jobsuche/jobdetail/17803-260506170951-OA1318-S,17803-260506170951-OA1318-S
https://www.arbeitsagentur.de/jobsuche/jobdetail/10000-1206439989-S,10000-1206439989-S
https://www.arbeitsagentur.de/jobsuche/jobdetail/19935-l6wkjdrgyq-S,19935-l6wkjdrgyq-S
https://www.arbeitsagentur.de/jobsuche/jobdetail/10001-1003035688-S,10001-1003035688-S
https://www.arbeitsagentur.de/jobsuche/jobdetail/16864-RFWKIL6BIW4O6XUW-S,16864-RFWKIL6BIW4O6XUW-S
https://www.arbeitsagentur.de/jobsuche/jobdetail/10001-1003036542-S,10001-1003036542-S
https://www.arbeitsagentur.de/jobsuche/jobdetail/17864-80BR459CB5YD6O9V-S,17864-80BR459CB5YD6O9V-S
https://www.arbeitsagentur.de/jobsuche/jobdetail/11973-c-356894-S,11973-c-356894-S
https://www.arbeitsagentur.de/jobsuche/jobdetail/18024-100PJ000Vas03-S,18024-100PJ000Vas03-S
https://www.arbeitsagentur.de/jobsuche/jobdetail/11949-17215498-S,11949-17215498-S
https://www.arbeitsagentur.de/jobsuche/jobdetail/14751-417A10410-S,14751-417A10410-S
https://www.arbeitsagentur.de/jobsuche/jobdetail/10001-1003038071-S,10001-1003038071-S
https://www.arbeitsagentur.de/jobsuche/jobdetail/11949-17215384-S,11949-17215384-S
https://www.arbeitsagentur.de/jobsuche/jobdetail/10001-1003040242-S,10001-1003040242-S
https://www.arbeitsagentur.de/jobsuche/jobdetail/11949-17214199-S,11949-17214199-S
https://www.arbeitsagentur.de/jobsuche/jobdetail/14742-3101335_3998133-S,14742-3101335_3998133-S
https://www.arbeitsagentur.de/jobsuche/jobdetail/11949-17213780-S,11949-17213780-S
https://www.arbeitsagentur.de/jobsuche/jobdetail/12537-BA65BA58134812F9416-S,12537-BA65BA58134812F9416-S
https://www.arbeitsagentur.de/jobsuche/jobdetail/10001-1003038018-S,10001-1003038018-S
https://www.arbeitsagentur.de/jobsuche/jobdetail/18024-100PJ000VYL09-S,18024-100PJ000VYL09-S
https://www.arbeitsagentur.de/jobsuche/jobdetail/18024-100aR0001Dp2Z-S,18024-100aR0001Dp2Z-S
https://www.arbeitsagentur.de/jobsuche/jobdetail/13359-j105S19519-49766-S,13359-j105S19519-49766-S
https://www.arbeitsagentur.de/jobsuche/jobdetail/11949-17216397-S,11949-17216397-S
https://www.arbeitsagentur.de/jobsuche/jobdetail/11852-944058785-S,11852-944058785-S
https://www.arbeitsagentur.de/jobsuche/jobdetail/18896-8565037-S,18896-8565037-S
https://www.arbeitsagentur.de/jobsuche/jobdetail/10001-1003042770-S,10001-1003042770-S
https://www.arbeitsagentur.de/jobsuche/jobdetail/17803-260507173152-AH1422-S,17803-260507173152-AH1422-S
https://www.arbeitsagentur.de/jobsuche/jobdetail/14751-373A95884-S,14751-373A95884-S
https://www.arbeitsagentur.de/jobsuche/jobdetail/10001-1003042628-S,10001-1003042628-S
https://www.arbeitsagentur.de/jobsuche/jobdetail/12122-209172-1770957-0-S,12122-209172-1770957-0-S
https://www.arbeitsagentur.de/jobsuche/jobdetail/12513-0007639523-S,12513-0007639523-S
https://www.arbeitsagentur.de/jobsuche/jobdetail/11949-17213234-S,11949-17213234-S
https://www.arbeitsagentur.de/jobsuche/jobdetail/10001-1003036855-S,10001-1003036855-S
https://www.arbeitsagentur.de/jobsuche/jobdetail/13465-00021a648aa001-S,13465-00021a648aa001-S
https://www.arbeitsagentur.de/jobsuche/jobdetail/11119-4791095160-S,11119-4791095160-S
https://www.arbeitsagentur.de/jobsuche/jobdetail/11081-4A9OQUDXJWYCRJ8U-S,11081-4A9OQUDXJWYCRJ8U-S
https://www.arbeitsagentur.de/jobsuche/jobdetail/13424-D7K6S440ZRYR2VXF-S,13424-D7K6S440ZRYR2VXF-S
https://www.arbeitsagentur.de/jobsuche/jobdetail/10001-1003042368-S,10001-1003042368-S
https://www.arbeitsagentur.de/jobsuche/jobdetail/18011-k59915.3444-S,18011-k59915.3444-S
https://www.arbeitsagentur.de/jobsuche/jobdetail/10001-1003038439-S,10001-1003038439-S
https://www.arbeitsagentur.de/jobsuche/jobdetail/11949-17215869-S,11949-17215869-S
https://www.arbeitsagentur.de/jobsuche/jobdetail/10001-1003034883-S,10001-1003034883-S
https://www.arbeitsagentur.de/jobsuche/jobdetail/13588-R2G72R0HAWA8RWC4-S,13588-R2G72R0HAWA8RWC4-S
https://www.arbeitsagentur.de/jobsuche/jobdetail/11119-4803025318-S,11119-4803025318-S
https://www.arbeitsagentur.de/jobsuche/jobdetail/11949-17216485-S,11949-17216485-S
https://www.arbeitsagentur.de/jobsuche/jobdetail/10001-1003041250-S,10001-1003041250-S
https://www.arbeitsagentur.de/jobsuche/jobdetail/11949-17215294-S,11949-17215294-S
https://www.arbeitsagentur.de/jobsuche/jobdetail/12811-2249160-S,12811-2249160-S
https://www.arbeitsagentur.de/jobsuche/jobdetail/11973-c-487864-S,11973-c-487864-S
https://www.arbeitsagentur.de/jobsuche/jobdetail/13635-ae9d3569_JB5140235-S,13635-ae9d3569_JB5140235-S
https://www.arbeitsagentur.de/jobsuche/jobdetail/19827-RP4TVAT2ADUY0PNS-S,19827-RP4TVAT2ADUY0PNS-S
https://www.arbeitsagentur.de/jobsuche/jobdetail/10001-1003042706-S,10001-1003042706-S
https://www.arbeitsagentur.de/jobsuche/jobdetail/11949-17213931-S,11949-17213931-S
https://www.arbeitsagentur.de/jobsuche/jobdetail/11119-4804226497-S,11119-4804226497-S
https://www.arbeitsagentur.de/jobsuche/jobdetail/12632-f4f206d8_JB5139947-S,12632-f4f206d8_JB5139947-S
https://www.arbeitsagentur.de/jobsuche/jobdetail/10001-1003042646-S,10001-1003042646-S
https://www.arbeitsagentur.de/jobsuche/jobdetail/10001-1003041535-S,10001-1003041535-S
https://www.arbeitsagentur.de/jobsuche/jobdetail/18024-1002X000QZK01-S,18024-1002X000QZK01-S
https://www.arbeitsagentur.de/jobsuche/jobdetail/10001-1003040963-S,10001-1003040963-S
https://www.arbeitsagentur.de/jobsuche/jobdetail/16741-4804213603-S,16741-4804213603-S
https://www.arbeitsagentur.de/jobsuche/jobdetail/10001-1003037451-S,10001-1003037451-S
https://www.arbeitsagentur.de/jobsuche/jobdetail/10001-1003039981-S,10001-1003039981-S
https://www.arbeitsagentur.de/jobsuche/jobdetail/15939-BB-633653-7878-1442-S,15939-BB-633653-7878-1442-S
https://www.arbeitsagentur.de/jobsuche/jobdetail/11949-17214120-S,11949-17214120-S
https://www.arbeitsagentur.de/jobsuche/jobdetail/15303-203ON3HEVWPWYNJM-S,15303-203ON3HEVWPWYNJM-S
https://www.arbeitsagentur.de/jobsuche/jobdetail/10001-1003036192-S,10001-1003036192-S
https://www.arbeitsagentur.de/jobsuche/jobdetail/10001-1003037812-S,10001-1003037812-S
https://www.arbeitsagentur.de/jobsuche/jobdetail/14795-66950_118919-S,14795-66950_118919-S
https://www.arbeitsagentur.de/jobsuche/jobdetail/14910-W3TRTCCM5NVW4VB6-S,14910-W3TRTCCM5NVW4VB6-S
https://www.arbeitsagentur.de/jobsuche/jobdetail/17394-2025-12770017-S,17394-2025-12770017-S
https://www.arbeitsagentur.de/jobsuche/jobdetail/11868-13743081-S,11868-13743081-S
https://www.arbeitsagentur.de/jobsuche/jobdetail/11949-17216279-S,11949-17216279-S
https://www.arbeitsagentur.de/jobsuche/jobdetail/17803-260507173044-AF1418-S,17803-260507173044-AF1418-S
https://www.arbeitsagentur.de/jobsuche/jobdetail/10001-1003039331-S,10001-1003039331-S
https://www.arbeitsagentur.de/jobsuche/jobdetail/12946-2911-1771039-0-S,12946-2911-1771039-0-S
https://www.arbeitsagentur.de/jobsuche/jobdetail/13635-ec9d81d7_JB5139728-S,13635-ec9d81d7_JB5139728-S
https://www.arbeitsagentur.de/jobsuche/jobdetail/13635-6c43f051_JB5139762-S,13635-6c43f051_JB5139762-S
https://www.arbeitsagentur.de/jobsuche/jobdetail/13635-cf377839_JB5140069-S,13635-cf377839_JB5140069-S
https://www.arbeitsagentur.de/jobsuche/jobdetail/10001-1003036241-S,10001-1003036241-S
https://www.arbeitsagentur.de/jobsuche/jobdetail/11119-4804138766-S,11119-4804138766-S
https://www.arbeitsagentur.de/jobsuche/jobdetail/11949-17215639-S,11949-17215639-S
https://www.arbeitsagentur.de/jobsuche/jobdetail/10001-1003042364-S,10001-1003042364-S
https://www.arbeitsagentur.de/jobsuche/jobdetail/13635-41f377ec_JB5140541-S,13635-41f377ec_JB5140541-S
https://www.arbeitsagentur.de/jobsuche/jobdetail/16819-8edb0300804767c5-S,16819-8edb0300804767c5-S
https://www.arbeitsagentur.de/jobsuche/jobdetail/10001-1003035721-S,10001-1003035721-S
https://www.arbeitsagentur.de/jobsuche/jobdetail/14418-46109-1770745-0-S,14418-46109-1770745-0-S
https://www.arbeitsagentur.de/jobsuche/jobdetail/13525-k45548.3516-S,13525-k45548.3516-S
https://www.arbeitsagentur.de/jobsuche/jobdetail/10001-1003038791-S,10001-1003038791-S
https://www.arbeitsagentur.de/jobsuche/jobdetail/11081-Q8H8YHXKBYDAGVDG-S,11081-Q8H8YHXKBYDAGVDG-S
https://www.arbeitsagentur.de/jobsuche/jobdetail/14722-J26925845IOEGL4T-S,14722-J26925845IOEGL4T-S
https://www.arbeitsagentur.de/jobsuche/jobdetail/10000-1206442549-S,10000-1206442549-S
https://www.arbeitsagentur.de/jobsuche/jobdetail/11081-LDSDMGWJP3ZJNB5F-S,11081-LDSDMGWJP3ZJNB5F-S
https://www.arbeitsagentur.de/jobsuche/jobdetail/13035-1240025785516873-SO-S,13035-1240025785516873-SO-S
https://www.arbeitsagentur.de/jobsuche/jobdetail/10001-1003037447-S,10001-1003037447-S
https://www.arbeitsagentur.de/jobsuche/jobdetail/11949-17213434-S,11949-17213434-S
https://www.arbeitsagentur.de/jobsuche/jobdetail/12288-4803082745-S,12288-4803082745-S
https://www.arbeitsagentur.de/jobsuche/jobdetail/10001-1003040079-S,10001-1003040079-S
https://www.arbeitsagentur.de/jobsuche/jobdetail/13635-27153585_JB5140377-S,13635-27153585_JB5140377-S
https://www.arbeitsagentur.de/jobsuche/jobdetail/10000-1206449491-S,10000-1206449491-S
https://www.arbeitsagentur.de/jobsuche/jobdetail/10001-1003038676-S,10001-1003038676-S
https://www.arbeitsagentur.de/jobsuche/jobdetail/10001-1003041867-S,10001-1003041867-S
https://www.arbeitsagentur.de/jobsuche/jobdetail/14751-70A21977-S,14751-70A21977-S
https://www.arbeitsagentur.de/jobsuche/jobdetail/14718-k30736.3163-S,14718-k30736.3163-S
https://www.arbeitsagentur.de/jobsuche/jobdetail/11949-17215572-S,11949-17215572-S
https://www.arbeitsagentur.de/jobsuche/jobdetail/18024-100PC000AcB1O-S,18024-100PC000AcB1O-S
https://www.arbeitsagentur.de/jobsuche/jobdetail/12811-2248485-S,12811-2248485-S
https://www.arbeitsagentur.de/jobsuche/jobdetail/10001-1003033701-S,10001-1003033701-S
https://www.arbeitsagentur.de/jobsuche/jobdetail/16291-ecef4d6732c5422-S,16291-ecef4d6732c5422-S
https://www.arbeitsagentur.de/jobsuche/jobdetail/11119-4804200706-S,11119-4804200706-S
https://www.arbeitsagentur.de/jobsuche/jobdetail/20465-GFA1KWE0I6S949D3-S,20465-GFA1KWE0I6S949D3-S
https://www.arbeitsagentur.de/jobsuche/jobdetail/11949-17216667-S,11949-17216667-S
https://www.arbeitsagentur.de/jobsuche/jobdetail/14751-62A117751-S,14751-62A117751-S
https://www.arbeitsagentur.de/jobsuche/jobdetail/13433-WB8HYTYX7F2CPRUK-S,13433-WB8HYTYX7F2CPRUK-S
https://www.arbeitsagentur.de/jobsuche/jobdetail/10001-1003038238-S,10001-1003038238-S
https://www.arbeitsagentur.de/jobsuche/jobdetail/14751-62A117725-S,14751-62A117725-S
https://www.arbeitsagentur.de/jobsuche/jobdetail/12811-2249125-S,12811-2249125-S
https://www.arbeitsagentur.de/jobsuche/jobdetail/16819-d5aace03dfb647bf-S,16819-d5aace03dfb647bf-S
https://www.arbeitsagentur.de/jobsuche/jobdetail/10001-1003039921-S,10001-1003039921-S
https://www.arbeitsagentur.de/jobsuche/jobdetail/11864-MW1EU4CCXGGYQF5E-S,11864-MW1EU4CCXGGYQF5E-S
https://www.arbeitsagentur.de/jobsuche/jobdetail/12739-IXW68SHW3NV3QR01-S,12739-IXW68SHW3NV3QR01-S
https://www.arbeitsagentur.de/jobsuche/jobdetail/12811-2248499-S,12811-2248499-S
https://www.arbeitsagentur.de/jobsuche/jobdetail/17803-260507172724-PH1420-S,17803-260507172724-PH1420-S
https://www.arbeitsagentur.de/jobsuche/jobdetail/12288-4803121502-S,12288-4803121502-S
https://www.arbeitsagentur.de/jobsuche/jobdetail/10001-1003042453-S,10001-1003042453-S
https://www.arbeitsagentur.de/jobsuche/jobdetail/13517-0000301adfe001-S,13517-0000301adfe001-S
https://www.arbeitsagentur.de/jobsuche/jobdetail/11949-17215144-S,11949-17215144-S
https://www.arbeitsagentur.de/jobsuche/jobdetail/10001-1003038794-S,10001-1003038794-S
https://www.arbeitsagentur.de/jobsuche/jobdetail/19827-B6I063G27C7MVL2F-S,19827-B6I063G27C7MVL2F-S
https://www.arbeitsagentur.de/jobsuche/jobdetail/16915-MNYHTWKJPUNXUZ2B-S,16915-MNYHTWKJPUNXUZ2B-S
https://www.arbeitsagentur.de/jobsuche/jobdetail/19228-00009203526001-S,19228-00009203526001-S
https://www.arbeitsagentur.de/jobsuche/jobdetail/11949-17203330-S,11949-17203330-S
https://www.arbeitsagentur.de/jobsuche/jobdetail/16925-HK61PGOGDFB6MY9I-S,16925-HK61PGOGDFB6MY9I-S
https://www.arbeitsagentur.de/jobsuche/jobdetail/17560-08d3deaeb17f4f4-S,17560-08d3deaeb17f4f4-S
https://www.arbeitsagentur.de/jobsuche/jobdetail/14661-2e85a1789be744e-S,14661-2e85a1789be744e-S
https://www.arbeitsagentur.de/jobsuche/jobdetail/17803-260506171017-ER1311-S,17803-260506171017-ER1311-S
https://www.arbeitsagentur.de/jobsuche/jobdetail/16291-06c642d1892a459-S,16291-06c642d1892a459-S
https://www.arbeitsagentur.de/jobsuche/jobdetail/11949-17213464-S,11949-17213464-S
https://www.arbeitsagentur.de/jobsuche/jobdetail/11949-17215361-S,11949-17215361-S
https://www.arbeitsagentur.de/jobsuche/jobdetail/12739-VZ04YH1U56TQGTMO-S,12739-VZ04YH1U56TQGTMO-S
https://www.arbeitsagentur.de/jobsuche/jobdetail/14742-3101329_3998014-S,14742-3101329_3998014-S
https://www.arbeitsagentur.de/jobsuche/jobdetail/11949-17216210-S,11949-17216210-S
https://www.arbeitsagentur.de/jobsuche/jobdetail/13800-ZPMY5ZZ6CB5CGO6Q-S,13800-ZPMY5ZZ6CB5CGO6Q-S
https://www.arbeitsagentur.de/jobsuche/jobdetail/11949-17215332-S,11949-17215332-S
https://www.arbeitsagentur.de/jobsuche/jobdetail/10001-1003035496-S,10001-1003035496-S
https://www.arbeitsagentur.de/jobsuche/jobdetail/17803-260507172901-PS1408-S,17803-260507172901-PS1408-S
https://www.arbeitsagentur.de/jobsuche/jobdetail/11119-4791379527-S,11119-4791379527-S
https://www.arbeitsagentur.de/jobsuche/jobdetail/11949-17215210-S,11949-17215210-S
https://www.arbeitsagentur.de/jobsuche/jobdetail/13635-373cd303_JB5140733-S,13635-373cd303_JB5140733-S
https://www.arbeitsagentur.de/jobsuche/jobdetail/13356-102628A38372C3-S,13356-102628A38372C3-S
https://www.arbeitsagentur.de/jobsuche/jobdetail/10001-1003042648-S,10001-1003042648-S
https://www.arbeitsagentur.de/jobsuche/jobdetail/13635-b8d7ce34_JB5140738-S,13635-b8d7ce34_JB5140738-S
https://www.arbeitsagentur.de/jobsuche/jobdetail/11949-17216406-S,11949-17216406-S
https://www.arbeitsagentur.de/jobsuche/jobdetail/12811-2248937-S,12811-2248937-S
https://www.arbeitsagentur.de/jobsuche/jobdetail/10001-1003036289-S,10001-1003036289-S
https://www.arbeitsagentur.de/jobsuche/jobdetail/17803-260507172937-OA1421-S,17803-260507172937-OA1421-S
https://www.arbeitsagentur.de/jobsuche/jobdetail/11949-17216054-S,11949-17216054-S
https://www.arbeitsagentur.de/jobsuche/jobdetail/18248-MZ2AUZR4DNF8G8GT-S,18248-MZ2AUZR4DNF8G8GT-S
https://www.arbeitsagentur.de/jobsuche/jobdetail/11081-Z3RIF2Y7LUV6ANB6-S,11081-Z3RIF2Y7LUV6ANB6-S
https://www.arbeitsagentur.de/jobsuche/jobdetail/12704-HAADKNZRR6F5SAQY-S,12704-HAADKNZRR6F5SAQY-S
https://www.arbeitsagentur.de/jobsuche/jobdetail/11949-17216365-S,11949-17216365-S
https://www.arbeitsagentur.de/jobsuche/jobdetail/14751-206A13854-S,14751-206A13854-S
https://www.arbeitsagentur.de/jobsuche/jobdetail/10001-1003041291-S,10001-1003041291-S
https://www.arbeitsagentur.de/jobsuche/jobdetail/10001-1003042637-S,10001-1003042637-S
https://www.arbeitsagentur.de/jobsuche/jobdetail/10001-1003038291-S,10001-1003038291-S
https://www.arbeitsagentur.de/jobsuche/jobdetail/10001-1003042578-S,10001-1003042578-S
https://www.arbeitsagentur.de/jobsuche/jobdetail/11949-17215967-S,11949-17215967-S
https://www.arbeitsagentur.de/jobsuche/jobdetail/11119-4791109661-S,11119-4791109661-S
https://www.arbeitsagentur.de/jobsuche/jobdetail/10001-1003042571-S,10001-1003042571-S
https://www.arbeitsagentur.de/jobsuche/jobdetail/12456-1570793-1-S,12456-1570793-1-S
https://www.arbeitsagentur.de/jobsuche/jobdetail/12288-4803138244-S,12288-4803138244-S
https://www.arbeitsagentur.de/jobsuche/jobdetail/18783-6iiuy013o6-S,18783-6iiuy013o6-S
https://www.arbeitsagentur.de/jobsuche/jobdetail/10001-1003016521-S,10001-1003016521-S
https://www.arbeitsagentur.de/jobsuche/jobdetail/10001-1003042436-S,10001-1003042436-S
https://www.arbeitsagentur.de/jobsuche/jobdetail/11864-Y4YAM2PPSXNZJEJ3-S,11864-Y4YAM2PPSXNZJEJ3-S
https://www.arbeitsagentur.de/jobsuche/jobdetail/11119-4803637096-S,11119-4803637096-S
https://www.arbeitsagentur.de/jobsuche/jobdetail/13635-9a1c3fce_JB5140268-S,13635-9a1c3fce_JB5140268-S
https://www.arbeitsagentur.de/jobsuche/jobdetail/14661-4e706fe59b304e6-S,14661-4e706fe59b304e6-S
https://www.arbeitsagentur.de/jobsuche/jobdetail/10001-1003040985-S,10001-1003040985-S
https://www.arbeitsagentur.de/jobsuche/jobdetail/11119-4804158820-S,11119-4804158820-S
https://www.arbeitsagentur.de/jobsuche/jobdetail/10001-1003038332-S,10001-1003038332-S
https://www.arbeitsagentur.de/jobsuche/jobdetail/17803-260507173008-ER1424-S,17803-260507173008-ER1424-S
https://www.arbeitsagentur.de/jobsuche/jobdetail/14563-509-1770847-0-S,14563-509-1770847-0-S
https://www.arbeitsagentur.de/jobsuche/jobdetail/11081-CETRB1Q139QOGYUT-S,11081-CETRB1Q139QOGYUT-S
https://www.arbeitsagentur.de/jobsuche/jobdetail/10001-1003040312-S,10001-1003040312-S
https://www.arbeitsagentur.de/jobsuche/jobdetail/11949-17216627-S,11949-17216627-S
https://www.arbeitsagentur.de/jobsuche/jobdetail/10001-1003041373-S,10001-1003041373-S
https://www.arbeitsagentur.de/jobsuche/jobdetail/10001-1003042583-S,10001-1003042583-S
https://www.arbeitsagentur.de/jobsuche/jobdetail/10001-1003037107-S,10001-1003037107-S
https://www.arbeitsagentur.de/jobsuche/jobdetail/10001-1003042608-S,10001-1003042608-S
https://www.arbeitsagentur.de/jobsuche/jobdetail/10000-1206432155-S,10000-1206432155-S
https://www.arbeitsagentur.de/jobsuche/jobdetail/14471-77CZE6RGRONC5LPF-S,14471-77CZE6RGRONC5LPF-S
https://www.arbeitsagentur.de/jobsuche/jobdetail/12739-W3MK7KGE99VBM405-S,12739-W3MK7KGE99VBM405-S
https://www.arbeitsagentur.de/jobsuche/jobdetail/14751-424A191-S,14751-424A191-S
https://www.arbeitsagentur.de/jobsuche/jobdetail/12457-1571609-1-S,12457-1571609-1-S
https://www.arbeitsagentur.de/jobsuche/jobdetail/10001-1003035868-S,10001-1003035868-S
https://www.arbeitsagentur.de/jobsuche/jobdetail/17803-260506171043-AF1307-S,17803-260506171043-AF1307-S
https://www.arbeitsagentur.de/jobsuche/jobdetail/11119-4803888085-S,11119-4803888085-S
https://www.arbeitsagentur.de/jobsuche/jobdetail/11081-HK6JH1RAPY80SQB7-S,11081-HK6JH1RAPY80SQB7-S
https://www.arbeitsagentur.de/jobsuche/jobdetail/11949-17215276-S,11949-17215276-S
https://www.arbeitsagentur.de/jobsuche/jobdetail/10001-1003038296-S,10001-1003038296-S
https://www.arbeitsagentur.de/jobsuche/jobdetail/11949-17215814-S,11949-17215814-S
https://www.arbeitsagentur.de/jobsuche/jobdetail/14927-dqj2ga-S,14927-dqj2ga-S
https://www.arbeitsagentur.de/jobsuche/jobdetail/10001-1003037030-S,10001-1003037030-S
https://www.arbeitsagentur.de/jobsuche/jobdetail/10001-1003036283-S,10001-1003036283-S
https://www.arbeitsagentur.de/jobsuche/jobdetail/10001-1003042314-S,10001-1003042314-S
https://www.arbeitsagentur.de/jobsuche/jobdetail/10000-1206443232-S,10000-1206443232-S
https://www.arbeitsagentur.de/jobsuche/jobdetail/10001-1003040133-S,10001-1003040133-S
https://www.arbeitsagentur.de/jobsuche/jobdetail/16185-2Q79EJ4N8TPAB02T-S,16185-2Q79EJ4N8TPAB02T-S
https://www.arbeitsagentur.de/jobsuche/jobdetail/12122-209146-1770909-0-S,12122-209146-1770909-0-S
https://www.arbeitsagentur.de/jobsuche/jobdetail/13356-406010A40569C32-S,13356-406010A40569C32-S
https://www.arbeitsagentur.de/jobsuche/jobdetail/12633-f1ba7f0a_JB5140177-S,12633-f1ba7f0a_JB5140177-S
https://www.arbeitsagentur.de/jobsuche/jobdetail/14471-JX2FHUZ2CB28YZEF-S,14471-JX2FHUZ2CB28YZEF-S
https://www.arbeitsagentur.de/jobsuche/jobdetail/11949-17215346-S,11949-17215346-S
https://www.arbeitsagentur.de/jobsuche/jobdetail/10001-1003037154-S,10001-1003037154-S
https://www.arbeitsagentur.de/jobsuche/jobdetail/11119-4804223919-S,11119-4804223919-S
https://www.arbeitsagentur.de/jobsuche/jobdetail/11864-HFEVD6UYIE65F1KS-S,11864-HFEVD6UYIE65F1KS-S
https://www.arbeitsagentur.de/jobsuche/jobdetail/10001-1003037903-S,10001-1003037903-S
https://www.arbeitsagentur.de/jobsuche/jobdetail/11119-4791104404-S,11119-4791104404-S
https://www.arbeitsagentur.de/jobsuche/jobdetail/11949-17215324-S,11949-17215324-S
https://www.arbeitsagentur.de/jobsuche/jobdetail/17803-260507172806-PF1405-S,17803-260507172806-PF1405-S
https://www.arbeitsagentur.de/jobsuche/jobdetail/11949-17213462-S,11949-17213462-S
https://www.arbeitsagentur.de/jobsuche/jobdetail/14751-437A353-S,14751-437A353-S
https://www.arbeitsagentur.de/jobsuche/jobdetail/12739-HU28IME1UORGZCO1-S,12739-HU28IME1UORGZCO1-S
https://www.arbeitsagentur.de/jobsuche/jobdetail/10001-1003037025-S,10001-1003037025-S
https://www.arbeitsagentur.de/jobsuche/jobdetail/14742-3101706_3998720-S,14742-3101706_3998720-S
https://www.arbeitsagentur.de/jobsuche/jobdetail/18024-100PJ000V5t1G-S,18024-100PJ000V5t1G-S
https://www.arbeitsagentur.de/jobsuche/jobdetail/11119-4804184856-S,11119-4804184856-S
https://www.arbeitsagentur.de/jobsuche/jobdetail/10001-1003041151-S,10001-1003041151-S
https://www.arbeitsagentur.de/jobsuche/jobdetail/13280-NWUVC17438NLKC56-S,13280-NWUVC17438NLKC56-S
https://www.arbeitsagentur.de/jobsuche/jobdetail/11949-17215368-S,11949-17215368-S
https://www.arbeitsagentur.de/jobsuche/jobdetail/14421-00076d1b7e6001-S,14421-00076d1b7e6001-S
https://www.arbeitsagentur.de/jobsuche/jobdetail/12608-1401652-4074-1-S,12608-1401652-4074-1-S
https://www.arbeitsagentur.de/jobsuche/jobdetail/14011-44157616-55-S,14011-44157616-55-S
https://www.arbeitsagentur.de/jobsuche/jobdetail/11949-17215817-S,11949-17215817-S
https://www.arbeitsagentur.de/jobsuche/jobdetail/10000-1206445125-S,10000-1206445125-S
https://www.arbeitsagentur.de/jobsuche/jobdetail/14751-373A95893-S,14751-373A95893-S
https://www.arbeitsagentur.de/jobsuche/jobdetail/14927-2hg252ejy1m-S,14927-2hg252ejy1m-S
https://www.arbeitsagentur.de/jobsuche/jobdetail/12633-431a5115_JB5140363-S,12633-431a5115_JB5140363-S
https://www.arbeitsagentur.de/jobsuche/jobdetail/10000-1206447223-S,10000-1206447223-S
https://www.arbeitsagentur.de/jobsuche/jobdetail/10001-1003036252-S,10001-1003036252-S
https://www.arbeitsagentur.de/jobsuche/jobdetail/12608-1401682-4071-1-S,12608-1401682-4071-1-S
https://www.arbeitsagentur.de/jobsuche/jobdetail/18384-4902M6634545JK2S-S,18384-4902M6634545JK2S-S
https://www.arbeitsagentur.de/jobsuche/jobdetail/10001-1003037070-S,10001-1003037070-S
https://www.arbeitsagentur.de/jobsuche/jobdetail/11949-17214910-S,11949-17214910-S
https://www.arbeitsagentur.de/jobsuche/jobdetail/10001-1003039866-S,10001-1003039866-S
https://www.arbeitsagentur.de/jobsuche/jobdetail/11949-17216074-S,11949-17216074-S
https://www.arbeitsagentur.de/jobsuche/jobdetail/10000-1206438373-S,10000-1206438373-S
https://www.arbeitsagentur.de/jobsuche/jobdetail/10000-1206439540-S,10000-1206439540-S
https://www.arbeitsagentur.de/jobsuche/jobdetail/14751-373A97238-S,14751-373A97238-S
https://www.arbeitsagentur.de/jobsuche/jobdetail/10000-1206443408-S,10000-1206443408-S
https://www.arbeitsagentur.de/jobsuche/jobdetail/16977-2248854-S,16977-2248854-S
https://www.arbeitsagentur.de/jobsuche/jobdetail/13356-805510A46241C16-S,13356-805510A46241C16-S
https://www.arbeitsagentur.de/jobsuche/jobdetail/13270-2026-00003366-1-S,13270-2026-00003366-1-S
https://www.arbeitsagentur.de/jobsuche/jobdetail/12811-2249132-S,12811-2249132-S
https://www.arbeitsagentur.de/jobsuche/jobdetail/11949-17216067-S,11949-17216067-S
https://www.arbeitsagentur.de/jobsuche/jobdetail/10000-1206440166-S,10000-1206440166-S
https://www.arbeitsagentur.de/jobsuche/jobdetail/12811-2249279-S,12811-2249279-S
https://www.arbeitsagentur.de/jobsuche/jobdetail/14421-00076d1b802001-S,14421-00076d1b802001-S
https://www.arbeitsagentur.de/jobsuche/jobdetail/12811-2248975-S,12811-2248975-S
https://www.arbeitsagentur.de/jobsuche/jobdetail/12288-4803146122-S,12288-4803146122-S
https://www.arbeitsagentur.de/jobsuche/jobdetail/10001-1003037464-S,10001-1003037464-S
https://www.arbeitsagentur.de/jobsuche/jobdetail/10001-1003041053-S,10001-1003041053-S
https://www.arbeitsagentur.de/jobsuche/jobdetail/17464-GAJU4Q6IRBF4FYQ6-S,17464-GAJU4Q6IRBF4FYQ6-S
https://www.arbeitsagentur.de/jobsuche/jobdetail/10001-1003038860-S,10001-1003038860-S
https://www.arbeitsagentur.de/jobsuche/jobdetail/13999-k53401.30946-S,13999-k53401.30946-S
https://www.arbeitsagentur.de/jobsuche/jobdetail/13635-00511649_JB5140335-S,13635-00511649_JB5140335-S
https://www.arbeitsagentur.de/jobsuche/jobdetail/11119-4804184254-S,11119-4804184254-S
https://www.arbeitsagentur.de/jobsuche/jobdetail/14413-k27218.3047-S,14413-k27218.3047-S
https://www.arbeitsagentur.de/jobsuche/jobdetail/14751-373A95895-S,14751-373A95895-S
https://www.arbeitsagentur.de/jobsuche/jobdetail/10001-1003038147-S,10001-1003038147-S
https://www.arbeitsagentur.de/jobsuche/jobdetail/11949-17215837-S,11949-17215837-S
https://www.arbeitsagentur.de/jobsuche/jobdetail/13356-403240A47622C9-S,13356-403240A47622C9-S
https://www.arbeitsagentur.de/jobsuche/jobdetail/11949-17212674-S,11949-17212674-S
https://www.arbeitsagentur.de/jobsuche/jobdetail/10001-1003040879-S,10001-1003040879-S
https://www.arbeitsagentur.de/jobsuche/jobdetail/12444-563465372992558-S,12444-563465372992558-S
https://www.arbeitsagentur.de/jobsuche/jobdetail/14751-437A350-S,14751-437A350-S
https://www.arbeitsagentur.de/jobsuche/jobdetail/13635-ab72dbdc_JB5140817-S,13635-ab72dbdc_JB5140817-S
https://www.arbeitsagentur.de/jobsuche/jobdetail/12730-EN6VY561DHR8UA75-S,12730-EN6VY561DHR8UA75-S
https://www.arbeitsagentur.de/jobsuche/jobdetail/14751-417A9122-S,14751-417A9122-S
https://www.arbeitsagentur.de/jobsuche/jobdetail/10001-1003036726-S,10001-1003036726-S
https://www.arbeitsagentur.de/jobsuche/jobdetail/10001-1003035707-S,10001-1003035707-S
https://www.arbeitsagentur.de/jobsuche/jobdetail/13517-0000301adee001-S,13517-0000301adee001-S
https://www.arbeitsagentur.de/jobsuche/jobdetail/12456-1571563-1-S,12456-1571563-1-S
https://www.arbeitsagentur.de/jobsuche/jobdetail/20561-944238889-S,20561-944238889-S
https://www.arbeitsagentur.de/jobsuche/jobdetail/13424-LPUJUYZNDUZN6SRP-S,13424-LPUJUYZNDUZN6SRP-S
https://www.arbeitsagentur.de/jobsuche/jobdetail/13356-101813A41462C27-S,13356-101813A41462C27-S
https://www.arbeitsagentur.de/jobsuche/jobdetail/10000-1206445490-S,10000-1206445490-S
https://www.arbeitsagentur.de/jobsuche/jobdetail/14087-4IWZQNRXNS12QD2R-S,14087-4IWZQNRXNS12QD2R-S
https://www.arbeitsagentur.de/jobsuche/jobdetail/17763-0064601278-S,17763-0064601278-S
https://www.arbeitsagentur.de/jobsuche/jobdetail/13356-102655A37436C37-S,13356-102655A37436C37-S
https://www.arbeitsagentur.de/jobsuche/jobdetail/10001-1003041414-S,10001-1003041414-S
https://www.arbeitsagentur.de/jobsuche/jobdetail/18024-100BR0003Ov30-S,18024-100BR0003Ov30-S
https://www.arbeitsagentur.de/jobsuche/jobdetail/19632-9EF3XGAC38KLMPGJ-S,19632-9EF3XGAC38KLMPGJ-S
https://www.arbeitsagentur.de/jobsuche/jobdetail/10001-1003038827-S,10001-1003038827-S
https://www.arbeitsagentur.de/jobsuche/jobdetail/13280-YQG0ACFNAZIS4D9Q-S,13280-YQG0ACFNAZIS4D9Q-S
https://www.arbeitsagentur.de/jobsuche/jobdetail/13635-00511485_JB5140331-S,13635-00511485_JB5140331-S
https://www.arbeitsagentur.de/jobsuche/jobdetail/13424-0XXIDKB54A1C3R0Z-S,13424-0XXIDKB54A1C3R0Z-S
https://www.arbeitsagentur.de/jobsuche/jobdetail/14751-62A117742-S,14751-62A117742-S
https://www.arbeitsagentur.de/jobsuche/jobdetail/19410-2248955-S,19410-2248955-S
https://www.arbeitsagentur.de/jobsuche/jobdetail/10000-1206431675-S,10000-1206431675-S
https://www.arbeitsagentur.de/jobsuche/jobdetail/13398-k12330.30215-S,13398-k12330.30215-S
https://www.arbeitsagentur.de/jobsuche/jobdetail/10001-1003040684-S,10001-1003040684-S
https://www.arbeitsagentur.de/jobsuche/jobdetail/11949-17215830-S,11949-17215830-S
https://www.arbeitsagentur.de/jobsuche/jobdetail/13185-506026-1770984-0-S,13185-506026-1770984-0-S
https://www.arbeitsagentur.de/jobsuche/jobdetail/12608-1401668-28045-1-S,12608-1401668-28045-1-S
https://www.arbeitsagentur.de/jobsuche/jobdetail/11949-17215669-S,11949-17215669-S
https://www.arbeitsagentur.de/jobsuche/jobdetail/11119-4804155248-S,11119-4804155248-S
https://www.arbeitsagentur.de/jobsuche/jobdetail/13356-805510A46207C16-S,13356-805510A46207C16-S
https://www.arbeitsagentur.de/jobsuche/jobdetail/15631-57BV6G96QE7XXAQF-S,15631-57BV6G96QE7XXAQF-S
https://www.arbeitsagentur.de/jobsuche/jobdetail/11119-4791110087-S,11119-4791110087-S
https://www.arbeitsagentur.de/jobsuche/jobdetail/10001-1003038512-S,10001-1003038512-S
https://www.arbeitsagentur.de/jobsuche/jobdetail/10001-1003040848-S,10001-1003040848-S
https://www.arbeitsagentur.de/jobsuche/jobdetail/12086-A5KYF8BRSZ7FPIJ5-S,12086-A5KYF8BRSZ7FPIJ5-S
https://www.arbeitsagentur.de/jobsuche/jobdetail/10000-1206436738-S,10000-1206436738-S
https://www.arbeitsagentur.de/jobsuche/jobdetail/10001-1003036084-S,10001-1003036084-S
https://www.arbeitsagentur.de/jobsuche/jobdetail/13465-00021a64926001-S,13465-00021a64926001-S
https://www.arbeitsagentur.de/jobsuche/jobdetail/10001-1003041928-S,10001-1003041928-S
https://www.arbeitsagentur.de/jobsuche/jobdetail/17126-k59074.1834-S,17126-k59074.1834-S
https://www.arbeitsagentur.de/jobsuche/jobdetail/16547-KSYBN84AXRIVHNQ0-S,16547-KSYBN84AXRIVHNQ0-S
https://www.arbeitsagentur.de/jobsuche/jobdetail/14087-WGUYRCIWSGN6O0PZ-S,14087-WGUYRCIWSGN6O0PZ-S
https://www.arbeitsagentur.de/jobsuche/jobdetail/10001-1003036943-S,10001-1003036943-S
https://www.arbeitsagentur.de/jobsuche/jobdetail/12967-0002_00111290-S,12967-0002_00111290-S
https://www.arbeitsagentur.de/jobsuche/jobdetail/10001-1003036807-S,10001-1003036807-S
https://www.arbeitsagentur.de/jobsuche/jobdetail/10000-1206447923-S,10000-1206447923-S
https://www.arbeitsagentur.de/jobsuche/jobdetail/12382-2024-65530049-S,12382-2024-65530049-S
https://www.arbeitsagentur.de/jobsuche/jobdetail/15303-N04V47HOINGYSJAE-S,15303-N04V47HOINGYSJAE-S
https://www.arbeitsagentur.de/jobsuche/jobdetail/13517-0000301adfa001-S,13517-0000301adfa001-S
https://www.arbeitsagentur.de/jobsuche/jobdetail/11119-4804218728-S,11119-4804218728-S
https://www.arbeitsagentur.de/jobsuche/jobdetail/10000-1206435528-S,10000-1206435528-S
https://www.arbeitsagentur.de/jobsuche/jobdetail/20242-4804162826-S,20242-4804162826-S
https://www.arbeitsagentur.de/jobsuche/jobdetail/10001-1003035798-S,10001-1003035798-S
https://www.arbeitsagentur.de/jobsuche/jobdetail/10001-1003035473-S,10001-1003035473-S
https://www.arbeitsagentur.de/jobsuche/jobdetail/13635-4a026236_JB5140724-S,13635-4a026236_JB5140724-S
https://www.arbeitsagentur.de/jobsuche/jobdetail/11949-17216370-S,11949-17216370-S
https://www.arbeitsagentur.de/jobsuche/jobdetail/15992-2249130-S,15992-2249130-S
https://www.arbeitsagentur.de/jobsuche/jobdetail/13999-k53401.30913-S,13999-k53401.30913-S
https://www.arbeitsagentur.de/jobsuche/jobdetail/15170-457879835-S,15170-457879835-S
https://www.arbeitsagentur.de/jobsuche/jobdetail/12288-4803152002-S,12288-4803152002-S
https://www.arbeitsagentur.de/jobsuche/jobdetail/11119-4803004810-S,11119-4803004810-S
https://www.arbeitsagentur.de/jobsuche/jobdetail/10001-1003037789-S,10001-1003037789-S
https://www.arbeitsagentur.de/jobsuche/jobdetail/12826-SA0137622_JB5141209-S,12826-SA0137622_JB5141209-S
https://www.arbeitsagentur.de/jobsuche/jobdetail/10001-1003037742-S,10001-1003037742-S
https://www.arbeitsagentur.de/jobsuche/jobdetail/16538-U3FW4GQ7Liqhnm-S,16538-U3FW4GQ7Liqhnm-S
https://www.arbeitsagentur.de/jobsuche/jobdetail/16971-458578054-S,16971-458578054-S
https://www.arbeitsagentur.de/jobsuche/jobdetail/11949-17216440-S,11949-17216440-S
https://www.arbeitsagentur.de/jobsuche/jobdetail/16963-REF337K-0955882248-S,16963-REF337K-0955882248-S
https://www.arbeitsagentur.de/jobsuche/jobdetail/14087-CDIDO64ELQQ0KU4L-S,14087-CDIDO64ELQQ0KU4L-S
https://www.arbeitsagentur.de/jobsuche/jobdetail/19804-4A7BDC8505963F81957-S,19804-4A7BDC8505963F81957-S
https://www.arbeitsagentur.de/jobsuche/jobdetail/14040-87RQ0SUE2ACW7VXH-S,14040-87RQ0SUE2ACW7VXH-S
https://www.arbeitsagentur.de/jobsuche/jobdetail/10001-1003042265-S,10001-1003042265-S
https://www.arbeitsagentur.de/jobsuche/jobdetail/13356-105553A48071C4-S,13356-105553A48071C4-S
https://www.arbeitsagentur.de/jobsuche/jobdetail/11949-17216401-S,11949-17216401-S
https://www.arbeitsagentur.de/jobsuche/jobdetail/13869-13742693-S,13869-13742693-S
https://www.arbeitsagentur.de/jobsuche/jobdetail/16547-MXE57JY6VW2WI17C-S,16547-MXE57JY6VW2WI17C-S
https://www.arbeitsagentur.de/jobsuche/jobdetail/10001-1003039804-S,10001-1003039804-S
https://www.arbeitsagentur.de/jobsuche/jobdetail/12608-1401773-16853-1-S,12608-1401773-16853-1-S
https://www.arbeitsagentur.de/jobsuche/jobdetail/14927-2d0uq3z1bvy-S,14927-2d0uq3z1bvy-S
https://www.arbeitsagentur.de/jobsuche/jobdetail/13280-OIE98V7OCEEHWVE3-S,13280-OIE98V7OCEEHWVE3-S
https://www.arbeitsagentur.de/jobsuche/jobdetail/11112-2957-1770908-0-S,11112-2957-1770908-0-S
https://www.arbeitsagentur.de/jobsuche/jobdetail/18024-100PJ000URw1n-S,18024-100PJ000URw1n-S
https://www.arbeitsagentur.de/jobsuche/jobdetail/11949-17215783-S,11949-17215783-S
https://www.arbeitsagentur.de/jobsuche/jobdetail/12811-2248137-S,12811-2248137-S
https://www.arbeitsagentur.de/jobsuche/jobdetail/18024-100PJ000VQL0X-S,18024-100PJ000VQL0X-S
https://www.arbeitsagentur.de/jobsuche/jobdetail/10000-1206450162-S,10000-1206450162-S
https://www.arbeitsagentur.de/jobsuche/jobdetail/10001-1003041051-S,10001-1003041051-S
https://www.arbeitsagentur.de/jobsuche/jobdetail/14751-373A96169-S,14751-373A96169-S
https://www.arbeitsagentur.de/jobsuche/jobdetail/10000-1206447410-S,10000-1206447410-S
https://www.arbeitsagentur.de/jobsuche/jobdetail/16134-k57824.38381-S,16134-k57824.38381-S
https://www.arbeitsagentur.de/jobsuche/jobdetail/11949-17215017-S,11949-17215017-S
https://www.arbeitsagentur.de/jobsuche/jobdetail/14751-424A194-S,14751-424A194-S
https://www.arbeitsagentur.de/jobsuche/jobdetail/12811-2248864-S,12811-2248864-S
https://www.arbeitsagentur.de/jobsuche/jobdetail/11119-4791286794-S,11119-4791286794-S
https://www.arbeitsagentur.de/jobsuche/jobdetail/14225-1c856578ad89ed8b-S,14225-1c856578ad89ed8b-S
https://www.arbeitsagentur.de/jobsuche/jobdetail/10001-1003042856-S,10001-1003042856-S
https://www.arbeitsagentur.de/jobsuche/jobdetail/10001-1003042781-S,10001-1003042781-S
https://www.arbeitsagentur.de/jobsuche/jobdetail/10000-1206431085-S,10000-1206431085-S
https://www.arbeitsagentur.de/jobsuche/jobdetail/11119-4791095546-S,11119-4791095546-S
https://www.arbeitsagentur.de/jobsuche/jobdetail/19130-44160157-56-S,19130-44160157-56-S
https://www.arbeitsagentur.de/jobsuche/jobdetail/12811-2248256-S,12811-2248256-S
https://www.arbeitsagentur.de/jobsuche/jobdetail/14585-K7L8JWO29ODM6M77-S,14585-K7L8JWO29ODM6M77-S
https://www.arbeitsagentur.de/jobsuche/jobdetail/11949-17213809-S,11949-17213809-S
https://www.arbeitsagentur.de/jobsuche/jobdetail/12633-d31d6410_JB5140168-S,12633-d31d6410_JB5140168-S
https://www.arbeitsagentur.de/jobsuche/jobdetail/11949-17216196-S,11949-17216196-S
https://www.arbeitsagentur.de/jobsuche/jobdetail/14048-5eca223bfb680a6f-S,14048-5eca223bfb680a6f-S
https://www.arbeitsagentur.de/jobsuche/jobdetail/11949-17215326-S,11949-17215326-S
https://www.arbeitsagentur.de/jobsuche/jobdetail/18024-100PJ000VQD0X-S,18024-100PJ000VQD0X-S
https://www.arbeitsagentur.de/jobsuche/jobdetail/10001-1003029741-S,10001-1003029741-S
https://www.arbeitsagentur.de/jobsuche/jobdetail/11119-4804159710-S,11119-4804159710-S
https://www.arbeitsagentur.de/jobsuche/jobdetail/12759-FK7PM4DIJMTCA2I5-S,12759-FK7PM4DIJMTCA2I5-S
https://www.arbeitsagentur.de/jobsuche/jobdetail/16819-688e2ea88780dced-S,16819-688e2ea88780dced-S
https://www.arbeitsagentur.de/jobsuche/jobdetail/12032-R62E5B231-S,12032-R62E5B231-S
https://www.arbeitsagentur.de/jobsuche/jobdetail/16934-L7QLSQJIRK23OBAG-S,16934-L7QLSQJIRK23OBAG-S
https://www.arbeitsagentur.de/jobsuche/jobdetail/18594-94dcceccd12c37af-S,18594-94dcceccd12c37af-S
https://www.arbeitsagentur.de/jobsuche/jobdetail/11849-P2095324-1-S,11849-P2095324-1-S
https://www.arbeitsagentur.de/jobsuche/jobdetail/10001-1003039710-S,10001-1003039710-S
https://www.arbeitsagentur.de/jobsuche/jobdetail/10001-1003043099-S,10001-1003043099-S
https://www.arbeitsagentur.de/jobsuche/jobdetail/20242-4804158232-S,20242-4804158232-S
https://www.arbeitsagentur.de/jobsuche/jobdetail/11949-17213237-S,11949-17213237-S
https://www.arbeitsagentur.de/jobsuche/jobdetail/11119-4804215362-S,11119-4804215362-S
https://www.arbeitsagentur.de/jobsuche/jobdetail/12811-2249266-S,12811-2249266-S
https://www.arbeitsagentur.de/jobsuche/jobdetail/10001-1003041512-S,10001-1003041512-S
https://www.arbeitsagentur.de/jobsuche/jobdetail/10001-1003042658-S,10001-1003042658-S
https://www.arbeitsagentur.de/jobsuche/jobdetail/13356-10222A48186C6-S,13356-10222A48186C6-S
https://www.arbeitsagentur.de/jobsuche/jobdetail/10001-1003038375-S,10001-1003038375-S
https://www.arbeitsagentur.de/jobsuche/jobdetail/13999-k53401.30901-S,13999-k53401.30901-S
https://www.arbeitsagentur.de/jobsuche/jobdetail/11949-17215673-S,11949-17215673-S
https://www.arbeitsagentur.de/jobsuche/jobdetail/10001-1003037988-S,10001-1003037988-S
https://www.arbeitsagentur.de/jobsuche/jobdetail/20242-4804162155-S,20242-4804162155-S
https://www.arbeitsagentur.de/jobsuche/jobdetail/12147-20260505219154-S,12147-20260505219154-S
https://www.arbeitsagentur.de/jobsuche/jobdetail/11119-4791110568-S,11119-4791110568-S
https://www.arbeitsagentur.de/jobsuche/jobdetail/10001-1003039788-S,10001-1003039788-S
https://www.arbeitsagentur.de/jobsuche/jobdetail/11949-17215761-S,11949-17215761-S
https://www.arbeitsagentur.de/jobsuche/jobdetail/10001-1003038272-S,10001-1003038272-S
https://www.arbeitsagentur.de/jobsuche/jobdetail/12811-2248493-S,12811-2248493-S
https://www.arbeitsagentur.de/jobsuche/jobdetail/12456-1571318-1-S,12456-1571318-1-S
https://www.arbeitsagentur.de/jobsuche/jobdetail/10001-1003042756-S,10001-1003042756-S
https://www.arbeitsagentur.de/jobsuche/jobdetail/10000-1206441897-S,10000-1206441897-S
https://www.arbeitsagentur.de/jobsuche/jobdetail/10001-1003040387-S,10001-1003040387-S
https://www.arbeitsagentur.de/jobsuche/jobdetail/10001-1003036416-S,10001-1003036416-S
https://www.arbeitsagentur.de/jobsuche/jobdetail/12288-4803089764-S,12288-4803089764-S
https://www.arbeitsagentur.de/jobsuche/jobdetail/13635-fde7ccae_JB5140457-S,13635-fde7ccae_JB5140457-S
https://www.arbeitsagentur.de/jobsuche/jobdetail/10000-1206426251-S,10000-1206426251-S
https://www.arbeitsagentur.de/jobsuche/jobdetail/12608-1401767-28046-1-S,12608-1401767-28046-1-S
https://www.arbeitsagentur.de/jobsuche/jobdetail/13334-00005f6439a001-S,13334-00005f6439a001-S
https://www.arbeitsagentur.de/jobsuche/jobdetail/12826-SA0137572_JB5140765-S,12826-SA0137572_JB5140765-S
https://www.arbeitsagentur.de/jobsuche/jobdetail/17394-2025-12480062-S,17394-2025-12480062-S
https://www.arbeitsagentur.de/jobsuche/jobdetail/10000-1206441481-S,10000-1206441481-S
https://www.arbeitsagentur.de/jobsuche/jobdetail/14385-565-2565606-26-S,14385-565-2565606-26-S
https://www.arbeitsagentur.de/jobsuche/jobdetail/19274-VJB6Y4VRZ8QCDECB-S,19274-VJB6Y4VRZ8QCDECB-S
https://www.arbeitsagentur.de/jobsuche/jobdetail/13356-101813A48225C6-S,13356-101813A48225C6-S
https://www.arbeitsagentur.de/jobsuche/jobdetail/11119-4803004329-S,11119-4803004329-S
https://www.arbeitsagentur.de/jobsuche/jobdetail/12811-2248834-S,12811-2248834-S
https://www.arbeitsagentur.de/jobsuche/jobdetail/11119-4804138664-S,11119-4804138664-S
https://www.arbeitsagentur.de/jobsuche/jobdetail/10001-1003043162-S,10001-1003043162-S
https://www.arbeitsagentur.de/jobsuche/jobdetail/10000-1206444796-S,10000-1206444796-S
https://www.arbeitsagentur.de/jobsuche/jobdetail/17560-07637d54e4e844a-S,17560-07637d54e4e844a-S
https://www.arbeitsagentur.de/jobsuche/jobdetail/11119-4804177559-S,11119-4804177559-S
https://www.arbeitsagentur.de/jobsuche/jobdetail/13635-c9d10861_JB5139709-S,13635-c9d10861_JB5139709-S
https://www.arbeitsagentur.de/jobsuche/jobdetail/10001-1003036833-S,10001-1003036833-S
https://www.arbeitsagentur.de/jobsuche/jobdetail/11119-4791109384-S,11119-4791109384-S
https://www.arbeitsagentur.de/jobsuche/jobdetail/11949-17213724-S,11949-17213724-S
https://www.arbeitsagentur.de/jobsuche/jobdetail/14927-27twi39pbyb-S,14927-27twi39pbyb-S
https://www.arbeitsagentur.de/jobsuche/jobdetail/11949-17216178-S,11949-17216178-S
https://www.arbeitsagentur.de/jobsuche/jobdetail/12931-8519-1771063-0-S,12931-8519-1771063-0-S
https://www.arbeitsagentur.de/jobsuche/jobdetail/11949-17214572-S,11949-17214572-S
https://www.arbeitsagentur.de/jobsuche/jobdetail/10001-1003037981-S,10001-1003037981-S
https://www.arbeitsagentur.de/jobsuche/jobdetail/13106-458594864-S,13106-458594864-S
https://www.arbeitsagentur.de/jobsuche/jobdetail/15270-37B45G9G5yjthe-S,15270-37B45G9G5yjthe-S
https://www.arbeitsagentur.de/jobsuche/jobdetail/11119-4802999825-S,11119-4802999825-S
https://www.arbeitsagentur.de/jobsuche/jobdetail/13856-202605075103-S,13856-202605075103-S
https://www.arbeitsagentur.de/jobsuche/jobdetail/11119-4791362444-S,11119-4791362444-S
https://www.arbeitsagentur.de/jobsuche/jobdetail/12162-7TMZ3PMCIKSFGKDF-S,12162-7TMZ3PMCIKSFGKDF-S
https://www.arbeitsagentur.de/jobsuche/jobdetail/11119-4791109782-S,11119-4791109782-S
https://www.arbeitsagentur.de/jobsuche/jobdetail/11949-17214965-S,11949-17214965-S
https://www.arbeitsagentur.de/jobsuche/jobdetail/18248-APS30DZ9F2TGIK1O-S,18248-APS30DZ9F2TGIK1O-S
https://www.arbeitsagentur.de/jobsuche/jobdetail/10001-1003036851-S,10001-1003036851-S
https://www.arbeitsagentur.de/jobsuche/jobdetail/10000-1206450184-S,10000-1206450184-S
https://www.arbeitsagentur.de/jobsuche/jobdetail/13465-00021a648da001-S,13465-00021a648da001-S
https://www.arbeitsagentur.de/jobsuche/jobdetail/13334-00005f64005001-S,13334-00005f64005001-S
https://www.arbeitsagentur.de/jobsuche/jobdetail/14507-318R1692QFKU5RZ9-S,14507-318R1692QFKU5RZ9-S
https://www.arbeitsagentur.de/jobsuche/jobdetail/10001-1003041972-S,10001-1003041972-S
https://www.arbeitsagentur.de/jobsuche/jobdetail/12452-k10537.2747-S,12452-k10537.2747-S
https://www.arbeitsagentur.de/jobsuche/jobdetail/10001-1003037184-S,10001-1003037184-S
https://www.arbeitsagentur.de/jobsuche/jobdetail/10001-1003038829-S,10001-1003038829-S
https://www.arbeitsagentur.de/jobsuche/jobdetail/16819-984089c198ff27db-S,16819-984089c198ff27db-S
https://www.arbeitsagentur.de/jobsuche/jobdetail/10001-1003042079-S,10001-1003042079-S
https://www.arbeitsagentur.de/jobsuche/jobdetail/10001-1003036207-S,10001-1003036207-S
https://www.arbeitsagentur.de/jobsuche/jobdetail/12306-QWJRTXVTVRM17VKV-S,12306-QWJRTXVTVRM17VKV-S
https://www.arbeitsagentur.de/jobsuche/jobdetail/11119-4804200703-S,11119-4804200703-S
https://www.arbeitsagentur.de/jobsuche/jobdetail/10000-1206435590-S,10000-1206435590-S
https://www.arbeitsagentur.de/jobsuche/jobdetail/14795-67139_118881-S,14795-67139_118881-S
https://www.arbeitsagentur.de/jobsuche/jobdetail/10000-1206449734-S,10000-1206449734-S
https://www.arbeitsagentur.de/jobsuche/jobdetail/10001-1003040124-S,10001-1003040124-S
https://www.arbeitsagentur.de/jobsuche/jobdetail/10001-1003041532-S,10001-1003041532-S
https://www.arbeitsagentur.de/jobsuche/jobdetail/17039-k58956.3784-S,17039-k58956.3784-S
https://www.arbeitsagentur.de/jobsuche/jobdetail/11119-4791109950-S,11119-4791109950-S
https://www.arbeitsagentur.de/jobsuche/jobdetail/14385-480-2565534-26-S,14385-480-2565534-26-S
https://www.arbeitsagentur.de/jobsuche/jobdetail/10001-1003040531-S,10001-1003040531-S
https://www.arbeitsagentur.de/jobsuche/jobdetail/13356-108273A47762C8-S,13356-108273A47762C8-S
https://www.arbeitsagentur.de/jobsuche/jobdetail/14751-417A10907-S,14751-417A10907-S
https://www.arbeitsagentur.de/jobsuche/jobdetail/10000-1206449581-S,10000-1206449581-S
https://www.arbeitsagentur.de/jobsuche/jobdetail/10001-1003036043-S,10001-1003036043-S
https://www.arbeitsagentur.de/jobsuche/jobdetail/10001-1003037596-S,10001-1003037596-S
https://www.arbeitsagentur.de/jobsuche/jobdetail/10001-1003034744-S,10001-1003034744-S
https://www.arbeitsagentur.de/jobsuche/jobdetail/13356-105550A42642C27-S,13356-105550A42642C27-S
https://www.arbeitsagentur.de/jobsuche/jobdetail/10000-1206437721-S,10000-1206437721-S
https://www.arbeitsagentur.de/jobsuche/jobdetail/11119-4804148852-S,11119-4804148852-S
https://www.arbeitsagentur.de/jobsuche/jobdetail/11949-17215879-S,11949-17215879-S
https://www.arbeitsagentur.de/jobsuche/jobdetail/10001-1003041453-S,10001-1003041453-S
https://www.arbeitsagentur.de/jobsuche/jobdetail/10001-1003042466-S,10001-1003042466-S
https://www.arbeitsagentur.de/jobsuche/jobdetail/11949-17215891-S,11949-17215891-S
https://www.arbeitsagentur.de/jobsuche/jobdetail/10001-1003040338-S,10001-1003040338-S
https://www.arbeitsagentur.de/jobsuche/jobdetail/18024-100PJ000VXB01-S,18024-100PJ000VXB01-S
https://www.arbeitsagentur.de/jobsuche/jobdetail/12513-0007639527-S,12513-0007639527-S
https://www.arbeitsagentur.de/jobsuche/jobdetail/17724-MGWOTSFAB6G5SDHB-S,17724-MGWOTSFAB6G5SDHB-S
https://www.arbeitsagentur.de/jobsuche/jobdetail/11949-17215022-S,11949-17215022-S
https://www.arbeitsagentur.de/jobsuche/jobdetail/13635-28b1c8a2_JB5140024-S,13635-28b1c8a2_JB5140024-S
https://www.arbeitsagentur.de/jobsuche/jobdetail/10000-1206448789-S,10000-1206448789-S
https://www.arbeitsagentur.de/jobsuche/jobdetail/10001-1003035661-S,10001-1003035661-S
https://www.arbeitsagentur.de/jobsuche/jobdetail/13433-B3QTE8PSVNW4KHOB-S,13433-B3QTE8PSVNW4KHOB-S
https://www.arbeitsagentur.de/jobsuche/jobdetail/10001-1003038174-S,10001-1003038174-S
https://www.arbeitsagentur.de/jobsuche/jobdetail/13635-3ad75d2a_JB5140351-S,13635-3ad75d2a_JB5140351-S
https://www.arbeitsagentur.de/jobsuche/jobdetail/11112-3319-1770846-0-S,11112-3319-1770846-0-S
https://www.arbeitsagentur.de/jobsuche/jobdetail/12739-7P72Y33XLDU37Y95-S,12739-7P72Y33XLDU37Y95-S
https://www.arbeitsagentur.de/jobsuche/jobdetail/10001-1003037469-S,10001-1003037469-S
https://www.arbeitsagentur.de/jobsuche/jobdetail/10001-1003042518-S,10001-1003042518-S
https://www.arbeitsagentur.de/jobsuche/jobdetail/10001-1003035478-S,10001-1003035478-S
https://www.arbeitsagentur.de/jobsuche/jobdetail/11119-4804191487-S,11119-4804191487-S
https://www.arbeitsagentur.de/jobsuche/jobdetail/14792-5QHBI9AP337Q2IV5-S,14792-5QHBI9AP337Q2IV5-S
https://www.arbeitsagentur.de/jobsuche/jobdetail/11949-17214600-S,11949-17214600-S
https://www.arbeitsagentur.de/jobsuche/jobdetail/10001-1003033241-S,10001-1003033241-S
https://www.arbeitsagentur.de/jobsuche/jobdetail/11949-17214862-S,11949-17214862-S
https://www.arbeitsagentur.de/jobsuche/jobdetail/13356-105550A48292C5-S,13356-105550A48292C5-S
https://www.arbeitsagentur.de/jobsuche/jobdetail/17803-260507173008-ER1423-S,17803-260507173008-ER1423-S
https://www.arbeitsagentur.de/jobsuche/jobdetail/14927-h4v8suqu65-S,14927-h4v8suqu65-S
https://www.arbeitsagentur.de/jobsuche/jobdetail/11949-17212050-S,11949-17212050-S
https://www.arbeitsagentur.de/jobsuche/jobdetail/13280-YOKTEJEKQVKR088T-S,13280-YOKTEJEKQVKR088T-S
https://www.arbeitsagentur.de/jobsuche/jobdetail/18024-100BR0003Vs1o-S,18024-100BR0003Vs1o-S
https://www.arbeitsagentur.de/jobsuche/jobdetail/11949-17215111-S,11949-17215111-S
https://www.arbeitsagentur.de/jobsuche/jobdetail/14795-67121_118844-S,14795-67121_118844-S
https://www.arbeitsagentur.de/jobsuche/jobdetail/12787-258291060526-S,12787-258291060526-S
https://www.arbeitsagentur.de/jobsuche/jobdetail/13433-9QNQE4QPS9UF1F1H-S,13433-9QNQE4QPS9UF1F1H-S
https://www.arbeitsagentur.de/jobsuche/jobdetail/12826-SA0136453_JB5141198-S,12826-SA0136453_JB5141198-S
https://www.arbeitsagentur.de/jobsuche/jobdetail/11949-17216468-S,11949-17216468-S
https://www.arbeitsagentur.de/jobsuche/jobdetail/12086-R6CISVLWEOJ1TBOK-S,12086-R6CISVLWEOJ1TBOK-S
https://www.arbeitsagentur.de/jobsuche/jobdetail/11119-4804193937-S,11119-4804193937-S
https://www.arbeitsagentur.de/jobsuche/jobdetail/10001-1003039565-S,10001-1003039565-S
https://www.arbeitsagentur.de/jobsuche/jobdetail/13356-105550A38971C36-S,13356-105550A38971C36-S
https://www.arbeitsagentur.de/jobsuche/jobdetail/10001-1003036419-S,10001-1003036419-S
https://www.arbeitsagentur.de/jobsuche/jobdetail/10001-1003042817-S,10001-1003042817-S
https://www.arbeitsagentur.de/jobsuche/jobdetail/14751-70A22060-S,14751-70A22060-S
https://www.arbeitsagentur.de/jobsuche/jobdetail/12362-TR-286053_609488LS-S,12362-TR-286053_609488LS-S
https://www.arbeitsagentur.de/jobsuche/jobdetail/13635-430134ce_JB5141133-S,13635-430134ce_JB5141133-S
https://www.arbeitsagentur.de/jobsuche/jobdetail/13635-293f6175_JB5140255-S,13635-293f6175_JB5140255-S
https://www.arbeitsagentur.de/jobsuche/jobdetail/12288-4803094260-S,12288-4803094260-S
https://www.arbeitsagentur.de/jobsuche/jobdetail/12633-24fb7eac_JB5140364-S,12633-24fb7eac_JB5140364-S
https://www.arbeitsagentur.de/jobsuche/jobdetail/18024-100PJ000Udu1I-S,18024-100PJ000Udu1I-S
https://www.arbeitsagentur.de/jobsuche/jobdetail/11949-17216227-S,11949-17216227-S
https://www.arbeitsagentur.de/jobsuche/jobdetail/14751-417A10924-S,14751-417A10924-S
https://www.arbeitsagentur.de/jobsuche/jobdetail/10000-1206432159-S,10000-1206432159-S
https://www.arbeitsagentur.de/jobsuche/jobdetail/13635-d49fc8b3_JB5140976-S,13635-d49fc8b3_JB5140976-S
https://www.arbeitsagentur.de/jobsuche/jobdetail/10001-1003040067-S,10001-1003040067-S
https://www.arbeitsagentur.de/jobsuche/jobdetail/13635-ab2731e4_JB5141062-S,13635-ab2731e4_JB5141062-S
https://www.arbeitsagentur.de/jobsuche/jobdetail/13356-101817A48135C6-S,13356-101817A48135C6-S
https://www.arbeitsagentur.de/jobsuche/jobdetail/11949-17215874-S,11949-17215874-S
https://www.arbeitsagentur.de/jobsuche/jobdetail/11949-17214062-S,11949-17214062-S
https://www.arbeitsagentur.de/jobsuche/jobdetail/10001-1003038189-S,10001-1003038189-S
https://www.arbeitsagentur.de/jobsuche/jobdetail/10001-1003040821-S,10001-1003040821-S
https://www.arbeitsagentur.de/jobsuche/jobdetail/16864-7BWAZ34FF5Y03FU7-S,16864-7BWAZ34FF5Y03FU7-S
https://www.arbeitsagentur.de/jobsuche/jobdetail/10001-1003035913-S,10001-1003035913-S
https://www.arbeitsagentur.de/jobsuche/jobdetail/16129-19174-5-S,16129-19174-5-S
https://www.arbeitsagentur.de/jobsuche/jobdetail/11119-4791364289-S,11119-4791364289-S
https://www.arbeitsagentur.de/jobsuche/jobdetail/12811-2248458-S,12811-2248458-S
https://www.arbeitsagentur.de/jobsuche/jobdetail/14751-62A117744-S,14751-62A117744-S
https://www.arbeitsagentur.de/jobsuche/jobdetail/10000-1206443849-S,10000-1206443849-S
https://www.arbeitsagentur.de/jobsuche/jobdetail/12634-BB-640791-7878-4475-S,12634-BB-640791-7878-4475-S
https://www.arbeitsagentur.de/jobsuche/jobdetail/11949-17216007-S,11949-17216007-S
https://www.arbeitsagentur.de/jobsuche/jobdetail/17803-260507173044-AF1421-S,17803-260507173044-AF1421-S
https://www.arbeitsagentur.de/jobsuche/jobdetail/10001-1003042566-S,10001-1003042566-S
https://www.arbeitsagentur.de/jobsuche/jobdetail/12288-4803148509-S,12288-4803148509-S
https://www.arbeitsagentur.de/jobsuche/jobdetail/10001-1003038426-S,10001-1003038426-S
https://www.arbeitsagentur.de/jobsuche/jobdetail/10000-1206439678-S,10000-1206439678-S
https://www.arbeitsagentur.de/jobsuche/jobdetail/13635-72ebf1ce_JB5139938-S,13635-72ebf1ce_JB5139938-S
https://www.arbeitsagentur.de/jobsuche/jobdetail/13635-378b582f_JB5140961-S,13635-378b582f_JB5140961-S
https://www.arbeitsagentur.de/jobsuche/jobdetail/13635-59ac5324_JB5139790-S,13635-59ac5324_JB5139790-S
https://www.arbeitsagentur.de/jobsuche/jobdetail/10001-1003037333-S,10001-1003037333-S
https://www.arbeitsagentur.de/jobsuche/jobdetail/17803-260507172806-PF1409-S,17803-260507172806-PF1409-S
https://www.arbeitsagentur.de/jobsuche/jobdetail/11119-4791095135-S,11119-4791095135-S
https://www.arbeitsagentur.de/jobsuche/jobdetail/10001-1003042612-S,10001-1003042612-S
https://www.arbeitsagentur.de/jobsuche/jobdetail/14087-CFGBNTMWNZRKOYRI-S,14087-CFGBNTMWNZRKOYRI-S
https://www.arbeitsagentur.de/jobsuche/jobdetail/13812-BB-388422-7878-2954-S,13812-BB-388422-7878-2954-S
https://www.arbeitsagentur.de/jobsuche/jobdetail/16963-REF367S-6155570248-S,16963-REF367S-6155570248-S
https://www.arbeitsagentur.de/jobsuche/jobdetail/10001-1003038837-S,10001-1003038837-S
https://www.arbeitsagentur.de/jobsuche/jobdetail/13635-e8feca07_JB5140455-S,13635-e8feca07_JB5140455-S
https://www.arbeitsagentur.de/jobsuche/jobdetail/11081-ZAKMET0C6LWPNATX-S,11081-ZAKMET0C6LWPNATX-S
https://www.arbeitsagentur.de/jobsuche/jobdetail/11949-17215897-S,11949-17215897-S
https://www.arbeitsagentur.de/jobsuche/jobdetail/10001-1003040849-S,10001-1003040849-S
https://www.arbeitsagentur.de/jobsuche/jobdetail/11119-4802964290-S,11119-4802964290-S
https://www.arbeitsagentur.de/jobsuche/jobdetail/11119-4804137489-S,11119-4804137489-S
https://www.arbeitsagentur.de/jobsuche/jobdetail/12704-65Z338MNX7MWI0YF-S,12704-65Z338MNX7MWI0YF-S
https://www.arbeitsagentur.de/jobsuche/jobdetail/11949-17214728-S,11949-17214728-S
https://www.arbeitsagentur.de/jobsuche/jobdetail/10001-1003037327-S,10001-1003037327-S
https://www.arbeitsagentur.de/jobsuche/jobdetail/12288-4803094261-S,12288-4803094261-S
https://www.arbeitsagentur.de/jobsuche/jobdetail/12288-4803089748-S,12288-4803089748-S
https://www.arbeitsagentur.de/jobsuche/jobdetail/10000-1206450598-S,10000-1206450598-S
https://www.arbeitsagentur.de/jobsuche/jobdetail/10001-1003036006-S,10001-1003036006-S
https://www.arbeitsagentur.de/jobsuche/jobdetail/10001-1003035670-S,10001-1003035670-S
https://www.arbeitsagentur.de/jobsuche/jobdetail/12704-RYM65GZ188H776A0-S,12704-RYM65GZ188H776A0-S
https://www.arbeitsagentur.de/jobsuche/jobdetail/14385-426-2565419-26-S,14385-426-2565419-26-S
https://www.arbeitsagentur.de/jobsuche/jobdetail/17803-260507173152-AH1413-S,17803-260507173152-AH1413-S
https://www.arbeitsagentur.de/jobsuche/jobdetail/10001-1003037526-S,10001-1003037526-S
https://www.arbeitsagentur.de/jobsuche/jobdetail/12086-KCMS6JKJEJ4AAL8P-S,12086-KCMS6JKJEJ4AAL8P-S
https://www.arbeitsagentur.de/jobsuche/jobdetail/13635-ccf18f41_JB5139833-S,13635-ccf18f41_JB5139833-S
https://www.arbeitsagentur.de/jobsuche/jobdetail/16547-RSS0T8L6GHUCP4HP-S,16547-RSS0T8L6GHUCP4HP-S
https://www.arbeitsagentur.de/jobsuche/jobdetail/11119-4792608859-S,11119-4792608859-S
https://www.arbeitsagentur.de/jobsuche/jobdetail/13635-b64378fc_JB5141127-S,13635-b64378fc_JB5141127-S
https://www.arbeitsagentur.de/jobsuche/jobdetail/10000-1206439658-S,10000-1206439658-S
https://www.arbeitsagentur.de/jobsuche/jobdetail/11949-17215695-S,11949-17215695-S
https://www.arbeitsagentur.de/jobsuche/jobdetail/10001-1003038051-S,10001-1003038051-S
https://www.arbeitsagentur.de/jobsuche/jobdetail/10000-1206435343-S,10000-1206435343-S
https://www.arbeitsagentur.de/jobsuche/jobdetail/10001-1003041553-S,10001-1003041553-S
https://www.arbeitsagentur.de/jobsuche/jobdetail/10001-1003039206-S,10001-1003039206-S
https://www.arbeitsagentur.de/jobsuche/jobdetail/14795-66476_118860-S,14795-66476_118860-S
https://www.arbeitsagentur.de/jobsuche/jobdetail/10001-1003040117-S,10001-1003040117-S
https://www.arbeitsagentur.de/jobsuche/jobdetail/10000-1194438669-S,10000-1194438669-S
https://www.arbeitsagentur.de/jobsuche/jobdetail/10001-1003038015-S,10001-1003038015-S
https://www.arbeitsagentur.de/jobsuche/jobdetail/11949-17213428-S,11949-17213428-S
https://www.arbeitsagentur.de/jobsuche/jobdetail/10001-1003041411-S,10001-1003041411-S
https://www.arbeitsagentur.de/jobsuche/jobdetail/11949-17216577-S,11949-17216577-S
https://www.arbeitsagentur.de/jobsuche/jobdetail/10000-1206447625-S,10000-1206447625-S
https://www.arbeitsagentur.de/jobsuche/jobdetail/13635-def04330_JB5141173-S,13635-def04330_JB5141173-S
https://www.arbeitsagentur.de/jobsuche/jobdetail/10001-1003035605-S,10001-1003035605-S
https://www.arbeitsagentur.de/jobsuche/jobdetail/10001-1003033530-S,10001-1003033530-S
https://www.arbeitsagentur.de/jobsuche/jobdetail/13949-k52464.3559-S,13949-k52464.3559-S
https://www.arbeitsagentur.de/jobsuche/jobdetail/14751-70A22015-S,14751-70A22015-S
https://www.arbeitsagentur.de/jobsuche/jobdetail/12634-BB-640801-7878-4421-S,12634-BB-640801-7878-4421-S
https://www.arbeitsagentur.de/jobsuche/jobdetail/13247-43970-69955518712-0-S,13247-43970-69955518712-0-S
https://www.arbeitsagentur.de/jobsuche/jobdetail/10001-1003039197-S,10001-1003039197-S
https://www.arbeitsagentur.de/jobsuche/jobdetail/10000-1206436051-S,10000-1206436051-S
https://www.arbeitsagentur.de/jobsuche/jobdetail/20242-4804158520-S,20242-4804158520-S
https://www.arbeitsagentur.de/jobsuche/jobdetail/10000-1206418544-S,10000-1206418544-S
https://www.arbeitsagentur.de/jobsuche/jobdetail/12288-4803145583-S,12288-4803145583-S
https://www.arbeitsagentur.de/jobsuche/jobdetail/12288-4803102525-S,12288-4803102525-S
https://www.arbeitsagentur.de/jobsuche/jobdetail/12739-35FFCTIMJCN69M49-S,12739-35FFCTIMJCN69M49-S
https://www.arbeitsagentur.de/jobsuche/jobdetail/11119-4804222188-S,11119-4804222188-S
https://www.arbeitsagentur.de/jobsuche/jobdetail/13270-2026-00002281-1-S,13270-2026-00002281-1-S
https://www.arbeitsagentur.de/jobsuche/jobdetail/10001-1003035454-S,10001-1003035454-S
https://www.arbeitsagentur.de/jobsuche/jobdetail/10001-1003039360-S,10001-1003039360-S
https://www.arbeitsagentur.de/jobsuche/jobdetail/11119-4804140183-S,11119-4804140183-S
https://www.arbeitsagentur.de/jobsuche/jobdetail/15631-DEO9E1D2R86QCG53-S,15631-DEO9E1D2R86QCG53-S
https://www.arbeitsagentur.de/jobsuche/jobdetail/12826-SA0137577_JB5140770-S,12826-SA0137577_JB5140770-S
https://www.arbeitsagentur.de/jobsuche/jobdetail/12210-28f398ff20dc4bc-S,12210-28f398ff20dc4bc-S
https://www.arbeitsagentur.de/jobsuche/jobdetail/11949-17216052-S,11949-17216052-S
https://www.arbeitsagentur.de/jobsuche/jobdetail/10001-1003036832-S,10001-1003036832-S
https://www.arbeitsagentur.de/jobsuche/jobdetail/11949-17216350-S,11949-17216350-S
https://www.arbeitsagentur.de/jobsuche/jobdetail/13669-PRKKLC1OGYL4TJEH-S,13669-PRKKLC1OGYL4TJEH-S
https://www.arbeitsagentur.de/jobsuche/jobdetail/10001-1003042870-S,10001-1003042870-S
https://www.arbeitsagentur.de/jobsuche/jobdetail/12826-SA0137574_JB5140767-S,12826-SA0137574_JB5140767-S
https://www.arbeitsagentur.de/jobsuche/jobdetail/13635-cd44bd5e_JB5140434-S,13635-cd44bd5e_JB5140434-S
https://www.arbeitsagentur.de/jobsuche/jobdetail/10001-1003039976-S,10001-1003039976-S
https://www.arbeitsagentur.de/jobsuche/jobdetail/10001-1003039511-S,10001-1003039511-S
https://www.arbeitsagentur.de/jobsuche/jobdetail/10000-1206185489-S,10000-1206185489-S
https://www.arbeitsagentur.de/jobsuche/jobdetail/11949-17214735-S,11949-17214735-S
https://www.arbeitsagentur.de/jobsuche/jobdetail/11949-17215095-S,11949-17215095-S
https://www.arbeitsagentur.de/jobsuche/jobdetail/10001-1003033451-S,10001-1003033451-S
https://www.arbeitsagentur.de/jobsuche/jobdetail/11949-17215320-S,11949-17215320-S
https://www.arbeitsagentur.de/jobsuche/jobdetail/10001-1003036968-S,10001-1003036968-S
https://www.arbeitsagentur.de/jobsuche/jobdetail/10000-1206441899-S,10000-1206441899-S
https://www.arbeitsagentur.de/jobsuche/jobdetail/14385-407-2565351-26-S,14385-407-2565351-26-S
https://www.arbeitsagentur.de/jobsuche/jobdetail/14751-373A94605-S,14751-373A94605-S
https://www.arbeitsagentur.de/jobsuche/jobdetail/11949-17212738-S,11949-17212738-S
https://www.arbeitsagentur.de/jobsuche/jobdetail/11119-4791387371-S,11119-4791387371-S
https://www.arbeitsagentur.de/jobsuche/jobdetail/13916-44160833-56-S,13916-44160833-56-S
https://www.arbeitsagentur.de/jobsuche/jobdetail/14751-62A117715-S,14751-62A117715-S
https://www.arbeitsagentur.de/jobsuche/jobdetail/13635-c5da7b2c_JB5140339-S,13635-c5da7b2c_JB5140339-S
https://www.arbeitsagentur.de/jobsuche/jobdetail/10001-1003040432-S,10001-1003040432-S
https://www.arbeitsagentur.de/jobsuche/jobdetail/10001-1003043247-S,10001-1003043247-S
https://www.arbeitsagentur.de/jobsuche/jobdetail/11949-17215752-S,11949-17215752-S
https://www.arbeitsagentur.de/jobsuche/jobdetail/10000-1206442920-S,10000-1206442920-S
https://www.arbeitsagentur.de/jobsuche/jobdetail/12086-JMSIA81JRL8AXUWF-S,12086-JMSIA81JRL8AXUWF-S
https://www.arbeitsagentur.de/jobsuche/jobdetail/10000-1206434736-S,10000-1206434736-S
https://www.arbeitsagentur.de/jobsuche/jobdetail/15531-0064597088-S,15531-0064597088-S
https://www.arbeitsagentur.de/jobsuche/jobdetail/20730-2248785-S,20730-2248785-S
https://www.arbeitsagentur.de/jobsuche/jobdetail/11949-17215168-S,11949-17215168-S
https://www.arbeitsagentur.de/jobsuche/jobdetail/12147-20260506219323-S,12147-20260506219323-S
https://www.arbeitsagentur.de/jobsuche/jobdetail/12210-22679b5f0bb7448-S,12210-22679b5f0bb7448-S
https://www.arbeitsagentur.de/jobsuche/jobdetail/10001-1003036370-S,10001-1003036370-S
https://www.arbeitsagentur.de/jobsuche/jobdetail/18914-CAPX2DLPCLL509YC-S,18914-CAPX2DLPCLL509YC-S
https://www.arbeitsagentur.de/jobsuche/jobdetail/10001-1003043316-S,10001-1003043316-S
https://www.arbeitsagentur.de/jobsuche/jobdetail/15015-19605-1771013-0-S,15015-19605-1771013-0-S
https://www.arbeitsagentur.de/jobsuche/jobdetail/14087-EENGV46BHH2U8GT7-S,14087-EENGV46BHH2U8GT7-S
https://www.arbeitsagentur.de/jobsuche/jobdetail/10000-1206369460-S,10000-1206369460-S
https://www.arbeitsagentur.de/jobsuche/jobdetail/13270-2026-00003559-1-S,13270-2026-00003559-1-S
https://www.arbeitsagentur.de/jobsuche/jobdetail/10001-1003036393-S,10001-1003036393-S
https://www.arbeitsagentur.de/jobsuche/jobdetail/13999-k53401.30924-S,13999-k53401.30924-S
https://www.arbeitsagentur.de/jobsuche/jobdetail/11949-17214977-S,11949-17214977-S
https://www.arbeitsagentur.de/jobsuche/jobdetail/11119-4804125633-S,11119-4804125633-S
https://www.arbeitsagentur.de/jobsuche/jobdetail/14927-19grrjp91q1-S,14927-19grrjp91q1-S
https://www.arbeitsagentur.de/jobsuche/jobdetail/11949-17214497-S,11949-17214497-S
https://www.arbeitsagentur.de/jobsuche/jobdetail/14471-OHKTS1NFIFX6ZPLF-S,14471-OHKTS1NFIFX6ZPLF-S
https://www.arbeitsagentur.de/jobsuche/jobdetail/10001-1003036153-S,10001-1003036153-S
https://www.arbeitsagentur.de/jobsuche/jobdetail/13356-401025A49174C1-S,13356-401025A49174C1-S
https://www.arbeitsagentur.de/jobsuche/jobdetail/10001-1003039925-S,10001-1003039925-S
https://www.arbeitsagentur.de/jobsuche/jobdetail/14087-JX9UQRBZANLADS2A-S,14087-JX9UQRBZANLADS2A-S
https://www.arbeitsagentur.de/jobsuche/jobdetail/11949-17216092-S,11949-17216092-S
https://www.arbeitsagentur.de/jobsuche/jobdetail/12456-1571567-1-S,12456-1571567-1-S
https://www.arbeitsagentur.de/jobsuche/jobdetail/12811-2249064-S,12811-2249064-S
https://www.arbeitsagentur.de/jobsuche/jobdetail/12811-2249027-S,12811-2249027-S
https://www.arbeitsagentur.de/jobsuche/jobdetail/12704-NCMTQ204H5LQVA36-S,12704-NCMTQ204H5LQVA36-S
https://www.arbeitsagentur.de/jobsuche/jobdetail/10001-1003033792-S,10001-1003033792-S
https://www.arbeitsagentur.de/jobsuche/jobdetail/14087-FUZ7ZHFYQBNC03TC-S,14087-FUZ7ZHFYQBNC03TC-S
https://www.arbeitsagentur.de/jobsuche/jobdetail/12287-JOB-817622-S,12287-JOB-817622-S
https://www.arbeitsagentur.de/jobsuche/jobdetail/11949-17215886-S,11949-17215886-S
https://www.arbeitsagentur.de/jobsuche/jobdetail/14927-108n5kqjred-S,14927-108n5kqjred-S
https://www.arbeitsagentur.de/jobsuche/jobdetail/12811-2249374-S,12811-2249374-S
https://www.arbeitsagentur.de/jobsuche/jobdetail/10000-1206442403-S,10000-1206442403-S
https://www.arbeitsagentur.de/jobsuche/jobdetail/10001-1003037950-S,10001-1003037950-S
https://www.arbeitsagentur.de/jobsuche/jobdetail/11081-0JUS5USF6AXE89ER-S,11081-0JUS5USF6AXE89ER-S
https://www.arbeitsagentur.de/jobsuche/jobdetail/10001-1003035022-S,10001-1003035022-S
https://www.arbeitsagentur.de/jobsuche/jobdetail/12608-1401680-7677-1-S,12608-1401680-7677-1-S
https://www.arbeitsagentur.de/jobsuche/jobdetail/10001-1003036106-S,10001-1003036106-S
https://www.arbeitsagentur.de/jobsuche/jobdetail/14471-7MHA4DCT3TP1OBSH-S,14471-7MHA4DCT3TP1OBSH-S
https://www.arbeitsagentur.de/jobsuche/jobdetail/12288-4803131543-S,12288-4803131543-S
https://www.arbeitsagentur.de/jobsuche/jobdetail/12306-AVC8X98RMBW5LD5K-S,12306-AVC8X98RMBW5LD5K-S
https://www.arbeitsagentur.de/jobsuche/jobdetail/14722-GOKABYGKYLMBAZYV-S,14722-GOKABYGKYLMBAZYV-S
https://www.arbeitsagentur.de/jobsuche/jobdetail/10001-1003039213-S,10001-1003039213-S
https://www.arbeitsagentur.de/jobsuche/jobdetail/11119-4803005503-S,11119-4803005503-S
https://www.arbeitsagentur.de/jobsuche/jobdetail/11081-4XLYK1NDR0OTTVJE-S,11081-4XLYK1NDR0OTTVJE-S
https://www.arbeitsagentur.de/jobsuche/jobdetail/15937-k55805.115302-S,15937-k55805.115302-S
https://www.arbeitsagentur.de/jobsuche/jobdetail/10001-1003037995-S,10001-1003037995-S
https://www.arbeitsagentur.de/jobsuche/jobdetail/10001-1003038743-S,10001-1003038743-S
https://www.arbeitsagentur.de/jobsuche/jobdetail/12946-2907-1771032-0-S,12946-2907-1771032-0-S
https://www.arbeitsagentur.de/jobsuche/jobdetail/13635-09084b2e_JB5140466-S,13635-09084b2e_JB5140466-S
https://www.arbeitsagentur.de/jobsuche/jobdetail/11119-4791436863-S,11119-4791436863-S
https://www.arbeitsagentur.de/jobsuche/jobdetail/19630-01445514-S,19630-01445514-S
https://www.arbeitsagentur.de/jobsuche/jobdetail/14795-66469_118854-S,14795-66469_118854-S
https://www.arbeitsagentur.de/jobsuche/jobdetail/18024-100PC0009IR1f-S,18024-100PC0009IR1f-S
https://www.arbeitsagentur.de/jobsuche/jobdetail/10001-1003040902-S,10001-1003040902-S
https://www.arbeitsagentur.de/jobsuche/jobdetail/10001-1003042958-S,10001-1003042958-S
https://www.arbeitsagentur.de/jobsuche/jobdetail/19082-k61186.1052-S,19082-k61186.1052-S
https://www.arbeitsagentur.de/jobsuche/jobdetail/11864-A7K93XHYRIHJQ754-S,11864-A7K93XHYRIHJQ754-S
https://www.arbeitsagentur.de/jobsuche/jobdetail/10000-1206450324-S,10000-1206450324-S
https://www.arbeitsagentur.de/jobsuche/jobdetail/12072-8HHFI7TLBUR2DKI0-S,12072-8HHFI7TLBUR2DKI0-S
https://www.arbeitsagentur.de/jobsuche/jobdetail/10001-1003039528-S,10001-1003039528-S
https://www.arbeitsagentur.de/jobsuche/jobdetail/11119-4792503622-S,11119-4792503622-S
https://www.arbeitsagentur.de/jobsuche/jobdetail/13635-88b1523d_JB5140250-S,13635-88b1523d_JB5140250-S
https://www.arbeitsagentur.de/jobsuche/jobdetail/12608-1401646-58836-1-S,12608-1401646-58836-1-S
https://www.arbeitsagentur.de/jobsuche/jobdetail/14751-70A22055-S,14751-70A22055-S
https://www.arbeitsagentur.de/jobsuche/jobdetail/16129-18592-5-S,16129-18592-5-S
https://www.arbeitsagentur.de/jobsuche/jobdetail/14792-YLER4GGUL96XZUJU-S,14792-YLER4GGUL96XZUJU-S
https://www.arbeitsagentur.de/jobsuche/jobdetail/10001-1000787346-S,10001-1000787346-S
https://www.arbeitsagentur.de/jobsuche/jobdetail/10001-1003035777-S,10001-1003035777-S
https://www.arbeitsagentur.de/jobsuche/jobdetail/12826-SA0137598_JB5141025-S,12826-SA0137598_JB5141025-S
https://www.arbeitsagentur.de/jobsuche/jobdetail/14661-2845971ad1824e1-S,14661-2845971ad1824e1-S
https://www.arbeitsagentur.de/jobsuche/jobdetail/10001-1003035599-S,10001-1003035599-S
https://www.arbeitsagentur.de/jobsuche/jobdetail/17296-0007222%253A01-S,17296-0007222%253A01-S
https://www.arbeitsagentur.de/jobsuche/jobdetail/10001-1003034276-S,10001-1003034276-S
https://www.arbeitsagentur.de/jobsuche/jobdetail/17803-260507172724-PH1402-S,17803-260507172724-PH1402-S
https://www.arbeitsagentur.de/jobsuche/jobdetail/10001-1003042959-S,10001-1003042959-S
https://www.arbeitsagentur.de/jobsuche/jobdetail/15428-C2R5MKUSAUM596G8-S,15428-C2R5MKUSAUM596G8-S
https://www.arbeitsagentur.de/jobsuche/jobdetail/10001-1003038557-S,10001-1003038557-S
https://www.arbeitsagentur.de/jobsuche/jobdetail/20276-k62550.1196-S,20276-k62550.1196-S
https://www.arbeitsagentur.de/jobsuche/jobdetail/10001-1003038057-S,10001-1003038057-S
https://www.arbeitsagentur.de/jobsuche/jobdetail/18933-2025c1bhu0n8-002-S,18933-2025c1bhu0n8-002-S
https://www.arbeitsagentur.de/jobsuche/jobdetail/12811-2248978-S,12811-2248978-S
https://www.arbeitsagentur.de/jobsuche/jobdetail/11949-17214942-S,11949-17214942-S
https://www.arbeitsagentur.de/jobsuche/jobdetail/10001-1003038595-S,10001-1003038595-S
https://www.arbeitsagentur.de/jobsuche/jobdetail/12233-408A542-S,12233-408A542-S
https://www.arbeitsagentur.de/jobsuche/jobdetail/12704-CA9C7W9BORHS7FXM-S,12704-CA9C7W9BORHS7FXM-S
https://www.arbeitsagentur.de/jobsuche/jobdetail/10000-1206440612-S,10000-1206440612-S
https://www.arbeitsagentur.de/jobsuche/jobdetail/10001-1003035727-S,10001-1003035727-S
https://www.arbeitsagentur.de/jobsuche/jobdetail/14087-RZ8E76DDF50CNV3Z-S,14087-RZ8E76DDF50CNV3Z-S
https://www.arbeitsagentur.de/jobsuche/jobdetail/14900-3VT5ZZ39B10PIHLK-S,14900-3VT5ZZ39B10PIHLK-S
https://www.arbeitsagentur.de/jobsuche/jobdetail/11119-4792613880-S,11119-4792613880-S
https://www.arbeitsagentur.de/jobsuche/jobdetail/14751-373A95666-S,14751-373A95666-S
https://www.arbeitsagentur.de/jobsuche/jobdetail/11949-17215315-S,11949-17215315-S
https://www.arbeitsagentur.de/jobsuche/jobdetail/10001-1003038679-S,10001-1003038679-S
https://www.arbeitsagentur.de/jobsuche/jobdetail/12668-2dc6f73b9091438-S,12668-2dc6f73b9091438-S
https://www.arbeitsagentur.de/jobsuche/jobdetail/10000-1206435647-S,10000-1206435647-S
https://www.arbeitsagentur.de/jobsuche/jobdetail/14927-dz4nn0-S,14927-dz4nn0-S
https://www.arbeitsagentur.de/jobsuche/jobdetail/17394-2024-11460134-S,17394-2024-11460134-S
https://www.arbeitsagentur.de/jobsuche/jobdetail/11949-17215835-S,11949-17215835-S
https://www.arbeitsagentur.de/jobsuche/jobdetail/10001-1003039751-S,10001-1003039751-S
https://www.arbeitsagentur.de/jobsuche/jobdetail/10001-1003040142-S,10001-1003040142-S
https://www.arbeitsagentur.de/jobsuche/jobdetail/13006-66370_61247-1-S,13006-66370_61247-1-S
https://www.arbeitsagentur.de/jobsuche/jobdetail/11119-4804137585-S,11119-4804137585-S
https://www.arbeitsagentur.de/jobsuche/jobdetail/10001-1003037230-S,10001-1003037230-S
https://www.arbeitsagentur.de/jobsuche/jobdetail/11119-4803008569-S,11119-4803008569-S
https://www.arbeitsagentur.de/jobsuche/jobdetail/17803-260507172937-OA1412-S,17803-260507172937-OA1412-S
https://www.arbeitsagentur.de/jobsuche/jobdetail/10000-1206436004-S,10000-1206436004-S
https://www.arbeitsagentur.de/jobsuche/jobdetail/15079-k28811.4812-S,15079-k28811.4812-S
https://www.arbeitsagentur.de/jobsuche/jobdetail/11949-17208709-S,11949-17208709-S
https://www.arbeitsagentur.de/jobsuche/jobdetail/10000-1206443683-S,10000-1206443683-S
https://www.arbeitsagentur.de/jobsuche/jobdetail/10000-1206442154-S,10000-1206442154-S
https://www.arbeitsagentur.de/jobsuche/jobdetail/20282-944089589-S,20282-944089589-S
https://www.arbeitsagentur.de/jobsuche/jobdetail/11119-4803006365-S,11119-4803006365-S
https://www.arbeitsagentur.de/jobsuche/jobdetail/12362-TR-286044_609490LS-S,12362-TR-286044_609490LS-S
https://www.arbeitsagentur.de/jobsuche/jobdetail/10001-1003042099-S,10001-1003042099-S
https://www.arbeitsagentur.de/jobsuche/jobdetail/13356-105555A47955C7-S,13356-105555A47955C7-S
https://www.arbeitsagentur.de/jobsuche/jobdetail/10001-1003038388-S,10001-1003038388-S
https://www.arbeitsagentur.de/jobsuche/jobdetail/14225-b4175389d9d3870e-S,14225-b4175389d9d3870e-S
https://www.arbeitsagentur.de/jobsuche/jobdetail/14225-626ae05cb03adcb8-S,14225-626ae05cb03adcb8-S
https://www.arbeitsagentur.de/jobsuche/jobdetail/11119-4804189654-S,11119-4804189654-S
https://www.arbeitsagentur.de/jobsuche/jobdetail/11949-17215983-S,11949-17215983-S
https://www.arbeitsagentur.de/jobsuche/jobdetail/14661-132570aab3e9445-S,14661-132570aab3e9445-S
https://www.arbeitsagentur.de/jobsuche/jobdetail/18024-100PJ000VVx0G-S,18024-100PJ000VVx0G-S
https://www.arbeitsagentur.de/jobsuche/jobdetail/20263-2248960-S,20263-2248960-S
https://www.arbeitsagentur.de/jobsuche/jobdetail/12086-GDZLNDZPKIYPP27C-S,12086-GDZLNDZPKIYPP27C-S
https://www.arbeitsagentur.de/jobsuche/jobdetail/12288-4803137469-S,12288-4803137469-S
https://www.arbeitsagentur.de/jobsuche/jobdetail/11864-PKG9H30O3F0O9LHF-S,11864-PKG9H30O3F0O9LHF-S
https://www.arbeitsagentur.de/jobsuche/jobdetail/11119-4802949979-S,11119-4802949979-S
https://www.arbeitsagentur.de/jobsuche/jobdetail/10000-1206443412-S,10000-1206443412-S
https://www.arbeitsagentur.de/jobsuche/jobdetail/10000-1206439435-S,10000-1206439435-S
https://www.arbeitsagentur.de/jobsuche/jobdetail/12811-2249207-S,12811-2249207-S
https://www.arbeitsagentur.de/jobsuche/jobdetail/10001-1003043122-S,10001-1003043122-S
https://www.arbeitsagentur.de/jobsuche/jobdetail/14377-5UWYDQA8JLWWAWGU-S,14377-5UWYDQA8JLWWAWGU-S
https://www.arbeitsagentur.de/jobsuche/jobdetail/12288-4803108951-S,12288-4803108951-S
https://www.arbeitsagentur.de/jobsuche/jobdetail/14751-70A22031-S,14751-70A22031-S
https://www.arbeitsagentur.de/jobsuche/jobdetail/15631-1DWKSQXUTW5UAKXR-S,15631-1DWKSQXUTW5UAKXR-S
https://www.arbeitsagentur.de/jobsuche/jobdetail/12288-4803144483-S,12288-4803144483-S
https://www.arbeitsagentur.de/jobsuche/jobdetail/10000-1206439705-S,10000-1206439705-S
https://www.arbeitsagentur.de/jobsuche/jobdetail/12362-TR-286187_609604LS-S,12362-TR-286187_609604LS-S
https://www.arbeitsagentur.de/jobsuche/jobdetail/12608-1401689-51138-1-S,12608-1401689-51138-1-S
https://www.arbeitsagentur.de/jobsuche/jobdetail/10000-1206448206-S,10000-1206448206-S
https://www.arbeitsagentur.de/jobsuche/jobdetail/12086-87C86YT05HL5P9VZ-S,12086-87C86YT05HL5P9VZ-S
https://www.arbeitsagentur.de/jobsuche/jobdetail/14087-YHC4PE36X8SGFBFW-S,14087-YHC4PE36X8SGFBFW-S
https://www.arbeitsagentur.de/jobsuche/jobdetail/13356-102628A48607C1-S,13356-102628A48607C1-S
https://www.arbeitsagentur.de/jobsuche/jobdetail/11119-4791180098-S,11119-4791180098-S
https://www.arbeitsagentur.de/jobsuche/jobdetail/11119-4804187405-S,11119-4804187405-S
https://www.arbeitsagentur.de/jobsuche/jobdetail/10000-1206440536-S,10000-1206440536-S
https://www.arbeitsagentur.de/jobsuche/jobdetail/13208-11890-1771090-0-S,13208-11890-1771090-0-S
https://www.arbeitsagentur.de/jobsuche/jobdetail/12668-4ee8e544be2f47e-S,12668-4ee8e544be2f47e-S
https://www.arbeitsagentur.de/jobsuche/jobdetail/12288-4803198046-S,12288-4803198046-S
https://www.arbeitsagentur.de/jobsuche/jobdetail/14927-dz4nn5-S,14927-dz4nn5-S
https://www.arbeitsagentur.de/jobsuche/jobdetail/10001-1003037409-S,10001-1003037409-S
https://www.arbeitsagentur.de/jobsuche/jobdetail/18024-100PJ000MAg1p-S,18024-100PJ000MAg1p-S
https://www.arbeitsagentur.de/jobsuche/jobdetail/11949-17214113-S,11949-17214113-S
https://www.arbeitsagentur.de/jobsuche/jobdetail/10000-1206446759-S,10000-1206446759-S
https://www.arbeitsagentur.de/jobsuche/jobdetail/20730-2248797-S,20730-2248797-S
https://www.arbeitsagentur.de/jobsuche/jobdetail/10000-1206445419-S,10000-1206445419-S
https://www.arbeitsagentur.de/jobsuche/jobdetail/10001-1003042892-S,10001-1003042892-S
https://www.arbeitsagentur.de/jobsuche/jobdetail/11949-17215401-S,11949-17215401-S
https://www.arbeitsagentur.de/jobsuche/jobdetail/10001-1003042156-S,10001-1003042156-S
https://www.arbeitsagentur.de/jobsuche/jobdetail/10001-1003041891-S,10001-1003041891-S
https://www.arbeitsagentur.de/jobsuche/jobdetail/10000-1206450330-S,10000-1206450330-S
https://www.arbeitsagentur.de/jobsuche/jobdetail/17803-260507172901-PS1411-S,17803-260507172901-PS1411-S
https://www.arbeitsagentur.de/jobsuche/jobdetail/10001-1003042914-S,10001-1003042914-S
https://www.arbeitsagentur.de/jobsuche/jobdetail/11949-17215954-S,11949-17215954-S
https://www.arbeitsagentur.de/jobsuche/jobdetail/11949-17216703-S,11949-17216703-S
https://www.arbeitsagentur.de/jobsuche/jobdetail/12826-SA0135390_JB5140622-S,12826-SA0135390_JB5140622-S
https://www.arbeitsagentur.de/jobsuche/jobdetail/10001-1003042720-S,10001-1003042720-S
https://www.arbeitsagentur.de/jobsuche/jobdetail/13356-101548A18692C89-S,13356-101548A18692C89-S
https://www.arbeitsagentur.de/jobsuche/jobdetail/12811-2249044-S,12811-2249044-S
https://www.arbeitsagentur.de/jobsuche/jobdetail/10001-1003037902-S,10001-1003037902-S
https://www.arbeitsagentur.de/jobsuche/jobdetail/10001-1003040080-S,10001-1003040080-S
https://www.arbeitsagentur.de/jobsuche/jobdetail/10001-1003036362-S,10001-1003036362-S
https://www.arbeitsagentur.de/jobsuche/jobdetail/10000-1206431019-S,10000-1206431019-S
https://www.arbeitsagentur.de/jobsuche/jobdetail/11119-4803019394-S,11119-4803019394-S
https://www.arbeitsagentur.de/jobsuche/jobdetail/10000-1206445765-S,10000-1206445765-S
https://www.arbeitsagentur.de/jobsuche/jobdetail/10000-1206445133-S,10000-1206445133-S
https://www.arbeitsagentur.de/jobsuche/jobdetail/10001-1003039036-S,10001-1003039036-S
https://www.arbeitsagentur.de/jobsuche/jobdetail/10001-1003035844-S,10001-1003035844-S
https://www.arbeitsagentur.de/jobsuche/jobdetail/12826-SA0137590_JB5141018-S,12826-SA0137590_JB5141018-S
https://www.arbeitsagentur.de/jobsuche/jobdetail/12288-4803142986-S,12288-4803142986-S
https://www.arbeitsagentur.de/jobsuche/jobdetail/10001-1003043049-S,10001-1003043049-S
https://www.arbeitsagentur.de/jobsuche/jobdetail/11949-17215356-S,11949-17215356-S
https://www.arbeitsagentur.de/jobsuche/jobdetail/10001-1003040211-S,10001-1003040211-S
https://www.arbeitsagentur.de/jobsuche/jobdetail/13635-92b8846c_JB5139868-S,13635-92b8846c_JB5139868-S
https://www.arbeitsagentur.de/jobsuche/jobdetail/13635-e7b374eb_JB5140223-S,13635-e7b374eb_JB5140223-S
https://www.arbeitsagentur.de/jobsuche/jobdetail/11081-5R203UORDFN4KUQ9-S,11081-5R203UORDFN4KUQ9-S
https://www.arbeitsagentur.de/jobsuche/jobdetail/10001-1003039276-S,10001-1003039276-S
https://www.arbeitsagentur.de/jobsuche/jobdetail/11119-4803147753-S,11119-4803147753-S
https://www.arbeitsagentur.de/jobsuche/jobdetail/14751-70A21999-S,14751-70A21999-S
https://www.arbeitsagentur.de/jobsuche/jobdetail/13356-102628A39965C33-S,13356-102628A39965C33-S
https://www.arbeitsagentur.de/jobsuche/jobdetail/13356-105550A44214C22-S,13356-105550A44214C22-S
https://www.arbeitsagentur.de/jobsuche/jobdetail/18024-100PJ000VEU0v-S,18024-100PJ000VEU0v-S
https://www.arbeitsagentur.de/jobsuche/jobdetail/14792-U3VTJVO1F7169EEQ-S,14792-U3VTJVO1F7169EEQ-S
https://www.arbeitsagentur.de/jobsuche/jobdetail/13218-219011_2026-S,13218-219011_2026-S
https://www.arbeitsagentur.de/jobsuche/jobdetail/11949-17216382-S,11949-17216382-S
https://www.arbeitsagentur.de/jobsuche/jobdetail/14927-hoau2o9ayv-S,14927-hoau2o9ayv-S
https://www.arbeitsagentur.de/jobsuche/jobdetail/10000-1206446706-S,10000-1206446706-S
https://www.arbeitsagentur.de/jobsuche/jobdetail/10001-1003035973-S,10001-1003035973-S
https://www.arbeitsagentur.de/jobsuche/jobdetail/10001-1003034645-S,10001-1003034645-S
https://www.arbeitsagentur.de/jobsuche/jobdetail/11119-4792608636-S,11119-4792608636-S
https://www.arbeitsagentur.de/jobsuche/jobdetail/14087-0G8TODMVK820786U-S,14087-0G8TODMVK820786U-S
https://www.arbeitsagentur.de/jobsuche/jobdetail/10000-1206448889-S,10000-1206448889-S
https://www.arbeitsagentur.de/jobsuche/jobdetail/14751-70A22050-S,14751-70A22050-S
https://www.arbeitsagentur.de/jobsuche/jobdetail/11864-3831GZNCIPSL4LNT-S,11864-3831GZNCIPSL4LNT-S
https://www.arbeitsagentur.de/jobsuche/jobdetail/10001-1003039721-S,10001-1003039721-S
https://www.arbeitsagentur.de/jobsuche/jobdetail/12608-1401815-26800-1-S,12608-1401815-26800-1-S
https://www.arbeitsagentur.de/jobsuche/jobdetail/10001-1003043271-S,10001-1003043271-S
https://www.arbeitsagentur.de/jobsuche/jobdetail/12811-2248871-S,12811-2248871-S
https://www.arbeitsagentur.de/jobsuche/jobdetail/14332-00002f2a33a001-S,14332-00002f2a33a001-S
https://www.arbeitsagentur.de/jobsuche/jobdetail/12811-2248274-S,12811-2248274-S
https://www.arbeitsagentur.de/jobsuche/jobdetail/12739-B3DBT4FWLDZN45DF-S,12739-B3DBT4FWLDZN45DF-S
https://www.arbeitsagentur.de/jobsuche/jobdetail/14040-B2E5270M8TZ4NWAD-S,14040-B2E5270M8TZ4NWAD-S
https://www.arbeitsagentur.de/jobsuche/jobdetail/11081-BFL3AM76Q1DSFRSS-S,11081-BFL3AM76Q1DSFRSS-S
https://www.arbeitsagentur.de/jobsuche/jobdetail/11119-4804128158-S,11119-4804128158-S
https://www.arbeitsagentur.de/jobsuche/jobdetail/13032-5Q198L31O474GR5I-S,13032-5Q198L31O474GR5I-S
https://www.arbeitsagentur.de/jobsuche/jobdetail/11119-4791364052-S,11119-4791364052-S
https://www.arbeitsagentur.de/jobsuche/jobdetail/18024-100PC000AGT1m-S,18024-100PC000AGT1m-S
https://www.arbeitsagentur.de/jobsuche/jobdetail/17864-HISQJJ0J8DZE1VBR-S,17864-HISQJJ0J8DZE1VBR-S
https://www.arbeitsagentur.de/jobsuche/jobdetail/19200-qx25nf6aoe-S,19200-qx25nf6aoe-S
https://www.arbeitsagentur.de/jobsuche/jobdetail/13635-03b1c6e6_JB5141001-S,13635-03b1c6e6_JB5141001-S
https://www.arbeitsagentur.de/jobsuche/jobdetail/11949-17216024-S,11949-17216024-S
https://www.arbeitsagentur.de/jobsuche/jobdetail/11959-105310-S,11959-105310-S
https://www.arbeitsagentur.de/jobsuche/jobdetail/11081-3Y64OI9I9PK4P1MG-S,11081-3Y64OI9I9PK4P1MG-S
https://www.arbeitsagentur.de/jobsuche/jobdetail/11868-13743090-S,11868-13743090-S
https://www.arbeitsagentur.de/jobsuche/jobdetail/10000-1206434582-S,10000-1206434582-S
https://www.arbeitsagentur.de/jobsuche/jobdetail/10001-1003039849-S,10001-1003039849-S
https://www.arbeitsagentur.de/jobsuche/jobdetail/11949-17214999-S,11949-17214999-S
https://www.arbeitsagentur.de/jobsuche/jobdetail/16963-REF57D-2780608248-S,16963-REF57D-2780608248-S
https://www.arbeitsagentur.de/jobsuche/jobdetail/12608-1401696-8093-1-S,12608-1401696-8093-1-S
https://www.arbeitsagentur.de/jobsuche/jobdetail/10000-1206435211-S,10000-1206435211-S
https://www.arbeitsagentur.de/jobsuche/jobdetail/12209-13743219-S,12209-13743219-S
https://www.arbeitsagentur.de/jobsuche/jobdetail/12288-4803149015-S,12288-4803149015-S
https://www.arbeitsagentur.de/jobsuche/jobdetail/14340-458428457-S,14340-458428457-S
https://www.arbeitsagentur.de/jobsuche/jobdetail/10001-1003038419-S,10001-1003038419-S
https://www.arbeitsagentur.de/jobsuche/jobdetail/10001-1003041387-S,10001-1003041387-S
https://www.arbeitsagentur.de/jobsuche/jobdetail/10001-1003041898-S,10001-1003041898-S
https://www.arbeitsagentur.de/jobsuche/jobdetail/11949-17216356-S,11949-17216356-S
https://www.arbeitsagentur.de/jobsuche/jobdetail/18024-100PJ000VFd0t-S,18024-100PJ000VFd0t-S
https://www.arbeitsagentur.de/jobsuche/jobdetail/13356-108273A29138C56-S,13356-108273A29138C56-S
https://www.arbeitsagentur.de/jobsuche/jobdetail/10001-1003036969-S,10001-1003036969-S
https://www.arbeitsagentur.de/jobsuche/jobdetail/13635-4f590c5f_JB5140795-S,13635-4f590c5f_JB5140795-S
https://www.arbeitsagentur.de/jobsuche/jobdetail/12826-SA0137589_JB5141017-S,12826-SA0137589_JB5141017-S
https://www.arbeitsagentur.de/jobsuche/jobdetail/10001-1003035608-S,10001-1003035608-S
https://www.arbeitsagentur.de/jobsuche/jobdetail/11949-17215333-S,11949-17215333-S
https://www.arbeitsagentur.de/jobsuche/jobdetail/13635-34b24a0f_JB5140134-S,13635-34b24a0f_JB5140134-S
https://www.arbeitsagentur.de/jobsuche/jobdetail/10001-1003036433-S,10001-1003036433-S
https://www.arbeitsagentur.de/jobsuche/jobdetail/16291-4e082838459346a-S,16291-4e082838459346a-S
https://www.arbeitsagentur.de/jobsuche/jobdetail/10001-1003040129-S,10001-1003040129-S
https://www.arbeitsagentur.de/jobsuche/jobdetail/14274-6PFIKC0KYQAF6MUW-S,14274-6PFIKC0KYQAF6MUW-S
https://www.arbeitsagentur.de/jobsuche/jobdetail/15358-GNRQRNJLNZM069BI-S,15358-GNRQRNJLNZM069BI-S
https://www.arbeitsagentur.de/jobsuche/jobdetail/12811-2249038-S,12811-2249038-S
https://www.arbeitsagentur.de/jobsuche/jobdetail/10001-1003034381-S,10001-1003034381-S
https://www.arbeitsagentur.de/jobsuche/jobdetail/12288-4803127883-S,12288-4803127883-S
https://www.arbeitsagentur.de/jobsuche/jobdetail/12054-95U9U18090NWSCSO-S,12054-95U9U18090NWSCSO-S
https://www.arbeitsagentur.de/jobsuche/jobdetail/10001-1003038289-S,10001-1003038289-S
https://www.arbeitsagentur.de/jobsuche/jobdetail/10001-1003033211-S,10001-1003033211-S
https://www.arbeitsagentur.de/jobsuche/jobdetail/12541-A6OK7S5J2E0XI4TU-S,12541-A6OK7S5J2E0XI4TU-S
https://www.arbeitsagentur.de/jobsuche/jobdetail/10001-1003042901-S,10001-1003042901-S
https://www.arbeitsagentur.de/jobsuche/jobdetail/16915-3CLBBCMS7CF3CSWS-S,16915-3CLBBCMS7CF3CSWS-S
https://www.arbeitsagentur.de/jobsuche/jobdetail/18024-100PJ000VQP0X-S,18024-100PJ000VQP0X-S
https://www.arbeitsagentur.de/jobsuche/jobdetail/14751-70A22048-S,14751-70A22048-S
https://www.arbeitsagentur.de/jobsuche/jobdetail/11081-4LFTM94ODHLJ4AQU-S,11081-4LFTM94ODHLJ4AQU-S
https://www.arbeitsagentur.de/jobsuche/jobdetail/10000-1206440888-S,10000-1206440888-S
https://www.arbeitsagentur.de/jobsuche/jobdetail/11949-17213684-S,11949-17213684-S
https://www.arbeitsagentur.de/jobsuche/jobdetail/10001-1003041974-S,10001-1003041974-S
https://www.arbeitsagentur.de/jobsuche/jobdetail/11081-T5WBTJ9TW049NAAH-S,11081-T5WBTJ9TW049NAAH-S
https://www.arbeitsagentur.de/jobsuche/jobdetail/10001-1003036244-S,10001-1003036244-S
https://www.arbeitsagentur.de/jobsuche/jobdetail/13132-2698-1771104-0-S,13132-2698-1771104-0-S
https://www.arbeitsagentur.de/jobsuche/jobdetail/11864-0R45ZTJ01L8C6TOV-S,11864-0R45ZTJ01L8C6TOV-S
https://www.arbeitsagentur.de/jobsuche/jobdetail/10001-1003042063-S,10001-1003042063-S
https://www.arbeitsagentur.de/jobsuche/jobdetail/14087-YZ7I7ICT7777AD90-S,14087-YZ7I7ICT7777AD90-S
https://www.arbeitsagentur.de/jobsuche/jobdetail/13635-0ec928ea_JB5140077-S,13635-0ec928ea_JB5140077-S
https://www.arbeitsagentur.de/jobsuche/jobdetail/13275-VER-21442375-S,13275-VER-21442375-S
https://www.arbeitsagentur.de/jobsuche/jobdetail/10001-1003042115-S,10001-1003042115-S
https://www.arbeitsagentur.de/jobsuche/jobdetail/15339-1631-1770962-0-S,15339-1631-1770962-0-S
https://www.arbeitsagentur.de/jobsuche/jobdetail/10001-1003042417-S,10001-1003042417-S
https://www.arbeitsagentur.de/jobsuche/jobdetail/10000-1206404102-S,10000-1206404102-S
https://www.arbeitsagentur.de/jobsuche/jobdetail/10001-1003041338-S,10001-1003041338-S
https://www.arbeitsagentur.de/jobsuche/jobdetail/10001-1003040890-S,10001-1003040890-S
https://www.arbeitsagentur.de/jobsuche/jobdetail/10000-1206444669-S,10000-1206444669-S
https://www.arbeitsagentur.de/jobsuche/jobdetail/10000-1206445158-S,10000-1206445158-S
https://www.arbeitsagentur.de/jobsuche/jobdetail/10001-1003037957-S,10001-1003037957-S
https://www.arbeitsagentur.de/jobsuche/jobdetail/14751-437A317-S,14751-437A317-S
https://www.arbeitsagentur.de/jobsuche/jobdetail/18024-100BR0003NB3H-S,18024-100BR0003NB3H-S
https://www.arbeitsagentur.de/jobsuche/jobdetail/16547-XQ2F5A5L7WXW05VG-S,16547-XQ2F5A5L7WXW05VG-S
https://www.arbeitsagentur.de/jobsuche/jobdetail/14040-Q2E88MCO8PCPCHCN-S,14040-Q2E88MCO8PCPCHCN-S
https://www.arbeitsagentur.de/jobsuche/jobdetail/11949-17215188-S,11949-17215188-S
https://www.arbeitsagentur.de/jobsuche/jobdetail/11119-4803067507-S,11119-4803067507-S
https://www.arbeitsagentur.de/jobsuche/jobdetail/14751-70A21980-S,14751-70A21980-S
https://www.arbeitsagentur.de/jobsuche/jobdetail/14751-62A117746-S,14751-62A117746-S
https://www.arbeitsagentur.de/jobsuche/jobdetail/10001-1003040282-S,10001-1003040282-S
https://www.arbeitsagentur.de/jobsuche/jobdetail/10000-1206361488-S,10000-1206361488-S
https://www.arbeitsagentur.de/jobsuche/jobdetail/10001-1003040795-S,10001-1003040795-S
https://www.arbeitsagentur.de/jobsuche/jobdetail/16195-0064612208-S,16195-0064612208-S
https://www.arbeitsagentur.de/jobsuche/jobdetail/17394-2024-11870140-S,17394-2024-11870140-S
https://www.arbeitsagentur.de/jobsuche/jobdetail/10001-1003040804-S,10001-1003040804-S
https://www.arbeitsagentur.de/jobsuche/jobdetail/11864-1NDJYO365OL3PQLP-S,11864-1NDJYO365OL3PQLP-S
https://www.arbeitsagentur.de/jobsuche/jobdetail/14927-sva95a4f6d-S,14927-sva95a4f6d-S
https://www.arbeitsagentur.de/jobsuche/jobdetail/12811-2249230-S,12811-2249230-S
https://www.arbeitsagentur.de/jobsuche/jobdetail/14751-437A357-S,14751-437A357-S
https://www.arbeitsagentur.de/jobsuche/jobdetail/11949-17214188-S,11949-17214188-S
https://www.arbeitsagentur.de/jobsuche/jobdetail/16049-H97PDQAX85FUIG2L-S,16049-H97PDQAX85FUIG2L-S
https://www.arbeitsagentur.de/jobsuche/jobdetail/10001-1003042023-S,10001-1003042023-S
https://www.arbeitsagentur.de/jobsuche/jobdetail/10000-1206323586-S,10000-1206323586-S
https://www.arbeitsagentur.de/jobsuche/jobdetail/12811-2249147-S,12811-2249147-S
https://www.arbeitsagentur.de/jobsuche/jobdetail/11949-17215621-S,11949-17215621-S
https://www.arbeitsagentur.de/jobsuche/jobdetail/12054-BGICVPBCLMRY0HQ3-S,12054-BGICVPBCLMRY0HQ3-S
https://www.arbeitsagentur.de/jobsuche/jobdetail/10000-1206431185-S,10000-1206431185-S
https://www.arbeitsagentur.de/jobsuche/jobdetail/10001-1003042517-S,10001-1003042517-S
https://www.arbeitsagentur.de/jobsuche/jobdetail/10000-1206446885-S,10000-1206446885-S
https://www.arbeitsagentur.de/jobsuche/jobdetail/15015-19602-1770996-0-S,15015-19602-1770996-0-S
https://www.arbeitsagentur.de/jobsuche/jobdetail/10000-1206450618-S,10000-1206450618-S
https://www.arbeitsagentur.de/jobsuche/jobdetail/11112-3501-1770804-0-S,11112-3501-1770804-0-S
https://www.arbeitsagentur.de/jobsuche/jobdetail/11119-4791359415-S,11119-4791359415-S
https://www.arbeitsagentur.de/jobsuche/jobdetail/14722-B9KPM1YAJN0BSPDV-S,14722-B9KPM1YAJN0BSPDV-S
https://www.arbeitsagentur.de/jobsuche/jobdetail/10000-1206446130-S,10000-1206446130-S
https://www.arbeitsagentur.de/jobsuche/jobdetail/13356-109596A37607C34-S,13356-109596A37607C34-S
https://www.arbeitsagentur.de/jobsuche/jobdetail/13635-a4062588_JB5140493-S,13635-a4062588_JB5140493-S
https://www.arbeitsagentur.de/jobsuche/jobdetail/11949-17215632-S,11949-17215632-S
https://www.arbeitsagentur.de/jobsuche/jobdetail/14751-70A22059-S,14751-70A22059-S
https://www.arbeitsagentur.de/jobsuche/jobdetail/11949-17215801-S,11949-17215801-S
https://www.arbeitsagentur.de/jobsuche/jobdetail/12811-2249259-S,12811-2249259-S
https://www.arbeitsagentur.de/jobsuche/jobdetail/11949-17214936-S,11949-17214936-S
https://www.arbeitsagentur.de/jobsuche/jobdetail/12787-258491070526-S,12787-258491070526-S
https://www.arbeitsagentur.de/jobsuche/jobdetail/18024-1002X000QNJ0h-S,18024-1002X000QNJ0h-S
https://www.arbeitsagentur.de/jobsuche/jobdetail/10001-1003038997-S,10001-1003038997-S
https://www.arbeitsagentur.de/jobsuche/jobdetail/10001-1003038778-S,10001-1003038778-S
https://www.arbeitsagentur.de/jobsuche/jobdetail/10001-1003037369-S,10001-1003037369-S
https://www.arbeitsagentur.de/jobsuche/jobdetail/10001-1003042767-S,10001-1003042767-S
https://www.arbeitsagentur.de/jobsuche/jobdetail/10001-1003036187-S,10001-1003036187-S
https://www.arbeitsagentur.de/jobsuche/jobdetail/12310-NPF27YX6VTJTNM4P-S,12310-NPF27YX6VTJTNM4P-S
https://www.arbeitsagentur.de/jobsuche/jobdetail/14751-70A21996-S,14751-70A21996-S
https://www.arbeitsagentur.de/jobsuche/jobdetail/15518-4DFHISDRGOFXJTN1-S,15518-4DFHISDRGOFXJTN1-S
https://www.arbeitsagentur.de/jobsuche/jobdetail/13928-U9JQBEXSNBT9BDVY-S,13928-U9JQBEXSNBT9BDVY-S
https://www.arbeitsagentur.de/jobsuche/jobdetail/14722-FL8KUUQKKWMJCEXC-S,14722-FL8KUUQKKWMJCEXC-S
https://www.arbeitsagentur.de/jobsuche/jobdetail/14751-437A333-S,14751-437A333-S
https://www.arbeitsagentur.de/jobsuche/jobdetail/19860-KDM1S91H8RCROT0K-S,19860-KDM1S91H8RCROT0K-S
https://www.arbeitsagentur.de/jobsuche/jobdetail/10001-1003033760-S,10001-1003033760-S
https://www.arbeitsagentur.de/jobsuche/jobdetail/14751-70A22022-S,14751-70A22022-S
https://www.arbeitsagentur.de/jobsuche/jobdetail/18651-00003c0d97e001-S,18651-00003c0d97e001-S
https://www.arbeitsagentur.de/jobsuche/jobdetail/11119-4804155440-S,11119-4804155440-S
https://www.arbeitsagentur.de/jobsuche/jobdetail/14018-6KSQ4306BOSIGAY9-S,14018-6KSQ4306BOSIGAY9-S
https://www.arbeitsagentur.de/jobsuche/jobdetail/11949-17214911-S,11949-17214911-S
https://www.arbeitsagentur.de/jobsuche/jobdetail/10001-1003033238-S,10001-1003033238-S
https://www.arbeitsagentur.de/jobsuche/jobdetail/10001-1003036722-S,10001-1003036722-S
https://www.arbeitsagentur.de/jobsuche/jobdetail/14751-373A94606-S,14751-373A94606-S
https://www.arbeitsagentur.de/jobsuche/jobdetail/10000-1206431973-S,10000-1206431973-S
https://www.arbeitsagentur.de/jobsuche/jobdetail/16547-37IOYUHCU4C16HQQ-S,16547-37IOYUHCU4C16HQQ-S
https://www.arbeitsagentur.de/jobsuche/jobdetail/17489-4baf9d9d8f7b454-S,17489-4baf9d9d8f7b454-S
https://www.arbeitsagentur.de/jobsuche/jobdetail/13643-609585LS-S,13643-609585LS-S
https://www.arbeitsagentur.de/jobsuche/jobdetail/10001-1003041072-S,10001-1003041072-S
https://www.arbeitsagentur.de/jobsuche/jobdetail/17803-260507172901-PS1414-S,17803-260507172901-PS1414-S
https://www.arbeitsagentur.de/jobsuche/jobdetail/13635-d5bd6f44_JB5139729-S,13635-d5bd6f44_JB5139729-S
https://www.arbeitsagentur.de/jobsuche/jobdetail/11973-c-904385-S,11973-c-904385-S
https://www.arbeitsagentur.de/jobsuche/jobdetail/12122-209148-1770913-0-S,12122-209148-1770913-0-S
https://www.arbeitsagentur.de/jobsuche/jobdetail/10001-1003034062-S,10001-1003034062-S
https://www.arbeitsagentur.de/jobsuche/jobdetail/10000-1206448183-S,10000-1206448183-S
https://www.arbeitsagentur.de/jobsuche/jobdetail/10001-1003037626-S,10001-1003037626-S
https://www.arbeitsagentur.de/jobsuche/jobdetail/18024-1002X000QYQ03-S,18024-1002X000QYQ03-S
https://www.arbeitsagentur.de/jobsuche/jobdetail/14927-1l5eveqyhkd-S,14927-1l5eveqyhkd-S
https://www.arbeitsagentur.de/jobsuche/jobdetail/10000-1206441248-S,10000-1206441248-S
https://www.arbeitsagentur.de/jobsuche/jobdetail/12147-20260416218423-S,12147-20260416218423-S
https://www.arbeitsagentur.de/jobsuche/jobdetail/10000-1206413181-S,10000-1206413181-S
https://www.arbeitsagentur.de/jobsuche/jobdetail/18248-SKWYVA5T2ZDBUZC6-S,18248-SKWYVA5T2ZDBUZC6-S
https://www.arbeitsagentur.de/jobsuche/jobdetail/11119-4791095469-S,11119-4791095469-S
https://www.arbeitsagentur.de/jobsuche/jobdetail/10001-1003041199-S,10001-1003041199-S
https://www.arbeitsagentur.de/jobsuche/jobdetail/12811-2249244-S,12811-2249244-S
https://www.arbeitsagentur.de/jobsuche/jobdetail/12322-QE0MPHFQ3KRCTRUF-S,12322-QE0MPHFQ3KRCTRUF-S
https://www.arbeitsagentur.de/jobsuche/jobdetail/13280-WII930D632E7BUEX-S,13280-WII930D632E7BUEX-S
https://www.arbeitsagentur.de/jobsuche/jobdetail/10001-1003037605-S,10001-1003037605-S
https://www.arbeitsagentur.de/jobsuche/jobdetail/10000-1206439262-S,10000-1206439262-S
https://www.arbeitsagentur.de/jobsuche/jobdetail/11949-17215468-S,11949-17215468-S
https://www.arbeitsagentur.de/jobsuche/jobdetail/14373-k36443.4030-S,14373-k36443.4030-S
https://www.arbeitsagentur.de/jobsuche/jobdetail/11949-17214945-S,11949-17214945-S
https://www.arbeitsagentur.de/jobsuche/jobdetail/11949-17216610-S,11949-17216610-S
https://www.arbeitsagentur.de/jobsuche/jobdetail/14040-7O7Q4X2LJODO9A4P-S,14040-7O7Q4X2LJODO9A4P-S
https://www.arbeitsagentur.de/jobsuche/jobdetail/10001-1003041626-S,10001-1003041626-S
https://www.arbeitsagentur.de/jobsuche/jobdetail/18024-100PJ000Gtx1o-S,18024-100PJ000Gtx1o-S
https://www.arbeitsagentur.de/jobsuche/jobdetail/10001-1003041744-S,10001-1003041744-S
https://www.arbeitsagentur.de/jobsuche/jobdetail/11949-17214964-S,11949-17214964-S
https://www.arbeitsagentur.de/jobsuche/jobdetail/10000-1206446561-S,10000-1206446561-S
https://www.arbeitsagentur.de/jobsuche/jobdetail/11868-13742716-S,11868-13742716-S
https://www.arbeitsagentur.de/jobsuche/jobdetail/13812-BB-388396-7878-1268-S,13812-BB-388396-7878-1268-S
https://www.arbeitsagentur.de/jobsuche/jobdetail/11949-17214419-S,11949-17214419-S
https://www.arbeitsagentur.de/jobsuche/jobdetail/10001-1003040852-S,10001-1003040852-S
https://www.arbeitsagentur.de/jobsuche/jobdetail/11949-17215907-S,11949-17215907-S
https://www.arbeitsagentur.de/jobsuche/jobdetail/14456-k11173.26770-S,14456-k11173.26770-S
https://www.arbeitsagentur.de/jobsuche/jobdetail/12811-2248818-S,12811-2248818-S
https://www.arbeitsagentur.de/jobsuche/jobdetail/13611-80bdbf085d30440-S,13611-80bdbf085d30440-S
https://www.arbeitsagentur.de/jobsuche/jobdetail/14332-00002f2a326001-S,14332-00002f2a326001-S
https://www.arbeitsagentur.de/jobsuche/jobdetail/19821-NOKI9PV82D1752TF-S,19821-NOKI9PV82D1752TF-S
https://www.arbeitsagentur.de/jobsuche/jobdetail/11949-17215924-S,11949-17215924-S
https://www.arbeitsagentur.de/jobsuche/jobdetail/14765-k11215.2275-S,14765-k11215.2275-S
https://www.arbeitsagentur.de/jobsuche/jobdetail/10001-1003041805-S,10001-1003041805-S
https://www.arbeitsagentur.de/jobsuche/jobdetail/15303-F9D82GFTK3SAU205-S,15303-F9D82GFTK3SAU205-S
https://www.arbeitsagentur.de/jobsuche/jobdetail/11081-81WVKLN2VKK9NDYT-S,11081-81WVKLN2VKK9NDYT-S
https://www.arbeitsagentur.de/jobsuche/jobdetail/14792-NZKMRAE58P35PA4D-S,14792-NZKMRAE58P35PA4D-S
https://www.arbeitsagentur.de/jobsuche/jobdetail/14751-417A10931-S,14751-417A10931-S
https://www.arbeitsagentur.de/jobsuche/jobdetail/16963-REF79L-3667017248-S,16963-REF79L-3667017248-S
https://www.arbeitsagentur.de/jobsuche/jobdetail/14751-358A1719-S,14751-358A1719-S
https://www.arbeitsagentur.de/jobsuche/jobdetail/10001-1003033436-S,10001-1003033436-S
https://www.arbeitsagentur.de/jobsuche/jobdetail/10001-1003042494-S,10001-1003042494-S
https://www.arbeitsagentur.de/jobsuche/jobdetail/14795-66432_118831-S,14795-66432_118831-S
https://www.arbeitsagentur.de/jobsuche/jobdetail/10001-1003043008-S,10001-1003043008-S
https://www.arbeitsagentur.de/jobsuche/jobdetail/10001-1003036367-S,10001-1003036367-S
https://www.arbeitsagentur.de/jobsuche/jobdetail/11949-17212984-S,11949-17212984-S
https://www.arbeitsagentur.de/jobsuche/jobdetail/11949-17215321-S,11949-17215321-S
https://www.arbeitsagentur.de/jobsuche/jobdetail/16134-k57824.39353-S,16134-k57824.39353-S
https://www.arbeitsagentur.de/jobsuche/jobdetail/10001-1003036002-S,10001-1003036002-S
https://www.arbeitsagentur.de/jobsuche/jobdetail/20804-666_0-S,20804-666_0-S
https://www.arbeitsagentur.de/jobsuche/jobdetail/10001-1003036066-S,10001-1003036066-S
https://www.arbeitsagentur.de/jobsuche/jobdetail/17803-260507173118-HE1409-S,17803-260507173118-HE1409-S
https://www.arbeitsagentur.de/jobsuche/jobdetail/12811-2249219-S,12811-2249219-S
https://www.arbeitsagentur.de/jobsuche/jobdetail/12546-3476S47OTISJAS74-S,12546-3476S47OTISJAS74-S
https://www.arbeitsagentur.de/jobsuche/jobdetail/10001-1003033462-S,10001-1003033462-S
https://www.arbeitsagentur.de/jobsuche/jobdetail/10001-1003038096-S,10001-1003038096-S
https://www.arbeitsagentur.de/jobsuche/jobdetail/10001-1003037314-S,10001-1003037314-S
https://www.arbeitsagentur.de/jobsuche/jobdetail/11949-17216738-S,11949-17216738-S
https://www.arbeitsagentur.de/jobsuche/jobdetail/14751-373A96168-S,14751-373A96168-S
https://www.arbeitsagentur.de/jobsuche/jobdetail/10001-1003033770-S,10001-1003033770-S
https://www.arbeitsagentur.de/jobsuche/jobdetail/10000-1206446443-S,10000-1206446443-S
https://www.arbeitsagentur.de/jobsuche/jobdetail/12608-1401836-8970-1-S,12608-1401836-8970-1-S
https://www.arbeitsagentur.de/jobsuche/jobdetail/10001-1003039806-S,10001-1003039806-S
https://www.arbeitsagentur.de/jobsuche/jobdetail/13424-D1SKKETSXMI5KRXU-S,13424-D1SKKETSXMI5KRXU-S
https://www.arbeitsagentur.de/jobsuche/jobdetail/10001-1003034087-S,10001-1003034087-S
https://www.arbeitsagentur.de/jobsuche/jobdetail/12898-P2091375-18-S,12898-P2091375-18-S
https://www.arbeitsagentur.de/jobsuche/jobdetail/10001-1003042042-S,10001-1003042042-S
https://www.arbeitsagentur.de/jobsuche/jobdetail/18777-944314337-S,18777-944314337-S
https://www.arbeitsagentur.de/jobsuche/jobdetail/10001-1003036148-S,10001-1003036148-S
https://www.arbeitsagentur.de/jobsuche/jobdetail/10001-1003039591-S,10001-1003039591-S
https://www.arbeitsagentur.de/jobsuche/jobdetail/14661-f439147c39ab417-S,14661-f439147c39ab417-S
https://www.arbeitsagentur.de/jobsuche/jobdetail/11949-17216117-S,11949-17216117-S
https://www.arbeitsagentur.de/jobsuche/jobdetail/12150-13742511-S,12150-13742511-S
https://www.arbeitsagentur.de/jobsuche/jobdetail/12608-1401840-8883-1-S,12608-1401840-8883-1-S
https://www.arbeitsagentur.de/jobsuche/jobdetail/11949-17214385-S,11949-17214385-S
https://www.arbeitsagentur.de/jobsuche/jobdetail/10000-1206442545-S,10000-1206442545-S
https://www.arbeitsagentur.de/jobsuche/jobdetail/11119-4804185167-S,11119-4804185167-S
https://www.arbeitsagentur.de/jobsuche/jobdetail/14927-2kfglnwre-S,14927-2kfglnwre-S
https://www.arbeitsagentur.de/jobsuche/jobdetail/17309-519b9a7caf7cfb1c-S,17309-519b9a7caf7cfb1c-S
https://www.arbeitsagentur.de/jobsuche/jobdetail/13611-94b88ff837894a3-S,13611-94b88ff837894a3-S
https://www.arbeitsagentur.de/jobsuche/jobdetail/10001-1003040332-S,10001-1003040332-S
https://www.arbeitsagentur.de/jobsuche/jobdetail/11119-4791121522-S,11119-4791121522-S
https://www.arbeitsagentur.de/jobsuche/jobdetail/12456-1502348-2-S,12456-1502348-2-S
https://www.arbeitsagentur.de/jobsuche/jobdetail/10001-1003042303-S,10001-1003042303-S
https://www.arbeitsagentur.de/jobsuche/jobdetail/15937-k55805.115251-S,15937-k55805.115251-S
https://www.arbeitsagentur.de/jobsuche/jobdetail/18024-100PJ000V031D-S,18024-100PJ000V031D-S
https://www.arbeitsagentur.de/jobsuche/jobdetail/10000-1206450513-S,10000-1206450513-S
https://www.arbeitsagentur.de/jobsuche/jobdetail/14751-70A21973-S,14751-70A21973-S
https://www.arbeitsagentur.de/jobsuche/jobdetail/10000-1206450646-S,10000-1206450646-S
https://www.arbeitsagentur.de/jobsuche/jobdetail/12147-20260507219352-S,12147-20260507219352-S
https://www.arbeitsagentur.de/jobsuche/jobdetail/10001-1003042137-S,10001-1003042137-S
https://www.arbeitsagentur.de/jobsuche/jobdetail/11949-17216036-S,11949-17216036-S
https://www.arbeitsagentur.de/jobsuche/jobdetail/14722-6HCFR4WWAB9Q7AED-S,14722-6HCFR4WWAB9Q7AED-S
https://www.arbeitsagentur.de/jobsuche/jobdetail/14040-YXX3RDWZILV6RCM7-S,14040-YXX3RDWZILV6RCM7-S
https://www.arbeitsagentur.de/jobsuche/jobdetail/17803-260507173152-AH1408-S,17803-260507173152-AH1408-S
https://www.arbeitsagentur.de/jobsuche/jobdetail/11949-17215589-S,11949-17215589-S
https://www.arbeitsagentur.de/jobsuche/jobdetail/11949-17216684-S,11949-17216684-S
https://www.arbeitsagentur.de/jobsuche/jobdetail/12288-4803097930-S,12288-4803097930-S
https://www.arbeitsagentur.de/jobsuche/jobdetail/10001-1003037018-S,10001-1003037018-S
https://www.arbeitsagentur.de/jobsuche/jobdetail/10001-1003038261-S,10001-1003038261-S
https://www.arbeitsagentur.de/jobsuche/jobdetail/12811-2248398-S,12811-2248398-S
https://www.arbeitsagentur.de/jobsuche/jobdetail/18650-000a5d005f6001-S,18650-000a5d005f6001-S
https://www.arbeitsagentur.de/jobsuche/jobdetail/11119-4791378623-S,11119-4791378623-S
https://www.arbeitsagentur.de/jobsuche/jobdetail/10001-1003039418-S,10001-1003039418-S
https://www.arbeitsagentur.de/jobsuche/jobdetail/17803-260506170748-PF1323-S,17803-260506170748-PF1323-S
https://www.arbeitsagentur.de/jobsuche/jobdetail/10001-1003037051-S,10001-1003037051-S
https://www.arbeitsagentur.de/jobsuche/jobdetail/12608-1401791-10035-1-S,12608-1401791-10035-1-S
https://www.arbeitsagentur.de/jobsuche/jobdetail/13635-ffdf4243_JB5140056-S,13635-ffdf4243_JB5140056-S
https://www.arbeitsagentur.de/jobsuche/jobdetail/12931-9620-1771047-0-S,12931-9620-1771047-0-S
https://www.arbeitsagentur.de/jobsuche/jobdetail/12759-6B0LN5C8038L40GO-S,12759-6B0LN5C8038L40GO-S
https://www.arbeitsagentur.de/jobsuche/jobdetail/17803-260507173044-AF1410-S,17803-260507173044-AF1410-S
https://www.arbeitsagentur.de/jobsuche/jobdetail/11949-17215896-S,11949-17215896-S
https://www.arbeitsagentur.de/jobsuche/jobdetail/14751-417A10936-S,14751-417A10936-S
https://www.arbeitsagentur.de/jobsuche/jobdetail/16963-REF354R-9241943248-S,16963-REF354R-9241943248-S
https://www.arbeitsagentur.de/jobsuche/jobdetail/10001-1003036019-S,10001-1003036019-S
https://www.arbeitsagentur.de/jobsuche/jobdetail/10001-1003037306-S,10001-1003037306-S
https://www.arbeitsagentur.de/jobsuche/jobdetail/11081-0TBWZUMQ6477APN7-S,11081-0TBWZUMQ6477APN7-S
https://www.arbeitsagentur.de/jobsuche/jobdetail/10001-1003035854-S,10001-1003035854-S
https://www.arbeitsagentur.de/jobsuche/jobdetail/11949-17216038-S,11949-17216038-S
https://www.arbeitsagentur.de/jobsuche/jobdetail/17803-260507173008-ER1414-S,17803-260507173008-ER1414-S
https://www.arbeitsagentur.de/jobsuche/jobdetail/11119-4802971969-S,11119-4802971969-S
https://www.arbeitsagentur.de/jobsuche/jobdetail/14927-dt37x4-S,14927-dt37x4-S
https://www.arbeitsagentur.de/jobsuche/jobdetail/11119-4791109776-S,11119-4791109776-S
https://www.arbeitsagentur.de/jobsuche/jobdetail/12787-258487070526-S,12787-258487070526-S
https://www.arbeitsagentur.de/jobsuche/jobdetail/13635-2caefe94_JB5140666-S,13635-2caefe94_JB5140666-S
https://www.arbeitsagentur.de/jobsuche/jobdetail/17489-ec25df5c5efd409-S,17489-ec25df5c5efd409-S
https://www.arbeitsagentur.de/jobsuche/jobdetail/10001-1003039033-S,10001-1003039033-S
https://www.arbeitsagentur.de/jobsuche/jobdetail/11119-4791366474-S,11119-4791366474-S
https://www.arbeitsagentur.de/jobsuche/jobdetail/11949-17213674-S,11949-17213674-S
https://www.arbeitsagentur.de/jobsuche/jobdetail/11949-17215198-S,11949-17215198-S
https://www.arbeitsagentur.de/jobsuche/jobdetail/13635-84423fa4_JB5140057-S,13635-84423fa4_JB5140057-S
https://www.arbeitsagentur.de/jobsuche/jobdetail/12913-7e26c868a5abc963-S,12913-7e26c868a5abc963-S
https://www.arbeitsagentur.de/jobsuche/jobdetail/11949-17213879-S,11949-17213879-S
https://www.arbeitsagentur.de/jobsuche/jobdetail/11949-17216070-S,11949-17216070-S
https://www.arbeitsagentur.de/jobsuche/jobdetail/13947-00009d180ca001-S,13947-00009d180ca001-S
https://www.arbeitsagentur.de/jobsuche/jobdetail/11949-17216632-S,11949-17216632-S
https://www.arbeitsagentur.de/jobsuche/jobdetail/11119-4804146621-S,11119-4804146621-S
https://www.arbeitsagentur.de/jobsuche/jobdetail/10001-1003040816-S,10001-1003040816-S
https://www.arbeitsagentur.de/jobsuche/jobdetail/18024-100PJ000VW90G-S,18024-100PJ000VW90G-S
https://www.arbeitsagentur.de/jobsuche/jobdetail/11949-17215259-S,11949-17215259-S
https://www.arbeitsagentur.de/jobsuche/jobdetail/10001-1003040456-S,10001-1003040456-S
https://www.arbeitsagentur.de/jobsuche/jobdetail/10001-1003041329-S,10001-1003041329-S
https://www.arbeitsagentur.de/jobsuche/jobdetail/12632-62bd63db_JB5139948-S,12632-62bd63db_JB5139948-S
https://www.arbeitsagentur.de/jobsuche/jobdetail/10001-1003042500-S,10001-1003042500-S
https://www.arbeitsagentur.de/jobsuche/jobdetail/10001-1003037720-S,10001-1003037720-S
https://www.arbeitsagentur.de/jobsuche/jobdetail/11119-4792396942-S,11119-4792396942-S
https://www.arbeitsagentur.de/jobsuche/jobdetail/13038-4804112427-S,13038-4804112427-S
https://www.arbeitsagentur.de/jobsuche/jobdetail/12632-f2340f5b_JB5139949-S,12632-f2340f5b_JB5139949-S
https://www.arbeitsagentur.de/jobsuche/jobdetail/11119-4791300837-S,11119-4791300837-S
https://www.arbeitsagentur.de/jobsuche/jobdetail/12811-2248483-S,12811-2248483-S
https://www.arbeitsagentur.de/jobsuche/jobdetail/18024-100aR00016V2z-S,18024-100aR00016V2z-S
https://www.arbeitsagentur.de/jobsuche/jobdetail/14087-1UOF28N7LQ3FM4VJ-S,14087-1UOF28N7LQ3FM4VJ-S
https://www.arbeitsagentur.de/jobsuche/jobdetail/11119-4791361447-S,11119-4791361447-S
https://www.arbeitsagentur.de/jobsuche/jobdetail/11949-17214465-S,11949-17214465-S
https://www.arbeitsagentur.de/jobsuche/jobdetail/12288-4804124991-S,12288-4804124991-S
https://www.arbeitsagentur.de/jobsuche/jobdetail/12787-258243060526-S,12787-258243060526-S
https://www.arbeitsagentur.de/jobsuche/jobdetail/12147-20260507219339-S,12147-20260507219339-S
https://www.arbeitsagentur.de/jobsuche/jobdetail/10001-1003037075-S,10001-1003037075-S
https://www.arbeitsagentur.de/jobsuche/jobdetail/10001-1003042061-S,10001-1003042061-S
https://www.arbeitsagentur.de/jobsuche/jobdetail/11864-WJ4WULEBCWGAQSU6-S,11864-WJ4WULEBCWGAQSU6-S
https://www.arbeitsagentur.de/jobsuche/jobdetail/11949-17209677-S,11949-17209677-S
https://www.arbeitsagentur.de/jobsuche/jobdetail/12967-0002_00111272-S,12967-0002_00111272-S
https://www.arbeitsagentur.de/jobsuche/jobdetail/10001-1003039720-S,10001-1003039720-S
https://www.arbeitsagentur.de/jobsuche/jobdetail/12287-JOB-171856-S,12287-JOB-171856-S
https://www.arbeitsagentur.de/jobsuche/jobdetail/11949-17215443-S,11949-17215443-S
https://www.arbeitsagentur.de/jobsuche/jobdetail/10001-1003042757-S,10001-1003042757-S
https://www.arbeitsagentur.de/jobsuche/jobdetail/10001-1003033678-S,10001-1003033678-S
https://www.arbeitsagentur.de/jobsuche/jobdetail/14038-2026050722220-S,14038-2026050722220-S
https://www.arbeitsagentur.de/jobsuche/jobdetail/11081-S66P9RXU41GIGXHL-S,11081-S66P9RXU41GIGXHL-S
https://www.arbeitsagentur.de/jobsuche/jobdetail/14087-TGSLVKTSYJEUA4F6-S,14087-TGSLVKTSYJEUA4F6-S
https://www.arbeitsagentur.de/jobsuche/jobdetail/13669-C79Q3KKQAZMRKOHH-S,13669-C79Q3KKQAZMRKOHH-S
https://www.arbeitsagentur.de/jobsuche/jobdetail/14751-437A305-S,14751-437A305-S
https://www.arbeitsagentur.de/jobsuche/jobdetail/11949-17216512-S,11949-17216512-S
https://www.arbeitsagentur.de/jobsuche/jobdetail/16547-613WMJV7IMLWHFDW-S,16547-613WMJV7IMLWHFDW-S
https://www.arbeitsagentur.de/jobsuche/jobdetail/12608-1401700-28430-1-S,12608-1401700-28430-1-S
https://www.arbeitsagentur.de/jobsuche/jobdetail/13356-106525A45948C18-S,13356-106525A45948C18-S
https://www.arbeitsagentur.de/jobsuche/jobdetail/10000-1206441588-S,10000-1206441588-S
https://www.arbeitsagentur.de/jobsuche/jobdetail/16134-k57824.39340-S,16134-k57824.39340-S
https://www.arbeitsagentur.de/jobsuche/jobdetail/20730-2248798-S,20730-2248798-S
https://www.arbeitsagentur.de/jobsuche/jobdetail/15640-PCLUS6UARK9XD9TD-S,15640-PCLUS6UARK9XD9TD-S
https://www.arbeitsagentur.de/jobsuche/jobdetail/10001-1003041361-S,10001-1003041361-S
https://www.arbeitsagentur.de/jobsuche/jobdetail/10001-1003037155-S,10001-1003037155-S
https://www.arbeitsagentur.de/jobsuche/jobdetail/10001-1003038346-S,10001-1003038346-S
https://www.arbeitsagentur.de/jobsuche/jobdetail/10001-1003040619-S,10001-1003040619-S
https://www.arbeitsagentur.de/jobsuche/jobdetail/10000-1206442673-S,10000-1206442673-S
https://www.arbeitsagentur.de/jobsuche/jobdetail/14087-IK9T1WORB1EEY963-S,14087-IK9T1WORB1EEY963-S
https://www.arbeitsagentur.de/jobsuche/jobdetail/11081-0YWNNIO6J167UYL8-S,11081-0YWNNIO6J167UYL8-S
https://www.arbeitsagentur.de/jobsuche/jobdetail/13635-dc39b22f_JB5140806-S,13635-dc39b22f_JB5140806-S
https://www.arbeitsagentur.de/jobsuche/jobdetail/11864-FIU14AXYQS9FRN67-S,11864-FIU14AXYQS9FRN67-S
https://www.arbeitsagentur.de/jobsuche/jobdetail/12461-a74a59bb010a4e5-S,12461-a74a59bb010a4e5-S
https://www.arbeitsagentur.de/jobsuche/jobdetail/14385-498-2565590-26-S,14385-498-2565590-26-S
https://www.arbeitsagentur.de/jobsuche/jobdetail/10001-1003040451-S,10001-1003040451-S
https://www.arbeitsagentur.de/jobsuche/jobdetail/10000-1206449703-S,10000-1206449703-S
https://www.arbeitsagentur.de/jobsuche/jobdetail/17803-260507172937-OA1413-S,17803-260507172937-OA1413-S
https://www.arbeitsagentur.de/jobsuche/jobdetail/15631-1SV38N3E5VP3HN4G-S,15631-1SV38N3E5VP3HN4G-S
https://www.arbeitsagentur.de/jobsuche/jobdetail/15537-JOB-838355-S,15537-JOB-838355-S
https://www.arbeitsagentur.de/jobsuche/jobdetail/10001-1003041890-S,10001-1003041890-S
https://www.arbeitsagentur.de/jobsuche/jobdetail/10001-1003040834-S,10001-1003040834-S
https://www.arbeitsagentur.de/jobsuche/jobdetail/10001-1003041042-S,10001-1003041042-S
https://www.arbeitsagentur.de/jobsuche/jobdetail/14792-C1P6N1QWHEMYCJPM-S,14792-C1P6N1QWHEMYCJPM-S
https://www.arbeitsagentur.de/jobsuche/jobdetail/12811-2248069-S,12811-2248069-S
https://www.arbeitsagentur.de/jobsuche/jobdetail/11949-17215538-S,11949-17215538-S
https://www.arbeitsagentur.de/jobsuche/jobdetail/14751-70A22002-S,14751-70A22002-S
https://www.arbeitsagentur.de/jobsuche/jobdetail/12811-2248953-S,12811-2248953-S
https://www.arbeitsagentur.de/jobsuche/jobdetail/18024-100PJ000VHt0d-S,18024-100PJ000VHt0d-S
https://www.arbeitsagentur.de/jobsuche/jobdetail/17803-260507173118-HE1402-S,17803-260507173118-HE1402-S
https://www.arbeitsagentur.de/jobsuche/jobdetail/10000-1206448783-S,10000-1206448783-S
https://www.arbeitsagentur.de/jobsuche/jobdetail/10001-1003040855-S,10001-1003040855-S
https://www.arbeitsagentur.de/jobsuche/jobdetail/14048-fe2ce98ae5866d9d-S,14048-fe2ce98ae5866d9d-S
https://www.arbeitsagentur.de/jobsuche/jobdetail/12811-2248588-S,12811-2248588-S
https://www.arbeitsagentur.de/jobsuche/jobdetail/14751-70A22069-S,14751-70A22069-S
https://www.arbeitsagentur.de/jobsuche/jobdetail/12811-2249156-S,12811-2249156-S
https://www.arbeitsagentur.de/jobsuche/jobdetail/13635-deff070e_JB5140085-S,13635-deff070e_JB5140085-S
https://www.arbeitsagentur.de/jobsuche/jobdetail/11119-4791094999-S,11119-4791094999-S
https://www.arbeitsagentur.de/jobsuche/jobdetail/11949-17214764-S,11949-17214764-S
https://www.arbeitsagentur.de/jobsuche/jobdetail/10000-1206432331-S,10000-1206432331-S
https://www.arbeitsagentur.de/jobsuche/jobdetail/11949-17216312-S,11949-17216312-S
https://www.arbeitsagentur.de/jobsuche/jobdetail/13251-edoo6zlgz7-S,13251-edoo6zlgz7-S
https://www.arbeitsagentur.de/jobsuche/jobdetail/18024-100BR0003TX3L-S,18024-100BR0003TX3L-S
https://www.arbeitsagentur.de/jobsuche/jobdetail/10001-1003040735-S,10001-1003040735-S
https://www.arbeitsagentur.de/jobsuche/jobdetail/17803-260507173044-AF1407-S,17803-260507173044-AF1407-S
https://www.arbeitsagentur.de/jobsuche/jobdetail/10001-1003034264-S,10001-1003034264-S
https://www.arbeitsagentur.de/jobsuche/jobdetail/11119-4802969444-S,11119-4802969444-S
https://www.arbeitsagentur.de/jobsuche/jobdetail/12811-2249218-S,12811-2249218-S
https://www.arbeitsagentur.de/jobsuche/jobdetail/11119-4804147959-S,11119-4804147959-S
https://www.arbeitsagentur.de/jobsuche/jobdetail/11119-4804177558-S,11119-4804177558-S
https://www.arbeitsagentur.de/jobsuche/jobdetail/12513-0007639505-S,12513-0007639505-S
https://www.arbeitsagentur.de/jobsuche/jobdetail/11949-17214598-S,11949-17214598-S
https://www.arbeitsagentur.de/jobsuche/jobdetail/12967-0002_00111279-S,12967-0002_00111279-S
https://www.arbeitsagentur.de/jobsuche/jobdetail/10001-1003043057-S,10001-1003043057-S
https://www.arbeitsagentur.de/jobsuche/jobdetail/18489-j109S11318-44246-S,18489-j109S11318-44246-S
https://www.arbeitsagentur.de/jobsuche/jobdetail/12608-1401664-20433-1-S,12608-1401664-20433-1-S
https://www.arbeitsagentur.de/jobsuche/jobdetail/10001-1003040575-S,10001-1003040575-S
https://www.arbeitsagentur.de/jobsuche/jobdetail/10001-1003039770-S,10001-1003039770-S
https://www.arbeitsagentur.de/jobsuche/jobdetail/13635-24502026_JB5140421-S,13635-24502026_JB5140421-S
https://www.arbeitsagentur.de/jobsuche/jobdetail/14332-00002f2a1ea001-S,14332-00002f2a1ea001-S
https://www.arbeitsagentur.de/jobsuche/jobdetail/14225-c69ca938a923951c-S,14225-c69ca938a923951c-S
https://www.arbeitsagentur.de/jobsuche/jobdetail/10001-1003041489-S,10001-1003041489-S
https://www.arbeitsagentur.de/jobsuche/jobdetail/14751-417A10945-S,14751-417A10945-S
https://www.arbeitsagentur.de/jobsuche/jobdetail/11949-17215696-S,11949-17215696-S
https://www.arbeitsagentur.de/jobsuche/jobdetail/14751-103A13855-S,14751-103A13855-S
https://www.arbeitsagentur.de/jobsuche/jobdetail/10001-1003040078-S,10001-1003040078-S
https://www.arbeitsagentur.de/jobsuche/jobdetail/11949-17215323-S,11949-17215323-S
https://www.arbeitsagentur.de/jobsuche/jobdetail/12826-SA0137619_JB5141208-S,12826-SA0137619_JB5141208-S
https://www.arbeitsagentur.de/jobsuche/jobdetail/10001-1003039349-S,10001-1003039349-S
https://www.arbeitsagentur.de/jobsuche/jobdetail/14751-417A9216-S,14751-417A9216-S
https://www.arbeitsagentur.de/jobsuche/jobdetail/10001-1003037853-S,10001-1003037853-S
https://www.arbeitsagentur.de/jobsuche/jobdetail/10001-1003041159-S,10001-1003041159-S
https://www.arbeitsagentur.de/jobsuche/jobdetail/13243-NOF16280868-JB-S,13243-NOF16280868-JB-S
https://www.arbeitsagentur.de/jobsuche/jobdetail/17803-260507172901-PS1403-S,17803-260507172901-PS1403-S
https://www.arbeitsagentur.de/jobsuche/jobdetail/15253-RYCQ7Y4Q3OA828PG-S,15253-RYCQ7Y4Q3OA828PG-S
https://www.arbeitsagentur.de/jobsuche/jobdetail/15939-BB-633651-7878-8542-S,15939-BB-633651-7878-8542-S
https://www.arbeitsagentur.de/jobsuche/jobdetail/17803-260507173152-AH1425-S,17803-260507173152-AH1425-S
https://www.arbeitsagentur.de/jobsuche/jobdetail/11949-17214438-S,11949-17214438-S
https://www.arbeitsagentur.de/jobsuche/jobdetail/14340-458417495-S,14340-458417495-S
https://www.arbeitsagentur.de/jobsuche/jobdetail/10001-1003043225-S,10001-1003043225-S
https://www.arbeitsagentur.de/jobsuche/jobdetail/16185-IJP5VGKYAABW223P-S,16185-IJP5VGKYAABW223P-S
https://www.arbeitsagentur.de/jobsuche/jobdetail/14385-486-2565575-26-S,14385-486-2565575-26-S
https://www.arbeitsagentur.de/jobsuche/jobdetail/11949-17214921-S,11949-17214921-S
https://www.arbeitsagentur.de/jobsuche/jobdetail/11949-17215895-S,11949-17215895-S
https://www.arbeitsagentur.de/jobsuche/jobdetail/14751-437A371-S,14751-437A371-S
https://www.arbeitsagentur.de/jobsuche/jobdetail/11949-17215107-S,11949-17215107-S
https://www.arbeitsagentur.de/jobsuche/jobdetail/14927-1r0pre11yhx-S,14927-1r0pre11yhx-S
https://www.arbeitsagentur.de/jobsuche/jobdetail/10001-1003035983-S,10001-1003035983-S
https://www.arbeitsagentur.de/jobsuche/jobdetail/12288-4803127829-S,12288-4803127829-S
https://www.arbeitsagentur.de/jobsuche/jobdetail/15379-F8PYRQUGKolmbt-S,15379-F8PYRQUGKolmbt-S
https://www.arbeitsagentur.de/jobsuche/jobdetail/13999-k53401.30915-S,13999-k53401.30915-S
https://www.arbeitsagentur.de/jobsuche/jobdetail/10001-1003036684-S,10001-1003036684-S
https://www.arbeitsagentur.de/jobsuche/jobdetail/19200-s7h9w527kq-S,19200-s7h9w527kq-S
https://www.arbeitsagentur.de/jobsuche/jobdetail/10000-1206448201-S,10000-1206448201-S
https://www.arbeitsagentur.de/jobsuche/jobdetail/10001-1003039845-S,10001-1003039845-S
https://www.arbeitsagentur.de/jobsuche/jobdetail/18024-100BR0003NN3I-S,18024-100BR0003NN3I-S
https://www.arbeitsagentur.de/jobsuche/jobdetail/10000-1206370198-S,10000-1206370198-S
https://www.arbeitsagentur.de/jobsuche/jobdetail/10001-1003036642-S,10001-1003036642-S
https://www.arbeitsagentur.de/jobsuche/jobdetail/17803-260507172901-PS1406-S,17803-260507172901-PS1406-S
https://www.arbeitsagentur.de/jobsuche/jobdetail/10001-1003037584-S,10001-1003037584-S
https://www.arbeitsagentur.de/jobsuche/jobdetail/10001-1003039266-S,10001-1003039266-S
https://www.arbeitsagentur.de/jobsuche/jobdetail/11119-4804217007-S,11119-4804217007-S
https://www.arbeitsagentur.de/jobsuche/jobdetail/11852-944318043-S,11852-944318043-S
https://www.arbeitsagentur.de/jobsuche/jobdetail/10001-1003039674-S,10001-1003039674-S
https://www.arbeitsagentur.de/jobsuche/jobdetail/16963-REF364D-9720073248-S,16963-REF364D-9720073248-S
https://www.arbeitsagentur.de/jobsuche/jobdetail/10001-1003042697-S,10001-1003042697-S
https://www.arbeitsagentur.de/jobsuche/jobdetail/10001-1003038633-S,10001-1003038633-S
https://www.arbeitsagentur.de/jobsuche/jobdetail/10001-1003035437-S,10001-1003035437-S
https://www.arbeitsagentur.de/jobsuche/jobdetail/11949-17216183-S,11949-17216183-S
https://www.arbeitsagentur.de/jobsuche/jobdetail/11119-4804191388-S,11119-4804191388-S
https://www.arbeitsagentur.de/jobsuche/jobdetail/10000-1206441823-S,10000-1206441823-S
https://www.arbeitsagentur.de/jobsuche/jobdetail/20471-2248497-S,20471-2248497-S
https://www.arbeitsagentur.de/jobsuche/jobdetail/11081-WODXPRUTPGQDLVUQ-S,11081-WODXPRUTPGQDLVUQ-S
https://www.arbeitsagentur.de/jobsuche/jobdetail/13635-32a7282d_JB5140797-S,13635-32a7282d_JB5140797-S
https://www.arbeitsagentur.de/jobsuche/jobdetail/12456-1532676-2-S,12456-1532676-2-S
https://www.arbeitsagentur.de/jobsuche/jobdetail/14927-l59ar2ftyc-S,14927-l59ar2ftyc-S
https://www.arbeitsagentur.de/jobsuche/jobdetail/10001-1003043179-S,10001-1003043179-S
https://www.arbeitsagentur.de/jobsuche/jobdetail/11949-17216239-S,11949-17216239-S
https://www.arbeitsagentur.de/jobsuche/jobdetail/10001-1003043102-S,10001-1003043102-S
https://www.arbeitsagentur.de/jobsuche/jobdetail/11949-17216663-S,11949-17216663-S
https://www.arbeitsagentur.de/jobsuche/jobdetail/14014-13743634-S,14014-13743634-S
https://www.arbeitsagentur.de/jobsuche/jobdetail/12513-0007639498-S,12513-0007639498-S
https://www.arbeitsagentur.de/jobsuche/jobdetail/12465-1571157-1-S,12465-1571157-1-S
https://www.arbeitsagentur.de/jobsuche/jobdetail/12811-2249397-S,12811-2249397-S
https://www.arbeitsagentur.de/jobsuche/jobdetail/11949-17216080-S,11949-17216080-S
https://www.arbeitsagentur.de/jobsuche/jobdetail/12287-JOB-838005-S,12287-JOB-838005-S
https://www.arbeitsagentur.de/jobsuche/jobdetail/14087-RII6N1BT93SOLVDY-S,14087-RII6N1BT93SOLVDY-S
https://www.arbeitsagentur.de/jobsuche/jobdetail/14751-417A9215-S,14751-417A9215-S
https://www.arbeitsagentur.de/jobsuche/jobdetail/10001-1003038836-S,10001-1003038836-S
https://www.arbeitsagentur.de/jobsuche/jobdetail/17902-k59932.5676-S,17902-k59932.5676-S
https://www.arbeitsagentur.de/jobsuche/jobdetail/14027-0000931fc4a001-S,14027-0000931fc4a001-S
https://www.arbeitsagentur.de/jobsuche/jobdetail/13635-0ef5edce_JB5140104-S,13635-0ef5edce_JB5140104-S
https://www.arbeitsagentur.de/jobsuche/jobdetail/10000-1206441546-S,10000-1206441546-S
https://www.arbeitsagentur.de/jobsuche/jobdetail/14340-458415038-S,14340-458415038-S
https://www.arbeitsagentur.de/jobsuche/jobdetail/11852-944065921-S,11852-944065921-S
https://www.arbeitsagentur.de/jobsuche/jobdetail/10001-1003041035-S,10001-1003041035-S
https://www.arbeitsagentur.de/jobsuche/jobdetail/13243-NOZ16305860-JB-S,13243-NOZ16305860-JB-S
https://www.arbeitsagentur.de/jobsuche/jobdetail/14087-88UO9K6GIAEGD2XX-S,14087-88UO9K6GIAEGD2XX-S
https://www.arbeitsagentur.de/jobsuche/jobdetail/17560-e7334b23e725411-S,17560-e7334b23e725411-S
https://www.arbeitsagentur.de/jobsuche/jobdetail/12456-1571562-1-S,12456-1571562-1-S
https://www.arbeitsagentur.de/jobsuche/jobdetail/14722-JO40HMASNH00VHHI-S,14722-JO40HMASNH00VHHI-S
https://www.arbeitsagentur.de/jobsuche/jobdetail/17039-k58956.3749-S,17039-k58956.3749-S
https://www.arbeitsagentur.de/jobsuche/jobdetail/10000-1206441812-S,10000-1206441812-S
https://www.arbeitsagentur.de/jobsuche/jobdetail/12288-4804119919-S,12288-4804119919-S
https://www.arbeitsagentur.de/jobsuche/jobdetail/10001-1003038957-S,10001-1003038957-S
https://www.arbeitsagentur.de/jobsuche/jobdetail/14927-2b5zzxlwqzi-S,14927-2b5zzxlwqzi-S
https://www.arbeitsagentur.de/jobsuche/jobdetail/14599-BX9LO3T4AV2O95BP-S,14599-BX9LO3T4AV2O95BP-S
https://www.arbeitsagentur.de/jobsuche/jobdetail/10001-1003039706-S,10001-1003039706-S
https://www.arbeitsagentur.de/jobsuche/jobdetail/10001-1003030272-S,10001-1003030272-S
https://www.arbeitsagentur.de/jobsuche/jobdetail/11119-4804139768-S,11119-4804139768-S
https://www.arbeitsagentur.de/jobsuche/jobdetail/10001-1003036030-S,10001-1003036030-S
https://www.arbeitsagentur.de/jobsuche/jobdetail/12054-NPTKC5MSA8Z1WMCZ-S,12054-NPTKC5MSA8Z1WMCZ-S
https://www.arbeitsagentur.de/jobsuche/jobdetail/18024-100aR00016d2z-S,18024-100aR00016d2z-S
https://www.arbeitsagentur.de/jobsuche/jobdetail/14795-67099_118891-S,14795-67099_118891-S
https://www.arbeitsagentur.de/jobsuche/jobdetail/11949-17216418-S,11949-17216418-S
https://www.arbeitsagentur.de/jobsuche/jobdetail/11864-9IHOC7Y6GCDJAHEN-S,11864-9IHOC7Y6GCDJAHEN-S
https://www.arbeitsagentur.de/jobsuche/jobdetail/16963-REF230G-3484120248-S,16963-REF230G-3484120248-S
https://www.arbeitsagentur.de/jobsuche/jobdetail/10001-1003041001-S,10001-1003041001-S
https://www.arbeitsagentur.de/jobsuche/jobdetail/10001-1003038677-S,10001-1003038677-S
https://www.arbeitsagentur.de/jobsuche/jobdetail/13356-104230A42449C16-S,13356-104230A42449C16-S
https://www.arbeitsagentur.de/jobsuche/jobdetail/10001-1003040449-S,10001-1003040449-S
https://www.arbeitsagentur.de/jobsuche/jobdetail/10001-1003037930-S,10001-1003037930-S
https://www.arbeitsagentur.de/jobsuche/jobdetail/14722-IKGPD06YW7J1L2QB-S,14722-IKGPD06YW7J1L2QB-S
https://www.arbeitsagentur.de/jobsuche/jobdetail/12608-1401659-10414-1-S,12608-1401659-10414-1-S
https://www.arbeitsagentur.de/jobsuche/jobdetail/14792-6CQM131KD6HFSPJ7-S,14792-6CQM131KD6HFSPJ7-S
https://www.arbeitsagentur.de/jobsuche/jobdetail/11949-17216517-S,11949-17216517-S
https://www.arbeitsagentur.de/jobsuche/jobdetail/10001-1003041555-S,10001-1003041555-S
https://www.arbeitsagentur.de/jobsuche/jobdetail/12811-2249117-S,12811-2249117-S
https://www.arbeitsagentur.de/jobsuche/jobdetail/19632-H44JX7953XKO2B3G-S,19632-H44JX7953XKO2B3G-S
https://www.arbeitsagentur.de/jobsuche/jobdetail/16185-DSWSFCKBHWCCN6D6-S,16185-DSWSFCKBHWCCN6D6-S
https://www.arbeitsagentur.de/jobsuche/jobdetail/12456-1571568-1-S,12456-1571568-1-S
https://www.arbeitsagentur.de/jobsuche/jobdetail/12811-2248524-S,12811-2248524-S
https://www.arbeitsagentur.de/jobsuche/jobdetail/17803-260507173044-AF1419-S,17803-260507173044-AF1419-S
https://www.arbeitsagentur.de/jobsuche/jobdetail/17803-260507173008-ER1410-S,17803-260507173008-ER1410-S
https://www.arbeitsagentur.de/jobsuche/jobdetail/10001-1003038962-S,10001-1003038962-S
https://www.arbeitsagentur.de/jobsuche/jobdetail/13356-101823A43667C24-S,13356-101823A43667C24-S
https://www.arbeitsagentur.de/jobsuche/jobdetail/11949-17215418-S,11949-17215418-S
https://www.arbeitsagentur.de/jobsuche/jobdetail/14038-2026050722221-S,14038-2026050722221-S
https://www.arbeitsagentur.de/jobsuche/jobdetail/11119-4792609786-S,11119-4792609786-S
https://www.arbeitsagentur.de/jobsuche/jobdetail/10000-1206443769-S,10000-1206443769-S
https://www.arbeitsagentur.de/jobsuche/jobdetail/11119-4792608212-S,11119-4792608212-S
https://www.arbeitsagentur.de/jobsuche/jobdetail/10001-1003037006-S,10001-1003037006-S
https://www.arbeitsagentur.de/jobsuche/jobdetail/12811-2248831-S,12811-2248831-S
https://www.arbeitsagentur.de/jobsuche/jobdetail/11864-IY8Z7G7LXMMKHF5M-S,11864-IY8Z7G7LXMMKHF5M-S
https://www.arbeitsagentur.de/jobsuche/jobdetail/16239-k57971.1919-S,16239-k57971.1919-S
https://www.arbeitsagentur.de/jobsuche/jobdetail/11949-17216683-S,11949-17216683-S
https://www.arbeitsagentur.de/jobsuche/jobdetail/10001-1003036206-S,10001-1003036206-S
https://www.arbeitsagentur.de/jobsuche/jobdetail/12122-209143-1770914-0-S,12122-209143-1770914-0-S
https://www.arbeitsagentur.de/jobsuche/jobdetail/10000-1206437315-S,10000-1206437315-S
https://www.arbeitsagentur.de/jobsuche/jobdetail/19821-XXWNLIE9XLLNHHZ4-S,19821-XXWNLIE9XLLNHHZ4-S
https://www.arbeitsagentur.de/jobsuche/jobdetail/10000-1206441915-S,10000-1206441915-S
https://www.arbeitsagentur.de/jobsuche/jobdetail/11949-17215978-S,11949-17215978-S
https://www.arbeitsagentur.de/jobsuche/jobdetail/10001-1003039048-S,10001-1003039048-S
https://www.arbeitsagentur.de/jobsuche/jobdetail/14927-16vwjs00czh-S,14927-16vwjs00czh-S
https://www.arbeitsagentur.de/jobsuche/jobdetail/10001-1003036725-S,10001-1003036725-S
https://www.arbeitsagentur.de/jobsuche/jobdetail/13316-2026l773ibqr-000-S,13316-2026l773ibqr-000-S
https://www.arbeitsagentur.de/jobsuche/jobdetail/12054-XOGQ5FHSSBKB1W5R-S,12054-XOGQ5FHSSBKB1W5R-S
https://www.arbeitsagentur.de/jobsuche/jobdetail/10001-1003037537-S,10001-1003037537-S
https://www.arbeitsagentur.de/jobsuche/jobdetail/10001-1003037431-S,10001-1003037431-S
https://www.arbeitsagentur.de/jobsuche/jobdetail/14751-373A95896-S,14751-373A95896-S
https://www.arbeitsagentur.de/jobsuche/jobdetail/10000-1206434705-S,10000-1206434705-S
https://www.arbeitsagentur.de/jobsuche/jobdetail/10000-1206436192-S,10000-1206436192-S
https://www.arbeitsagentur.de/jobsuche/jobdetail/10000-1206443727-S,10000-1206443727-S
https://www.arbeitsagentur.de/jobsuche/jobdetail/13356-101823A33491C47-S,13356-101823A33491C47-S
https://www.arbeitsagentur.de/jobsuche/jobdetail/11119-4804226205-S,11119-4804226205-S
https://www.arbeitsagentur.de/jobsuche/jobdetail/13999-k53401.30926-S,13999-k53401.30926-S
https://www.arbeitsagentur.de/jobsuche/jobdetail/16154-k57827.11059-S,16154-k57827.11059-S
https://www.arbeitsagentur.de/jobsuche/jobdetail/10001-1003035717-S,10001-1003035717-S
https://www.arbeitsagentur.de/jobsuche/jobdetail/16999-k58878.3956-S,16999-k58878.3956-S
https://www.arbeitsagentur.de/jobsuche/jobdetail/10001-1003039323-S,10001-1003039323-S
https://www.arbeitsagentur.de/jobsuche/jobdetail/11119-4792608132-S,11119-4792608132-S
https://www.arbeitsagentur.de/jobsuche/jobdetail/11949-17216640-S,11949-17216640-S
https://www.arbeitsagentur.de/jobsuche/jobdetail/10001-1003037396-S,10001-1003037396-S
https://www.arbeitsagentur.de/jobsuche/jobdetail/13359-j105S19518-49764-S,13359-j105S19518-49764-S
https://www.arbeitsagentur.de/jobsuche/jobdetail/10001-1003038823-S,10001-1003038823-S
https://www.arbeitsagentur.de/jobsuche/jobdetail/14081-JOB-838330-S,14081-JOB-838330-S
https://www.arbeitsagentur.de/jobsuche/jobdetail/10001-1003038222-S,10001-1003038222-S
https://www.arbeitsagentur.de/jobsuche/jobdetail/14087-O6TUNQEM2271VIE6-S,14087-O6TUNQEM2271VIE6-S
https://www.arbeitsagentur.de/jobsuche/jobdetail/11949-17215683-S,11949-17215683-S
https://www.arbeitsagentur.de/jobsuche/jobdetail/16547-M0XZN3KV9851ZWW3-S,16547-M0XZN3KV9851ZWW3-S
https://www.arbeitsagentur.de/jobsuche/jobdetail/15537-JOB-838356-S,15537-JOB-838356-S
https://www.arbeitsagentur.de/jobsuche/jobdetail/13635-3d7de408_JB5140587-S,13635-3d7de408_JB5140587-S
https://www.arbeitsagentur.de/jobsuche/jobdetail/10000-1206450118-S,10000-1206450118-S
https://www.arbeitsagentur.de/jobsuche/jobdetail/12122-209173-1770989-0-S,12122-209173-1770989-0-S
https://www.arbeitsagentur.de/jobsuche/jobdetail/10001-1003036686-S,10001-1003036686-S
https://www.arbeitsagentur.de/jobsuche/jobdetail/11119-4804184149-S,11119-4804184149-S
https://www.arbeitsagentur.de/jobsuche/jobdetail/10001-1003039104-S,10001-1003039104-S
https://www.arbeitsagentur.de/jobsuche/jobdetail/14048-d6e6444d0ea2b793-S,14048-d6e6444d0ea2b793-S
https://www.arbeitsagentur.de/jobsuche/jobdetail/10001-1003041832-S,10001-1003041832-S
https://www.arbeitsagentur.de/jobsuche/jobdetail/14751-62A117749-S,14751-62A117749-S
https://www.arbeitsagentur.de/jobsuche/jobdetail/17386-000091046fe001-S,17386-000091046fe001-S
https://www.arbeitsagentur.de/jobsuche/jobdetail/11949-17215344-S,11949-17215344-S
https://www.arbeitsagentur.de/jobsuche/jobdetail/10001-1003039220-S,10001-1003039220-S
https://www.arbeitsagentur.de/jobsuche/jobdetail/16129-19240-5-S,16129-19240-5-S
https://www.arbeitsagentur.de/jobsuche/jobdetail/10001-1003037370-S,10001-1003037370-S
https://www.arbeitsagentur.de/jobsuche/jobdetail/11949-17215949-S,11949-17215949-S
https://www.arbeitsagentur.de/jobsuche/jobdetail/13270-2026-00003686-1-S,13270-2026-00003686-1-S
https://www.arbeitsagentur.de/jobsuche/jobdetail/12608-1401669-39018-1-S,12608-1401669-39018-1-S
https://www.arbeitsagentur.de/jobsuche/jobdetail/13356-103540A26659C67-S,13356-103540A26659C67-S
https://www.arbeitsagentur.de/jobsuche/jobdetail/13280-1F35PBMMDQFSWWV1-S,13280-1F35PBMMDQFSWWV1-S
https://www.arbeitsagentur.de/jobsuche/jobdetail/10001-1003040380-S,10001-1003040380-S
https://www.arbeitsagentur.de/jobsuche/jobdetail/17851-BB-630105-7878-6622-S,17851-BB-630105-7878-6622-S
https://www.arbeitsagentur.de/jobsuche/jobdetail/11864-PFMLJ039Z4P0FPNV-S,11864-PFMLJ039Z4P0FPNV-S
https://www.arbeitsagentur.de/jobsuche/jobdetail/12931-9001-1771037-0-S,12931-9001-1771037-0-S
https://www.arbeitsagentur.de/jobsuche/jobdetail/10001-1003037932-S,10001-1003037932-S
https://www.arbeitsagentur.de/jobsuche/jobdetail/17560-cf1b72b2c84e45c-S,17560-cf1b72b2c84e45c-S
https://www.arbeitsagentur.de/jobsuche/jobdetail/13999-k53401.30925-S,13999-k53401.30925-S
https://www.arbeitsagentur.de/jobsuche/jobdetail/11949-17216675-S,11949-17216675-S
https://www.arbeitsagentur.de/jobsuche/jobdetail/12086-B9OEJNMDMPUT932K-S,12086-B9OEJNMDMPUT932K-S
https://www.arbeitsagentur.de/jobsuche/jobdetail/11949-17188489-S,11949-17188489-S
https://www.arbeitsagentur.de/jobsuche/jobdetail/20014-5FD4JCU9RYSBFAME-S,20014-5FD4JCU9RYSBFAME-S
https://www.arbeitsagentur.de/jobsuche/jobdetail/14926-2200-S,14926-2200-S
https://www.arbeitsagentur.de/jobsuche/jobdetail/10001-1003039042-S,10001-1003039042-S
https://www.arbeitsagentur.de/jobsuche/jobdetail/12287-JOB-838298-S,12287-JOB-838298-S
https://www.arbeitsagentur.de/jobsuche/jobdetail/12634-BB-640799-7878-4035-S,12634-BB-640799-7878-4035-S
https://www.arbeitsagentur.de/jobsuche/jobdetail/12288-4803115954-S,12288-4803115954-S
https://www.arbeitsagentur.de/jobsuche/jobdetail/10000-1206449989-S,10000-1206449989-S
https://www.arbeitsagentur.de/jobsuche/jobdetail/11949-17216302-S,11949-17216302-S
https://www.arbeitsagentur.de/jobsuche/jobdetail/10001-1003041174-S,10001-1003041174-S
https://www.arbeitsagentur.de/jobsuche/jobdetail/13949-k52464.3561-S,13949-k52464.3561-S
https://www.arbeitsagentur.de/jobsuche/jobdetail/11949-17213356-S,11949-17213356-S
https://www.arbeitsagentur.de/jobsuche/jobdetail/13356-104240A32039C48-S,13356-104240A32039C48-S
https://www.arbeitsagentur.de/jobsuche/jobdetail/10001-1003036082-S,10001-1003036082-S
https://www.arbeitsagentur.de/jobsuche/jobdetail/12322-7146S9ZCS6P1PR66-S,12322-7146S9ZCS6P1PR66-S
https://www.arbeitsagentur.de/jobsuche/jobdetail/11864-8S1FNDURGJ02KQ4B-S,11864-8S1FNDURGJ02KQ4B-S
https://www.arbeitsagentur.de/jobsuche/jobdetail/14751-62A117729-S,14751-62A117729-S
https://www.arbeitsagentur.de/jobsuche/jobdetail/14087-80FUE19K5LWURYW9-S,14087-80FUE19K5LWURYW9-S
https://www.arbeitsagentur.de/jobsuche/jobdetail/10000-1206443082-S,10000-1206443082-S
https://www.arbeitsagentur.de/jobsuche/jobdetail/10001-1003033574-S,10001-1003033574-S
https://www.arbeitsagentur.de/jobsuche/jobdetail/12811-2249191-S,12811-2249191-S
https://www.arbeitsagentur.de/jobsuche/jobdetail/10001-1003039153-S,10001-1003039153-S
https://www.arbeitsagentur.de/jobsuche/jobdetail/10001-1003042674-S,10001-1003042674-S
https://www.arbeitsagentur.de/jobsuche/jobdetail/10001-1003039073-S,10001-1003039073-S
https://www.arbeitsagentur.de/jobsuche/jobdetail/14377-FU5RQ8B6F2U6PLTW-S,14377-FU5RQ8B6F2U6PLTW-S
https://www.arbeitsagentur.de/jobsuche/jobdetail/10001-1003037561-S,10001-1003037561-S
https://www.arbeitsagentur.de/jobsuche/jobdetail/11949-17216253-S,11949-17216253-S
https://www.arbeitsagentur.de/jobsuche/jobdetail/11949-17215758-S,11949-17215758-S
https://www.arbeitsagentur.de/jobsuche/jobdetail/13424-2E4UX0C8BHUSF152-S,13424-2E4UX0C8BHUSF152-S
https://www.arbeitsagentur.de/jobsuche/jobdetail/12288-4803141585-S,12288-4803141585-S
https://www.arbeitsagentur.de/jobsuche/jobdetail/12054-MFDFFHXSXFUKNL5T-S,12054-MFDFFHXSXFUKNL5T-S
https://www.arbeitsagentur.de/jobsuche/jobdetail/13433-UYU9S6ARWQZSCMD7-S,13433-UYU9S6ARWQZSCMD7-S
https://www.arbeitsagentur.de/jobsuche/jobdetail/10000-1206418628-S,10000-1206418628-S
https://www.arbeitsagentur.de/jobsuche/jobdetail/12739-T03UCPASGQ3EUMVK-S,12739-T03UCPASGQ3EUMVK-S
https://www.arbeitsagentur.de/jobsuche/jobdetail/10001-1003036863-S,10001-1003036863-S
https://www.arbeitsagentur.de/jobsuche/jobdetail/12811-2249199-S,12811-2249199-S
https://www.arbeitsagentur.de/jobsuche/jobdetail/14385-542-2565602-26-S,14385-542-2565602-26-S
https://www.arbeitsagentur.de/jobsuche/jobdetail/10001-1003040881-S,10001-1003040881-S
https://www.arbeitsagentur.de/jobsuche/jobdetail/10001-1003041017-S,10001-1003041017-S
https://www.arbeitsagentur.de/jobsuche/jobdetail/10001-1003041105-S,10001-1003041105-S
https://www.arbeitsagentur.de/jobsuche/jobdetail/14751-103A13853-S,14751-103A13853-S
https://www.arbeitsagentur.de/jobsuche/jobdetail/12811-2248007-S,12811-2248007-S
https://www.arbeitsagentur.de/jobsuche/jobdetail/12288-4803161441-S,12288-4803161441-S
https://www.arbeitsagentur.de/jobsuche/jobdetail/11081-B6URYVEXBEMZA4JU-S,11081-B6URYVEXBEMZA4JU-S
https://www.arbeitsagentur.de/jobsuche/jobdetail/11119-4804161761-S,11119-4804161761-S
https://www.arbeitsagentur.de/jobsuche/jobdetail/13928-WS5X5Q53HT82GUC8-S,13928-WS5X5Q53HT82GUC8-S
https://www.arbeitsagentur.de/jobsuche/jobdetail/11864-ZEF4CFYEY4IS9M1I-S,11864-ZEF4CFYEY4IS9M1I-S
https://www.arbeitsagentur.de/jobsuche/jobdetail/10001-1003040426-S,10001-1003040426-S
https://www.arbeitsagentur.de/jobsuche/jobdetail/14722-IRGYLFS83GG76ZU9-S,14722-IRGYLFS83GG76ZU9-S
https://www.arbeitsagentur.de/jobsuche/jobdetail/13947-00009d18045001-S,13947-00009d18045001-S
https://www.arbeitsagentur.de/jobsuche/jobdetail/18024-100PJ000VQH0X-S,18024-100PJ000VQH0X-S
https://www.arbeitsagentur.de/jobsuche/jobdetail/13669-NTUU47HIMDHOUNLW-S,13669-NTUU47HIMDHOUNLW-S
https://www.arbeitsagentur.de/jobsuche/jobdetail/10001-1003038342-S,10001-1003038342-S
https://www.arbeitsagentur.de/jobsuche/jobdetail/12931-10049-1771061-0-S,12931-10049-1771061-0-S
https://www.arbeitsagentur.de/jobsuche/jobdetail/12122-209140-1770924-0-S,12122-209140-1770924-0-S
https://www.arbeitsagentur.de/jobsuche/jobdetail/17803-260507172806-PF1406-S,17803-260507172806-PF1406-S
https://www.arbeitsagentur.de/jobsuche/jobdetail/12086-J4LWY0XJD3PAAWIN-S,12086-J4LWY0XJD3PAAWIN-S
https://www.arbeitsagentur.de/jobsuche/jobdetail/11868-13742586-S,11868-13742586-S
https://www.arbeitsagentur.de/jobsuche/jobdetail/12787-258250060526-S,12787-258250060526-S
https://www.arbeitsagentur.de/jobsuche/jobdetail/10001-1003038672-S,10001-1003038672-S
https://www.arbeitsagentur.de/jobsuche/jobdetail/10001-1003041874-S,10001-1003041874-S
https://www.arbeitsagentur.de/jobsuche/jobdetail/14742-3099813_3994964-S,14742-3099813_3994964-S
https://www.arbeitsagentur.de/jobsuche/jobdetail/13635-e337a347_JB5139754-S,13635-e337a347_JB5139754-S
https://www.arbeitsagentur.de/jobsuche/jobdetail/13038-4804184970-S,13038-4804184970-S
https://www.arbeitsagentur.de/jobsuche/jobdetail/10001-1003038533-S,10001-1003038533-S
https://www.arbeitsagentur.de/jobsuche/jobdetail/12086-1UN4DH71MSXNTNU1-S,12086-1UN4DH71MSXNTNU1-S
https://www.arbeitsagentur.de/jobsuche/jobdetail/17803-260507172724-PH1404-S,17803-260507172724-PH1404-S
https://www.arbeitsagentur.de/jobsuche/jobdetail/12811-2249223-S,12811-2249223-S
https://www.arbeitsagentur.de/jobsuche/jobdetail/11119-4792506030-S,11119-4792506030-S
https://www.arbeitsagentur.de/jobsuche/jobdetail/11949-17216595-S,11949-17216595-S
https://www.arbeitsagentur.de/jobsuche/jobdetail/14795-66957_118915-S,14795-66957_118915-S
https://www.arbeitsagentur.de/jobsuche/jobdetail/12811-2248715-S,12811-2248715-S
https://www.arbeitsagentur.de/jobsuche/jobdetail/12811-2248603-S,12811-2248603-S
https://www.arbeitsagentur.de/jobsuche/jobdetail/11864-F2H53URKK7UBQAC9-S,11864-F2H53URKK7UBQAC9-S
https://www.arbeitsagentur.de/jobsuche/jobdetail/12811-2249238-S,12811-2249238-S
https://www.arbeitsagentur.de/jobsuche/jobdetail/11119-4804114874-S,11119-4804114874-S
https://www.arbeitsagentur.de/jobsuche/jobdetail/10001-1003035465-S,10001-1003035465-S
https://www.arbeitsagentur.de/jobsuche/jobdetail/14048-9b0b8da650899a5f-S,14048-9b0b8da650899a5f-S
https://www.arbeitsagentur.de/jobsuche/jobdetail/14385-617-2565655-26-S,14385-617-2565655-26-S
https://www.arbeitsagentur.de/jobsuche/jobdetail/11081-MEC3JQ90RZAOT4O7-S,11081-MEC3JQ90RZAOT4O7-S
https://www.arbeitsagentur.de/jobsuche/jobdetail/14040-K1OYVYG2GTGBDXWA-S,14040-K1OYVYG2GTGBDXWA-S
https://www.arbeitsagentur.de/jobsuche/jobdetail/14613-3fqmdxuc90-S,14613-3fqmdxuc90-S
https://www.arbeitsagentur.de/jobsuche/jobdetail/10001-1003037112-S,10001-1003037112-S
https://www.arbeitsagentur.de/jobsuche/jobdetail/10001-1003042122-S,10001-1003042122-S
https://www.arbeitsagentur.de/jobsuche/jobdetail/16915-J83KSQ1X7SCC0AMO-S,16915-J83KSQ1X7SCC0AMO-S
https://www.arbeitsagentur.de/jobsuche/jobdetail/16805-j58S3460-6311-S,16805-j58S3460-6311-S
https://www.arbeitsagentur.de/jobsuche/jobdetail/10001-1003032133-S,10001-1003032133-S
https://www.arbeitsagentur.de/jobsuche/jobdetail/10000-1206442996-S,10000-1206442996-S
https://www.arbeitsagentur.de/jobsuche/jobdetail/10000-1206438753-S,10000-1206438753-S
https://www.arbeitsagentur.de/jobsuche/jobdetail/10001-1003038923-S,10001-1003038923-S
https://www.arbeitsagentur.de/jobsuche/jobdetail/10000-1206438539-S,10000-1206438539-S
https://www.arbeitsagentur.de/jobsuche/jobdetail/17803-260506171043-AF1321-S,17803-260506171043-AF1321-S
https://www.arbeitsagentur.de/jobsuche/jobdetail/10000-1206448185-S,10000-1206448185-S
https://www.arbeitsagentur.de/jobsuche/jobdetail/10000-1206449783-S,10000-1206449783-S
https://www.arbeitsagentur.de/jobsuche/jobdetail/10000-1206443000-S,10000-1206443000-S
https://www.arbeitsagentur.de/jobsuche/jobdetail/15707-1505186-2-S,15707-1505186-2-S
https://www.arbeitsagentur.de/jobsuche/jobdetail/10001-1003038921-S,10001-1003038921-S
https://www.arbeitsagentur.de/jobsuche/jobdetail/12608-1401656-82359-1-S,12608-1401656-82359-1-S
https://www.arbeitsagentur.de/jobsuche/jobdetail/11949-17215723-S,11949-17215723-S
https://www.arbeitsagentur.de/jobsuche/jobdetail/11949-17216450-S,11949-17216450-S
https://www.arbeitsagentur.de/jobsuche/jobdetail/13356-101815A48392C6-S,13356-101815A48392C6-S
https://www.arbeitsagentur.de/jobsuche/jobdetail/14087-GS44H9QJ49YR6I05-S,14087-GS44H9QJ49YR6I05-S
https://www.arbeitsagentur.de/jobsuche/jobdetail/10001-1003038113-S,10001-1003038113-S
https://www.arbeitsagentur.de/jobsuche/jobdetail/12122-209082-1770734-0-S,12122-209082-1770734-0-S
https://www.arbeitsagentur.de/jobsuche/jobdetail/10001-1003039964-S,10001-1003039964-S
https://www.arbeitsagentur.de/jobsuche/jobdetail/12634-BB-640803-7878-9784-S,12634-BB-640803-7878-9784-S
https://www.arbeitsagentur.de/jobsuche/jobdetail/11081-HM2DI5KZCCKWM5YR-S,11081-HM2DI5KZCCKWM5YR-S
https://www.arbeitsagentur.de/jobsuche/jobdetail/13635-7206f03d_JB5140121-S,13635-7206f03d_JB5140121-S
https://www.arbeitsagentur.de/jobsuche/jobdetail/20487-k62430.1040-S,20487-k62430.1040-S
https://www.arbeitsagentur.de/jobsuche/jobdetail/11949-17213457-S,11949-17213457-S
https://www.arbeitsagentur.de/jobsuche/jobdetail/12072-GO6TSWZ7BWB2EI16-S,12072-GO6TSWZ7BWB2EI16-S
https://www.arbeitsagentur.de/jobsuche/jobdetail/20242-4804173894-S,20242-4804173894-S
https://www.arbeitsagentur.de/jobsuche/jobdetail/11949-17215220-S,11949-17215220-S
https://www.arbeitsagentur.de/jobsuche/jobdetail/12122-209150-1770967-0-S,12122-209150-1770967-0-S
https://www.arbeitsagentur.de/jobsuche/jobdetail/11119-4804139981-S,11119-4804139981-S
https://www.arbeitsagentur.de/jobsuche/jobdetail/17332-0009c9000fa001-S,17332-0009c9000fa001-S
https://www.arbeitsagentur.de/jobsuche/jobdetail/10001-1003043177-S,10001-1003043177-S
https://www.arbeitsagentur.de/jobsuche/jobdetail/14372-CEU5HK4DJTCZBEQG-S,14372-CEU5HK4DJTCZBEQG-S
https://www.arbeitsagentur.de/jobsuche/jobdetail/17560-7cf3903b0b654b5-S,17560-7cf3903b0b654b5-S
https://www.arbeitsagentur.de/jobsuche/jobdetail/16185-KOM3FC0Z8IXPC2NP-S,16185-KOM3FC0Z8IXPC2NP-S
https://www.arbeitsagentur.de/jobsuche/jobdetail/14182-G9S37AYMJ9DVH0XE-S,14182-G9S37AYMJ9DVH0XE-S
https://www.arbeitsagentur.de/jobsuche/jobdetail/10000-1206449911-S,10000-1206449911-S
https://www.arbeitsagentur.de/jobsuche/jobdetail/13635-702df726_JB5140686-S,13635-702df726_JB5140686-S
https://www.arbeitsagentur.de/jobsuche/jobdetail/11949-17215919-S,11949-17215919-S
https://www.arbeitsagentur.de/jobsuche/jobdetail/12618-173680-S,12618-173680-S
https://www.arbeitsagentur.de/jobsuche/jobdetail/11949-17215450-S,11949-17215450-S
https://www.arbeitsagentur.de/jobsuche/jobdetail/10001-1003042851-S,10001-1003042851-S
https://www.arbeitsagentur.de/jobsuche/jobdetail/13275-VER-21442373-S,13275-VER-21442373-S
https://www.arbeitsagentur.de/jobsuche/jobdetail/13635-0ab16546_JB5140101-S,13635-0ab16546_JB5140101-S
https://www.arbeitsagentur.de/jobsuche/jobdetail/11949-17215960-S,11949-17215960-S
https://www.arbeitsagentur.de/jobsuche/jobdetail/11949-17213539-S,11949-17213539-S
https://www.arbeitsagentur.de/jobsuche/jobdetail/18024-100PJ000PGR1p-S,18024-100PJ000PGR1p-S
https://www.arbeitsagentur.de/jobsuche/jobdetail/12288-4803080566-S,12288-4803080566-S
https://www.arbeitsagentur.de/jobsuche/jobdetail/11949-17214827-S,11949-17214827-S
https://www.arbeitsagentur.de/jobsuche/jobdetail/12456-1571048-1-S,12456-1571048-1-S
https://www.arbeitsagentur.de/jobsuche/jobdetail/11119-4804206448-S,11119-4804206448-S
https://www.arbeitsagentur.de/jobsuche/jobdetail/10000-1206441266-S,10000-1206441266-S
https://www.arbeitsagentur.de/jobsuche/jobdetail/10001-1003042435-S,10001-1003042435-S
https://www.arbeitsagentur.de/jobsuche/jobdetail/10000-1206440792-S,10000-1206440792-S
https://www.arbeitsagentur.de/jobsuche/jobdetail/12811-2249112-S,12811-2249112-S
https://www.arbeitsagentur.de/jobsuche/jobdetail/11949-17214980-S,11949-17214980-S
https://www.arbeitsagentur.de/jobsuche/jobdetail/11119-4804181168-S,11119-4804181168-S
https://www.arbeitsagentur.de/jobsuche/jobdetail/12288-4803143849-S,12288-4803143849-S
https://www.arbeitsagentur.de/jobsuche/jobdetail/11119-4792419826-S,11119-4792419826-S
https://www.arbeitsagentur.de/jobsuche/jobdetail/12811-2249065-S,12811-2249065-S
https://www.arbeitsagentur.de/jobsuche/jobdetail/10001-1003033444-S,10001-1003033444-S
https://www.arbeitsagentur.de/jobsuche/jobdetail/14081-JOB-838223-S,14081-JOB-838223-S
https://www.arbeitsagentur.de/jobsuche/jobdetail/10000-1206435749-S,10000-1206435749-S
https://www.arbeitsagentur.de/jobsuche/jobdetail/17803-260507173152-AH1419-S,17803-260507173152-AH1419-S
https://www.arbeitsagentur.de/jobsuche/jobdetail/10000-1206443130-S,10000-1206443130-S
https://www.arbeitsagentur.de/jobsuche/jobdetail/18024-100PJ000PlP1p-S,18024-100PJ000PlP1p-S
https://www.arbeitsagentur.de/jobsuche/jobdetail/18024-100PJ000VTy0L-S,18024-100PJ000VTy0L-S
https://www.arbeitsagentur.de/jobsuche/jobdetail/16986-JOB-116145-S,16986-JOB-116145-S
https://www.arbeitsagentur.de/jobsuche/jobdetail/10001-1003038242-S,10001-1003038242-S
https://www.arbeitsagentur.de/jobsuche/jobdetail/14087-83K45OYW9K178Y9N-S,14087-83K45OYW9K178Y9N-S
https://www.arbeitsagentur.de/jobsuche/jobdetail/11937-33055_58698-1-S,11937-33055_58698-1-S
https://www.arbeitsagentur.de/jobsuche/jobdetail/10001-1003038900-S,10001-1003038900-S
https://www.arbeitsagentur.de/jobsuche/jobdetail/11949-17214679-S,11949-17214679-S
https://www.arbeitsagentur.de/jobsuche/jobdetail/10001-1003041559-S,10001-1003041559-S
https://www.arbeitsagentur.de/jobsuche/jobdetail/10001-1003040946-S,10001-1003040946-S
https://www.arbeitsagentur.de/jobsuche/jobdetail/10001-1003035999-S,10001-1003035999-S
https://www.arbeitsagentur.de/jobsuche/jobdetail/11949-17215200-S,11949-17215200-S
https://www.arbeitsagentur.de/jobsuche/jobdetail/12967-0002_00111288-S,12967-0002_00111288-S
https://www.arbeitsagentur.de/jobsuche/jobdetail/10001-1003035878-S,10001-1003035878-S
https://www.arbeitsagentur.de/jobsuche/jobdetail/20730-2248775-S,20730-2248775-S
https://www.arbeitsagentur.de/jobsuche/jobdetail/10001-1003042867-S,10001-1003042867-S
https://www.arbeitsagentur.de/jobsuche/jobdetail/12585-k10565.16207-S,12585-k10565.16207-S
https://www.arbeitsagentur.de/jobsuche/jobdetail/10001-1003040403-S,10001-1003040403-S
https://www.arbeitsagentur.de/jobsuche/jobdetail/10001-1003040300-S,10001-1003040300-S
https://www.arbeitsagentur.de/jobsuche/jobdetail/14751-437A262-S,14751-437A262-S
https://www.arbeitsagentur.de/jobsuche/jobdetail/12288-4803105573-S,12288-4803105573-S
https://www.arbeitsagentur.de/jobsuche/jobdetail/10001-1003041449-S,10001-1003041449-S
https://www.arbeitsagentur.de/jobsuche/jobdetail/14471-5VREX5UISSPQEB5F-S,14471-5VREX5UISSPQEB5F-S
https://www.arbeitsagentur.de/jobsuche/jobdetail/12086-YRB5MJSLE0QLJ204-S,12086-YRB5MJSLE0QLJ204-S
https://www.arbeitsagentur.de/jobsuche/jobdetail/12054-LS911BPG0VLW0GZY-S,12054-LS911BPG0VLW0GZY-S
https://www.arbeitsagentur.de/jobsuche/jobdetail/12209-13743277-S,12209-13743277-S
https://www.arbeitsagentur.de/jobsuche/jobdetail/10001-1003040903-S,10001-1003040903-S
https://www.arbeitsagentur.de/jobsuche/jobdetail/11949-17216513-S,11949-17216513-S
https://www.arbeitsagentur.de/jobsuche/jobdetail/18914-4ZPUSZX72N3YAN05-S,18914-4ZPUSZX72N3YAN05-S
https://www.arbeitsagentur.de/jobsuche/jobdetail/20697-99645b909eb008b66f2-S,20697-99645b909eb008b66f2-S
https://www.arbeitsagentur.de/jobsuche/jobdetail/14722-GGWHT0ZWPGGATUU4-S,14722-GGWHT0ZWPGGATUU4-S
https://www.arbeitsagentur.de/jobsuche/jobdetail/10001-1003042316-S,10001-1003042316-S
https://www.arbeitsagentur.de/jobsuche/jobdetail/15160-H2BK9F4NB6WBKM40-S,15160-H2BK9F4NB6WBKM40-S
https://www.arbeitsagentur.de/jobsuche/jobdetail/14751-437A360-S,14751-437A360-S
https://www.arbeitsagentur.de/jobsuche/jobdetail/11081-FEQVL2U0307O2VQI-S,11081-FEQVL2U0307O2VQI-S
https://www.arbeitsagentur.de/jobsuche/jobdetail/11119-4804137981-S,11119-4804137981-S
https://www.arbeitsagentur.de/jobsuche/jobdetail/13424-9YJQK3VJLT60E0LO-S,13424-9YJQK3VJLT60E0LO-S
https://www.arbeitsagentur.de/jobsuche/jobdetail/14471-7P580PQ9MV7LEONA-S,14471-7P580PQ9MV7LEONA-S
https://www.arbeitsagentur.de/jobsuche/jobdetail/12608-1401813-53534-1-S,12608-1401813-53534-1-S
https://www.arbeitsagentur.de/jobsuche/jobdetail/12288-4803118424-S,12288-4803118424-S
https://www.arbeitsagentur.de/jobsuche/jobdetail/13247-43968-21354049528-0-S,13247-43968-21354049528-0-S
https://www.arbeitsagentur.de/jobsuche/jobdetail/12811-2248992-S,12811-2248992-S
https://www.arbeitsagentur.de/jobsuche/jobdetail/10000-1206434711-S,10000-1206434711-S
https://www.arbeitsagentur.de/jobsuche/jobdetail/11119-4801671459-S,11119-4801671459-S
https://www.arbeitsagentur.de/jobsuche/jobdetail/16291-b516faf697bf479-S,16291-b516faf697bf479-S
https://www.arbeitsagentur.de/jobsuche/jobdetail/12826-SA0137602_JB5141029-S,12826-SA0137602_JB5141029-S
https://www.arbeitsagentur.de/jobsuche/jobdetail/11949-17216633-S,11949-17216633-S
https://www.arbeitsagentur.de/jobsuche/jobdetail/10001-1003040459-S,10001-1003040459-S
https://www.arbeitsagentur.de/jobsuche/jobdetail/17803-260506170923-PS1302-S,17803-260506170923-PS1302-S
https://www.arbeitsagentur.de/jobsuche/jobdetail/10001-1003041578-S,10001-1003041578-S
https://www.arbeitsagentur.de/jobsuche/jobdetail/12826-SA0137559_JB5141011-S,12826-SA0137559_JB5141011-S
https://www.arbeitsagentur.de/jobsuche/jobdetail/13433-UTOR66K40QQ00TB2-S,13433-UTOR66K40QQ00TB2-S
https://www.arbeitsagentur.de/jobsuche/jobdetail/11119-4803888086-S,11119-4803888086-S
https://www.arbeitsagentur.de/jobsuche/jobdetail/12608-1401655-4074-1-S,12608-1401655-4074-1-S
https://www.arbeitsagentur.de/jobsuche/jobdetail/11119-4804125745-S,11119-4804125745-S
https://www.arbeitsagentur.de/jobsuche/jobdetail/11119-4791359420-S,11119-4791359420-S
https://www.arbeitsagentur.de/jobsuche/jobdetail/12826-SA0137611_JB5141201-S,12826-SA0137611_JB5141201-S
https://www.arbeitsagentur.de/jobsuche/jobdetail/10001-1003037759-S,10001-1003037759-S
https://www.arbeitsagentur.de/jobsuche/jobdetail/12452-k10537.2749-S,12452-k10537.2749-S
https://www.arbeitsagentur.de/jobsuche/jobdetail/11081-KO77EIW1L025PLQD-S,11081-KO77EIW1L025PLQD-S
https://www.arbeitsagentur.de/jobsuche/jobdetail/10001-1003036572-S,10001-1003036572-S
https://www.arbeitsagentur.de/jobsuche/jobdetail/10001-1003037842-S,10001-1003037842-S
https://www.arbeitsagentur.de/jobsuche/jobdetail/10001-1003033503-S,10001-1003033503-S
https://www.arbeitsagentur.de/jobsuche/jobdetail/10000-1206448310-S,10000-1206448310-S
https://www.arbeitsagentur.de/jobsuche/jobdetail/11119-4804205081-S,11119-4804205081-S
https://www.arbeitsagentur.de/jobsuche/jobdetail/10001-1003040292-S,10001-1003040292-S
https://www.arbeitsagentur.de/jobsuche/jobdetail/14751-373A97083-S,14751-373A97083-S
https://www.arbeitsagentur.de/jobsuche/jobdetail/10000-1206442056-S,10000-1206442056-S
https://www.arbeitsagentur.de/jobsuche/jobdetail/12811-2248977-S,12811-2248977-S
https://www.arbeitsagentur.de/jobsuche/jobdetail/15428-WBH75LA5FYURIB83-S,15428-WBH75LA5FYURIB83-S
https://www.arbeitsagentur.de/jobsuche/jobdetail/18645-2025-13290022-S,18645-2025-13290022-S
https://www.arbeitsagentur.de/jobsuche/jobdetail/13356-108519A45715C17-S,13356-108519A45715C17-S
https://www.arbeitsagentur.de/jobsuche/jobdetail/10001-1003040711-S,10001-1003040711-S
https://www.arbeitsagentur.de/jobsuche/jobdetail/10001-1003040206-S,10001-1003040206-S
https://www.arbeitsagentur.de/jobsuche/jobdetail/10001-1003039156-S,10001-1003039156-S
https://www.arbeitsagentur.de/jobsuche/jobdetail/12787-258298060526-S,12787-258298060526-S
https://www.arbeitsagentur.de/jobsuche/jobdetail/11864-24BCYFXLLNHN5CQU-S,11864-24BCYFXLLNHN5CQU-S
https://www.arbeitsagentur.de/jobsuche/jobdetail/11949-17214539-S,11949-17214539-S
https://www.arbeitsagentur.de/jobsuche/jobdetail/10001-1003038043-S,10001-1003038043-S
https://www.arbeitsagentur.de/jobsuche/jobdetail/11949-17215115-S,11949-17215115-S
https://www.arbeitsagentur.de/jobsuche/jobdetail/10001-1003041525-S,10001-1003041525-S
https://www.arbeitsagentur.de/jobsuche/jobdetail/13635-cd423a39_JB5140440-S,13635-cd423a39_JB5140440-S
https://www.arbeitsagentur.de/jobsuche/jobdetail/14340-458415315-S,14340-458415315-S
https://www.arbeitsagentur.de/jobsuche/jobdetail/11081-ZRIL72DCWPO13C9C-S,11081-ZRIL72DCWPO13C9C-S
https://www.arbeitsagentur.de/jobsuche/jobdetail/12608-1401639-71772-1-S,12608-1401639-71772-1-S
https://www.arbeitsagentur.de/jobsuche/jobdetail/10001-1003039401-S,10001-1003039401-S
https://www.arbeitsagentur.de/jobsuche/jobdetail/10001-1003036672-S,10001-1003036672-S
https://www.arbeitsagentur.de/jobsuche/jobdetail/11949-17215610-S,11949-17215610-S
https://www.arbeitsagentur.de/jobsuche/jobdetail/11119-4803047893-S,11119-4803047893-S
https://www.arbeitsagentur.de/jobsuche/jobdetail/18024-100PJ000RcX1p-S,18024-100PJ000RcX1p-S
https://www.arbeitsagentur.de/jobsuche/jobdetail/10001-1003038201-S,10001-1003038201-S
https://www.arbeitsagentur.de/jobsuche/jobdetail/10001-1003041844-S,10001-1003041844-S
https://www.arbeitsagentur.de/jobsuche/jobdetail/10001-1003036112-S,10001-1003036112-S
https://www.arbeitsagentur.de/jobsuche/jobdetail/12546-590ZNZ34XO3Y6Z7R-S,12546-590ZNZ34XO3Y6Z7R-S
https://www.arbeitsagentur.de/jobsuche/jobdetail/10001-1003037669-S,10001-1003037669-S
https://www.arbeitsagentur.de/jobsuche/jobdetail/11949-17215061-S,11949-17215061-S
https://www.arbeitsagentur.de/jobsuche/jobdetail/14372-II0TO5R31VKJ5NZ5-S,14372-II0TO5R31VKJ5NZ5-S
https://www.arbeitsagentur.de/jobsuche/jobdetail/12147-20260506219315-S,12147-20260506219315-S
https://www.arbeitsagentur.de/jobsuche/jobdetail/10000-1206426285-S,10000-1206426285-S
https://www.arbeitsagentur.de/jobsuche/jobdetail/13669-ROLFAX4S3BW44DAD-S,13669-ROLFAX4S3BW44DAD-S
https://www.arbeitsagentur.de/jobsuche/jobdetail/11852-938429534-S,11852-938429534-S
https://www.arbeitsagentur.de/jobsuche/jobdetail/13356-805555A48368C5-S,13356-805555A48368C5-S
https://www.arbeitsagentur.de/jobsuche/jobdetail/12811-2248813-S,12811-2248813-S
https://www.arbeitsagentur.de/jobsuche/jobdetail/20441-2248479-S,20441-2248479-S
https://www.arbeitsagentur.de/jobsuche/jobdetail/10000-1206447233-S,10000-1206447233-S
https://www.arbeitsagentur.de/jobsuche/jobdetail/12811-2248348-S,12811-2248348-S
https://www.arbeitsagentur.de/jobsuche/jobdetail/11949-17216059-S,11949-17216059-S
https://www.arbeitsagentur.de/jobsuche/jobdetail/13218-219020_2026-S,13218-219020_2026-S
https://www.arbeitsagentur.de/jobsuche/jobdetail/10001-1002736050-S,10001-1002736050-S
https://www.arbeitsagentur.de/jobsuche/jobdetail/10001-1003035757-S,10001-1003035757-S
https://www.arbeitsagentur.de/jobsuche/jobdetail/10001-1003042569-S,10001-1003042569-S
https://www.arbeitsagentur.de/jobsuche/jobdetail/11864-JRXUEJ3FJLKUPO0Y-S,11864-JRXUEJ3FJLKUPO0Y-S
https://www.arbeitsagentur.de/jobsuche/jobdetail/14751-437A375-S,14751-437A375-S
https://www.arbeitsagentur.de/jobsuche/jobdetail/11864-MVGEBS4EBRO3H9IF-S,11864-MVGEBS4EBRO3H9IF-S
https://www.arbeitsagentur.de/jobsuche/jobdetail/13465-00021a6493e001-S,13465-00021a6493e001-S
https://www.arbeitsagentur.de/jobsuche/jobdetail/17394-2024-11480205-S,17394-2024-11480205-S
https://www.arbeitsagentur.de/jobsuche/jobdetail/12288-4803100089-S,12288-4803100089-S
https://www.arbeitsagentur.de/jobsuche/jobdetail/11949-17215303-S,11949-17215303-S
https://www.arbeitsagentur.de/jobsuche/jobdetail/11949-17214636-S,11949-17214636-S
https://www.arbeitsagentur.de/jobsuche/jobdetail/11864-TIGBZV5V7IZUK23V-S,11864-TIGBZV5V7IZUK23V-S
https://www.arbeitsagentur.de/jobsuche/jobdetail/12632-8e26e6fc_JB5140154-S,12632-8e26e6fc_JB5140154-S
https://www.arbeitsagentur.de/jobsuche/jobdetail/13270-2026-00003350-1-S,13270-2026-00003350-1-S
https://www.arbeitsagentur.de/jobsuche/jobdetail/10001-1003042408-S,10001-1003042408-S
https://www.arbeitsagentur.de/jobsuche/jobdetail/10001-1003041066-S,10001-1003041066-S
https://www.arbeitsagentur.de/jobsuche/jobdetail/11949-17216664-S,11949-17216664-S
https://www.arbeitsagentur.de/jobsuche/jobdetail/10000-1206446129-S,10000-1206446129-S
https://www.arbeitsagentur.de/jobsuche/jobdetail/10001-1003035832-S,10001-1003035832-S
https://www.arbeitsagentur.de/jobsuche/jobdetail/11864-5UUBN7PC8BKDBG2D-S,11864-5UUBN7PC8BKDBG2D-S
https://www.arbeitsagentur.de/jobsuche/jobdetail/11949-17215670-S,11949-17215670-S
https://www.arbeitsagentur.de/jobsuche/jobdetail/10001-1003039739-S,10001-1003039739-S
https://www.arbeitsagentur.de/jobsuche/jobdetail/11119-4803047790-S,11119-4803047790-S
https://www.arbeitsagentur.de/jobsuche/jobdetail/10001-1003041873-S,10001-1003041873-S
https://www.arbeitsagentur.de/jobsuche/jobdetail/17803-260507173118-HE1416-S,17803-260507173118-HE1416-S
https://www.arbeitsagentur.de/jobsuche/jobdetail/17803-260507173008-ER1409-S,17803-260507173008-ER1409-S
https://www.arbeitsagentur.de/jobsuche/jobdetail/12811-2249050-S,12811-2249050-S
https://www.arbeitsagentur.de/jobsuche/jobdetail/11119-4803129607-S,11119-4803129607-S
https://www.arbeitsagentur.de/jobsuche/jobdetail/11081-M51YI26MLYY101F2-S,11081-M51YI26MLYY101F2-S
https://www.arbeitsagentur.de/jobsuche/jobdetail/12847-OF57V6SKQM4GWD5U-S,12847-OF57V6SKQM4GWD5U-S
https://www.arbeitsagentur.de/jobsuche/jobdetail/12122-1004414-1771098-0-S,12122-1004414-1771098-0-S
https://www.arbeitsagentur.de/jobsuche/jobdetail/13999-k53401.30934-S,13999-k53401.30934-S
https://www.arbeitsagentur.de/jobsuche/jobdetail/10000-1206362928-S,10000-1206362928-S
https://www.arbeitsagentur.de/jobsuche/jobdetail/16925-GJY3ENKETW86OGLE-S,16925-GJY3ENKETW86OGLE-S
https://www.arbeitsagentur.de/jobsuche/jobdetail/20561-944331707-S,20561-944331707-S
https://www.arbeitsagentur.de/jobsuche/jobdetail/18398-805HAR7FALBEX3RH-S,18398-805HAR7FALBEX3RH-S
https://www.arbeitsagentur.de/jobsuche/jobdetail/10001-1003036463-S,10001-1003036463-S
https://www.arbeitsagentur.de/jobsuche/jobdetail/14811-00005d09732001-S,14811-00005d09732001-S
https://www.arbeitsagentur.de/jobsuche/jobdetail/11949-17214403-S,11949-17214403-S
https://www.arbeitsagentur.de/jobsuche/jobdetail/11949-17216645-S,11949-17216645-S
https://www.arbeitsagentur.de/jobsuche/jobdetail/11081-TIEVDW60IZR6H5TE-S,11081-TIEVDW60IZR6H5TE-S
https://www.arbeitsagentur.de/jobsuche/jobdetail/17560-f05e539e19e845f-S,17560-f05e539e19e845f-S
https://www.arbeitsagentur.de/jobsuche/jobdetail/13465-00021a648ea001-S,13465-00021a648ea001-S
https://www.arbeitsagentur.de/jobsuche/jobdetail/18024-100BR0003NK3H-S,18024-100BR0003NK3H-S
https://www.arbeitsagentur.de/jobsuche/jobdetail/15464-k49847.1771-S,15464-k49847.1771-S
https://www.arbeitsagentur.de/jobsuche/jobdetail/17803-260507173044-AF1413-S,17803-260507173044-AF1413-S
https://www.arbeitsagentur.de/jobsuche/jobdetail/10001-1003039030-S,10001-1003039030-S
https://www.arbeitsagentur.de/jobsuche/jobdetail/11081-G425FEY831DLAZST-S,11081-G425FEY831DLAZST-S
https://www.arbeitsagentur.de/jobsuche/jobdetail/10001-1003034031-S,10001-1003034031-S
https://www.arbeitsagentur.de/jobsuche/jobdetail/14795-66461_118850-S,14795-66461_118850-S
https://www.arbeitsagentur.de/jobsuche/jobdetail/10000-1206432012-S,10000-1206432012-S
https://www.arbeitsagentur.de/jobsuche/jobdetail/10001-1003041391-S,10001-1003041391-S
https://www.arbeitsagentur.de/jobsuche/jobdetail/13328-VER-21442377-S,13328-VER-21442377-S
https://www.arbeitsagentur.de/jobsuche/jobdetail/10001-1003040315-S,10001-1003040315-S
https://www.arbeitsagentur.de/jobsuche/jobdetail/12122-208240-1768470-0-S,12122-208240-1768470-0-S
https://www.arbeitsagentur.de/jobsuche/jobdetail/12811-2248874-S,12811-2248874-S
https://www.arbeitsagentur.de/jobsuche/jobdetail/14014-13743355-S,14014-13743355-S
https://www.arbeitsagentur.de/jobsuche/jobdetail/11949-17216650-S,11949-17216650-S
https://www.arbeitsagentur.de/jobsuche/jobdetail/11949-17214959-S,11949-17214959-S
https://www.arbeitsagentur.de/jobsuche/jobdetail/13092-13743169-S,13092-13743169-S
https://www.arbeitsagentur.de/jobsuche/jobdetail/12618-173664-S,12618-173664-S
https://www.arbeitsagentur.de/jobsuche/jobdetail/10001-1003036794-S,10001-1003036794-S
https://www.arbeitsagentur.de/jobsuche/jobdetail/12739-KST3GTXPHFXRDXRY-S,12739-KST3GTXPHFXRDXRY-S
https://www.arbeitsagentur.de/jobsuche/jobdetail/16819-5558735f089682d1-S,16819-5558735f089682d1-S
https://www.arbeitsagentur.de/jobsuche/jobdetail/20263-2248205-S,20263-2248205-S
https://www.arbeitsagentur.de/jobsuche/jobdetail/11119-4804192645-S,11119-4804192645-S
https://www.arbeitsagentur.de/jobsuche/jobdetail/13643-1L_606438-S,13643-1L_606438-S
https://www.arbeitsagentur.de/jobsuche/jobdetail/10000-1206426277-S,10000-1206426277-S
https://www.arbeitsagentur.de/jobsuche/jobdetail/10001-1003037189-S,10001-1003037189-S
https://www.arbeitsagentur.de/jobsuche/jobdetail/10001-1003037053-S,10001-1003037053-S
https://www.arbeitsagentur.de/jobsuche/jobdetail/11949-17214071-S,11949-17214071-S
https://www.arbeitsagentur.de/jobsuche/jobdetail/11949-17214347-S,11949-17214347-S
https://www.arbeitsagentur.de/jobsuche/jobdetail/11949-17216371-S,11949-17216371-S
https://www.arbeitsagentur.de/jobsuche/jobdetail/10001-1003041175-S,10001-1003041175-S
https://www.arbeitsagentur.de/jobsuche/jobdetail/10001-1003043287-S,10001-1003043287-S
https://www.arbeitsagentur.de/jobsuche/jobdetail/11868-13742495-S,11868-13742495-S
https://www.arbeitsagentur.de/jobsuche/jobdetail/11868-13742748-S,11868-13742748-S
https://www.arbeitsagentur.de/jobsuche/jobdetail/12265-504346_JB5140036-S,12265-504346_JB5140036-S
https://www.arbeitsagentur.de/jobsuche/jobdetail/14471-LFRTV2X3HZ88H8QS-S,14471-LFRTV2X3HZ88H8QS-S
https://www.arbeitsagentur.de/jobsuche/jobdetail/17394-2024-11480206-S,17394-2024-11480206-S
https://www.arbeitsagentur.de/jobsuche/jobdetail/10000-1206444339-S,10000-1206444339-S
https://www.arbeitsagentur.de/jobsuche/jobdetail/13270-2026-00003375-1-S,13270-2026-00003375-1-S
https://www.arbeitsagentur.de/jobsuche/jobdetail/10000-1206446998-S,10000-1206446998-S
https://www.arbeitsagentur.de/jobsuche/jobdetail/14087-7Y61Y1RNTNBO7KJP-S,14087-7Y61Y1RNTNBO7KJP-S
https://www.arbeitsagentur.de/jobsuche/jobdetail/11119-4804204112-S,11119-4804204112-S
https://www.arbeitsagentur.de/jobsuche/jobdetail/10001-1003041034-S,10001-1003041034-S
https://www.arbeitsagentur.de/jobsuche/jobdetail/13635-8bf042d8_JB5140106-S,13635-8bf042d8_JB5140106-S
https://www.arbeitsagentur.de/jobsuche/jobdetail/11081-RKIFE5NGER1J34MQ-S,11081-RKIFE5NGER1J34MQ-S
https://www.arbeitsagentur.de/jobsuche/jobdetail/13356-805510A48412C5-S,13356-805510A48412C5-S
https://www.arbeitsagentur.de/jobsuche/jobdetail/12811-2249303-S,12811-2249303-S
https://www.arbeitsagentur.de/jobsuche/jobdetail/10001-1003036081-S,10001-1003036081-S
https://www.arbeitsagentur.de/jobsuche/jobdetail/10001-1003041696-S,10001-1003041696-S
https://www.arbeitsagentur.de/jobsuche/jobdetail/12585-k10565.16199-S,12585-k10565.16199-S
https://www.arbeitsagentur.de/jobsuche/jobdetail/11119-4791116689-S,11119-4791116689-S
https://www.arbeitsagentur.de/jobsuche/jobdetail/14225-e254faefa9789c40-S,14225-e254faefa9789c40-S
https://www.arbeitsagentur.de/jobsuche/jobdetail/11081-Y7L2HVS5E3JJK45U-S,11081-Y7L2HVS5E3JJK45U-S
https://www.arbeitsagentur.de/jobsuche/jobdetail/11949-17215569-S,11949-17215569-S
https://www.arbeitsagentur.de/jobsuche/jobdetail/10001-1003043062-S,10001-1003043062-S
https://www.arbeitsagentur.de/jobsuche/jobdetail/14373-k36443.4010-S,14373-k36443.4010-S
https://www.arbeitsagentur.de/jobsuche/jobdetail/10001-1003039748-S,10001-1003039748-S
https://www.arbeitsagentur.de/jobsuche/jobdetail/11949-17215325-S,11949-17215325-S
https://www.arbeitsagentur.de/jobsuche/jobdetail/11949-17215422-S,11949-17215422-S
https://www.arbeitsagentur.de/jobsuche/jobdetail/16864-54NA2Y5L213YT7CF-S,16864-54NA2Y5L213YT7CF-S
https://www.arbeitsagentur.de/jobsuche/jobdetail/10001-1003037536-S,10001-1003037536-S
https://www.arbeitsagentur.de/jobsuche/jobdetail/10001-1003037484-S,10001-1003037484-S
https://www.arbeitsagentur.de/jobsuche/jobdetail/10001-1003042736-S,10001-1003042736-S
https://www.arbeitsagentur.de/jobsuche/jobdetail/14722-R324FI0VQ050U442-S,14722-R324FI0VQ050U442-S
https://www.arbeitsagentur.de/jobsuche/jobdetail/12382-2024-65520051-S,12382-2024-65520051-S
https://www.arbeitsagentur.de/jobsuche/jobdetail/14927-dxj369-S,14927-dxj369-S
https://www.arbeitsagentur.de/jobsuche/jobdetail/10000-1206440016-S,10000-1206440016-S
https://www.arbeitsagentur.de/jobsuche/jobdetail/13669-YXF0ANFSC8A7JY7Z-S,13669-YXF0ANFSC8A7JY7Z-S
https://www.arbeitsagentur.de/jobsuche/jobdetail/10001-1003038515-S,10001-1003038515-S
https://www.arbeitsagentur.de/jobsuche/jobdetail/12288-4803160010-S,12288-4803160010-S
https://www.arbeitsagentur.de/jobsuche/jobdetail/11949-17212806-S,11949-17212806-S
https://www.arbeitsagentur.de/jobsuche/jobdetail/10001-1003040112-S,10001-1003040112-S
https://www.arbeitsagentur.de/jobsuche/jobdetail/13928-3WCHLBGN4S0VQHQ3-S,13928-3WCHLBGN4S0VQHQ3-S
https://www.arbeitsagentur.de/jobsuche/jobdetail/10000-1206437462-S,10000-1206437462-S
https://www.arbeitsagentur.de/jobsuche/jobdetail/14751-417A10925-S,14751-417A10925-S
https://www.arbeitsagentur.de/jobsuche/jobdetail/12513-0007639471-S,12513-0007639471-S
https://www.arbeitsagentur.de/jobsuche/jobdetail/10001-1003043138-S,10001-1003043138-S
https://www.arbeitsagentur.de/jobsuche/jobdetail/13635-a9584983_JB5141119-S,13635-a9584983_JB5141119-S
https://www.arbeitsagentur.de/jobsuche/jobdetail/11119-4791163730-S,11119-4791163730-S
https://www.arbeitsagentur.de/jobsuche/jobdetail/10001-1003034955-S,10001-1003034955-S
https://www.arbeitsagentur.de/jobsuche/jobdetail/10001-1003042970-S,10001-1003042970-S
https://www.arbeitsagentur.de/jobsuche/jobdetail/11949-17214778-S,11949-17214778-S
https://www.arbeitsagentur.de/jobsuche/jobdetail/18024-100PJ000Eya1o-S,18024-100PJ000Eya1o-S
https://www.arbeitsagentur.de/jobsuche/jobdetail/11119-4804225797-S,11119-4804225797-S
https://www.arbeitsagentur.de/jobsuche/jobdetail/12288-4803161885-S,12288-4803161885-S
https://www.arbeitsagentur.de/jobsuche/jobdetail/12811-2248971-S,12811-2248971-S
https://www.arbeitsagentur.de/jobsuche/jobdetail/11949-17214828-S,11949-17214828-S
https://www.arbeitsagentur.de/jobsuche/jobdetail/12457-1571613-1-S,12457-1571613-1-S
https://www.arbeitsagentur.de/jobsuche/jobdetail/12288-4803128616-S,12288-4803128616-S
https://www.arbeitsagentur.de/jobsuche/jobdetail/10000-1206444465-S,10000-1206444465-S
https://www.arbeitsagentur.de/jobsuche/jobdetail/12288-4803159686-S,12288-4803159686-S
https://www.arbeitsagentur.de/jobsuche/jobdetail/14751-70A22005-S,14751-70A22005-S
https://www.arbeitsagentur.de/jobsuche/jobdetail/12659-25dea9ca002d4ac-S,12659-25dea9ca002d4ac-S
https://www.arbeitsagentur.de/jobsuche/jobdetail/13635-7179fdf6_JB5140993-S,13635-7179fdf6_JB5140993-S
https://www.arbeitsagentur.de/jobsuche/jobdetail/12739-UGSS6QLLAVAQVNVW-S,12739-UGSS6QLLAVAQVNVW-S
https://www.arbeitsagentur.de/jobsuche/jobdetail/10001-1003041637-S,10001-1003041637-S
https://www.arbeitsagentur.de/jobsuche/jobdetail/11081-ZFEIGI0AC34UBTC4-S,11081-ZFEIGI0AC34UBTC4-S
https://www.arbeitsagentur.de/jobsuche/jobdetail/12759-0Y8R5NFLMHLHNMTH-S,12759-0Y8R5NFLMHLHNMTH-S
https://www.arbeitsagentur.de/jobsuche/jobdetail/11949-17215190-S,11949-17215190-S
https://www.arbeitsagentur.de/jobsuche/jobdetail/10001-1003041085-S,10001-1003041085-S
https://www.arbeitsagentur.de/jobsuche/jobdetail/10001-1003042769-S,10001-1003042769-S
https://www.arbeitsagentur.de/jobsuche/jobdetail/13356-102655A30421C56-S,13356-102655A30421C56-S
https://www.arbeitsagentur.de/jobsuche/jobdetail/18024-100aR0000fi2z-S,18024-100aR0000fi2z-S
https://www.arbeitsagentur.de/jobsuche/jobdetail/10001-1003041505-S,10001-1003041505-S
https://www.arbeitsagentur.de/jobsuche/jobdetail/12608-1401684-59033-1-S,12608-1401684-59033-1-S
https://www.arbeitsagentur.de/jobsuche/jobdetail/12811-2248811-S,12811-2248811-S
https://www.arbeitsagentur.de/jobsuche/jobdetail/12288-4803116277-S,12288-4803116277-S
https://www.arbeitsagentur.de/jobsuche/jobdetail/13132-2321-1771100-0-S,13132-2321-1771100-0-S
https://www.arbeitsagentur.de/jobsuche/jobdetail/10001-1003042861-S,10001-1003042861-S
https://www.arbeitsagentur.de/jobsuche/jobdetail/10001-1003039492-S,10001-1003039492-S
https://www.arbeitsagentur.de/jobsuche/jobdetail/12054-N3PV1GAF06NAYUKR-S,12054-N3PV1GAF06NAYUKR-S
https://www.arbeitsagentur.de/jobsuche/jobdetail/11949-17215679-S,11949-17215679-S
https://www.arbeitsagentur.de/jobsuche/jobdetail/11949-17213442-S,11949-17213442-S
https://www.arbeitsagentur.de/jobsuche/jobdetail/15699-1570991-1-S,15699-1570991-1-S
https://www.arbeitsagentur.de/jobsuche/jobdetail/10001-1003038832-S,10001-1003038832-S
https://www.arbeitsagentur.de/jobsuche/jobdetail/10001-1003037747-S,10001-1003037747-S
https://www.arbeitsagentur.de/jobsuche/jobdetail/13635-1d7b982f_JB5139768-S,13635-1d7b982f_JB5139768-S
https://www.arbeitsagentur.de/jobsuche/jobdetail/18223-TD0TLAYPFZJN8C2Y-S,18223-TD0TLAYPFZJN8C2Y-S
https://www.arbeitsagentur.de/jobsuche/jobdetail/10001-1003042950-S,10001-1003042950-S
https://www.arbeitsagentur.de/jobsuche/jobdetail/17592-7e4044d9958f488-S,17592-7e4044d9958f488-S
https://www.arbeitsagentur.de/jobsuche/jobdetail/13251-es4gufnrmy-S,13251-es4gufnrmy-S
https://www.arbeitsagentur.de/jobsuche/jobdetail/11864-3WU3DQ6FIXDPXLF2-S,11864-3WU3DQ6FIXDPXLF2-S
https://www.arbeitsagentur.de/jobsuche/jobdetail/10001-1003042811-S,10001-1003042811-S
https://www.arbeitsagentur.de/jobsuche/jobdetail/14751-417A10913-S,14751-417A10913-S
https://www.arbeitsagentur.de/jobsuche/jobdetail/14385-426-2565417-26-S,14385-426-2565417-26-S
https://www.arbeitsagentur.de/jobsuche/jobdetail/14751-373A97236-S,14751-373A97236-S
https://www.arbeitsagentur.de/jobsuche/jobdetail/12513-0007639524-S,12513-0007639524-S
https://www.arbeitsagentur.de/jobsuche/jobdetail/18914-OPR2WIVML9U90FFR-S,18914-OPR2WIVML9U90FFR-S
https://www.arbeitsagentur.de/jobsuche/jobdetail/11119-4802955659-S,11119-4802955659-S
https://www.arbeitsagentur.de/jobsuche/jobdetail/11119-4803003300-S,11119-4803003300-S
https://www.arbeitsagentur.de/jobsuche/jobdetail/12287-JOB-838023-S,12287-JOB-838023-S
https://www.arbeitsagentur.de/jobsuche/jobdetail/10001-1003036484-S,10001-1003036484-S
https://www.arbeitsagentur.de/jobsuche/jobdetail/10001-1003034209-S,10001-1003034209-S
https://www.arbeitsagentur.de/jobsuche/jobdetail/15518-WD1YJXHFBBK1PFC0-S,15518-WD1YJXHFBBK1PFC0-S
https://www.arbeitsagentur.de/jobsuche/jobdetail/10001-1003038713-S,10001-1003038713-S
https://www.arbeitsagentur.de/jobsuche/jobdetail/11949-17215267-S,11949-17215267-S
https://www.arbeitsagentur.de/jobsuche/jobdetail/10001-1003041725-S,10001-1003041725-S
https://www.arbeitsagentur.de/jobsuche/jobdetail/11949-17216459-S,11949-17216459-S
https://www.arbeitsagentur.de/jobsuche/jobdetail/12322-RGQAGMOASE67VJ1Y-S,12322-RGQAGMOASE67VJ1Y-S
https://www.arbeitsagentur.de/jobsuche/jobdetail/12054-T2TM7Y4H9I3KE7RS-S,12054-T2TM7Y4H9I3KE7RS-S
https://www.arbeitsagentur.de/jobsuche/jobdetail/10001-1003039889-S,10001-1003039889-S
https://www.arbeitsagentur.de/jobsuche/jobdetail/11949-17216138-S,11949-17216138-S
https://www.arbeitsagentur.de/jobsuche/jobdetail/12967-0002_00111286-S,12967-0002_00111286-S
https://www.arbeitsagentur.de/jobsuche/jobdetail/11864-GZ3O3VYTF22366E2-S,11864-GZ3O3VYTF22366E2-S
https://www.arbeitsagentur.de/jobsuche/jobdetail/11949-17215263-S,11949-17215263-S
https://www.arbeitsagentur.de/jobsuche/jobdetail/10000-1206434621-S,10000-1206434621-S
https://www.arbeitsagentur.de/jobsuche/jobdetail/11949-17215239-S,11949-17215239-S
https://www.arbeitsagentur.de/jobsuche/jobdetail/12288-4804122387-S,12288-4804122387-S
https://www.arbeitsagentur.de/jobsuche/jobdetail/11949-17216597-S,11949-17216597-S
https://www.arbeitsagentur.de/jobsuche/jobdetail/14792-DPSFJSRZFB1NHVN4-S,14792-DPSFJSRZFB1NHVN4-S
https://www.arbeitsagentur.de/jobsuche/jobdetail/14751-417A10939-S,14751-417A10939-S
https://www.arbeitsagentur.de/jobsuche/jobdetail/10001-1003038465-S,10001-1003038465-S
https://www.arbeitsagentur.de/jobsuche/jobdetail/10001-1003037129-S,10001-1003037129-S
https://www.arbeitsagentur.de/jobsuche/jobdetail/14040-SIFX1L7AY87OGY6G-S,14040-SIFX1L7AY87OGY6G-S
https://www.arbeitsagentur.de/jobsuche/jobdetail/13356-102655A45692C9-S,13356-102655A45692C9-S
https://www.arbeitsagentur.de/jobsuche/jobdetail/13356-102627A38988C36-S,13356-102627A38988C36-S
https://www.arbeitsagentur.de/jobsuche/jobdetail/12811-2249263-S,12811-2249263-S
https://www.arbeitsagentur.de/jobsuche/jobdetail/12826-SA0137568_JB5140763-S,12826-SA0137568_JB5140763-S
https://www.arbeitsagentur.de/jobsuche/jobdetail/11949-17215672-S,11949-17215672-S
https://www.arbeitsagentur.de/jobsuche/jobdetail/15765-8X71WZT1U1C01R8F-S,15765-8X71WZT1U1C01R8F-S
https://www.arbeitsagentur.de/jobsuche/jobdetail/13243-NOF16280682-JB-S,13243-NOF16280682-JB-S
https://www.arbeitsagentur.de/jobsuche/jobdetail/12811-2249002-S,12811-2249002-S
https://www.arbeitsagentur.de/jobsuche/jobdetail/10001-1003029497-S,10001-1003029497-S
https://www.arbeitsagentur.de/jobsuche/jobdetail/10001-1003040563-S,10001-1003040563-S
https://www.arbeitsagentur.de/jobsuche/jobdetail/10000-1206447142-S,10000-1206447142-S
https://www.arbeitsagentur.de/jobsuche/jobdetail/15518-PER45V7WYMS3H0X2-S,15518-PER45V7WYMS3H0X2-S
https://www.arbeitsagentur.de/jobsuche/jobdetail/10000-1206439735-S,10000-1206439735-S
https://www.arbeitsagentur.de/jobsuche/jobdetail/12633-822e90c4_JB5113734-S,12633-822e90c4_JB5113734-S
https://www.arbeitsagentur.de/jobsuche/jobdetail/18024-100aR0001Ko1D-S,18024-100aR0001Ko1D-S
https://www.arbeitsagentur.de/jobsuche/jobdetail/11864-JF2LTXC2MYSYF9U5-S,11864-JF2LTXC2MYSYF9U5-S
https://www.arbeitsagentur.de/jobsuche/jobdetail/11949-17216535-S,11949-17216535-S
https://www.arbeitsagentur.de/jobsuche/jobdetail/13356-103528A29151C56-S,13356-103528A29151C56-S
https://www.arbeitsagentur.de/jobsuche/jobdetail/18248-7CWD3MUVTUC8ZR8T-S,18248-7CWD3MUVTUC8ZR8T-S
https://www.arbeitsagentur.de/jobsuche/jobdetail/11949-17213476-S,11949-17213476-S
https://www.arbeitsagentur.de/jobsuche/jobdetail/14048-eb3cdad5a20ccc25-S,14048-eb3cdad5a20ccc25-S
https://www.arbeitsagentur.de/jobsuche/jobdetail/12032-R62E61221-S,12032-R62E61221-S
https://www.arbeitsagentur.de/jobsuche/jobdetail/11949-17168631-S,11949-17168631-S
https://www.arbeitsagentur.de/jobsuche/jobdetail/15631-27UYSIPOW8WV9OMV-S,15631-27UYSIPOW8WV9OMV-S
https://www.arbeitsagentur.de/jobsuche/jobdetail/10001-1003041581-S,10001-1003041581-S
https://www.arbeitsagentur.de/jobsuche/jobdetail/12811-2248986-S,12811-2248986-S
https://www.arbeitsagentur.de/jobsuche/jobdetail/12811-2248943-S,12811-2248943-S
https://www.arbeitsagentur.de/jobsuche/jobdetail/14751-70A22051-S,14751-70A22051-S
https://www.arbeitsagentur.de/jobsuche/jobdetail/18024-100PJ000U5Z0J-S,18024-100PJ000U5Z0J-S
https://www.arbeitsagentur.de/jobsuche/jobdetail/17803-260507172806-PF1417-S,17803-260507172806-PF1417-S
https://www.arbeitsagentur.de/jobsuche/jobdetail/10001-1003042534-S,10001-1003042534-S
https://www.arbeitsagentur.de/jobsuche/jobdetail/13635-e015c4a4_JB5140118-S,13635-e015c4a4_JB5140118-S
https://www.arbeitsagentur.de/jobsuche/jobdetail/12287-JOB-156058-S,12287-JOB-156058-S
https://www.arbeitsagentur.de/jobsuche/jobdetail/13635-dd66a49f_JB5140954-S,13635-dd66a49f_JB5140954-S
https://www.arbeitsagentur.de/jobsuche/jobdetail/11949-17216681-S,11949-17216681-S
https://www.arbeitsagentur.de/jobsuche/jobdetail/13356-104221A43666C24-S,13356-104221A43666C24-S
https://www.arbeitsagentur.de/jobsuche/jobdetail/10001-1003039561-S,10001-1003039561-S
https://www.arbeitsagentur.de/jobsuche/jobdetail/10001-1003038742-S,10001-1003038742-S
https://www.arbeitsagentur.de/jobsuche/jobdetail/14087-GR733R6U85YJUD6A-S,14087-GR733R6U85YJUD6A-S
https://www.arbeitsagentur.de/jobsuche/jobdetail/10001-1003037016-S,10001-1003037016-S
https://www.arbeitsagentur.de/jobsuche/jobdetail/12826-SA0135523_JB5140611-S,12826-SA0135523_JB5140611-S
https://www.arbeitsagentur.de/jobsuche/jobdetail/10001-1003035768-S,10001-1003035768-S
https://www.arbeitsagentur.de/jobsuche/jobdetail/10001-1003033183-S,10001-1003033183-S
https://www.arbeitsagentur.de/jobsuche/jobdetail/17394-2023-10190151-S,17394-2023-10190151-S
https://www.arbeitsagentur.de/jobsuche/jobdetail/11949-17216278-S,11949-17216278-S
https://www.arbeitsagentur.de/jobsuche/jobdetail/10001-1002532626-S,10001-1002532626-S
https://www.arbeitsagentur.de/jobsuche/jobdetail/11949-17215274-S,11949-17215274-S
https://www.arbeitsagentur.de/jobsuche/jobdetail/12811-2249320-S,12811-2249320-S
https://www.arbeitsagentur.de/jobsuche/jobdetail/11949-17213135-S,11949-17213135-S
https://www.arbeitsagentur.de/jobsuche/jobdetail/13800-AGVZ9GK4AYRN380K-S,13800-AGVZ9GK4AYRN380K-S
https://www.arbeitsagentur.de/jobsuche/jobdetail/10001-1003039486-S,10001-1003039486-S
https://www.arbeitsagentur.de/jobsuche/jobdetail/10001-1003042296-S,10001-1003042296-S
https://www.arbeitsagentur.de/jobsuche/jobdetail/10001-1003036677-S,10001-1003036677-S
https://www.arbeitsagentur.de/jobsuche/jobdetail/13999-k53401.30931-S,13999-k53401.30931-S
https://www.arbeitsagentur.de/jobsuche/jobdetail/10001-1003040996-S,10001-1003040996-S
https://www.arbeitsagentur.de/jobsuche/jobdetail/14599-GMCKJBDIHMFOKJDT-S,14599-GMCKJBDIHMFOKJDT-S
https://www.arbeitsagentur.de/jobsuche/jobdetail/12288-4804111721-S,12288-4804111721-S
https://www.arbeitsagentur.de/jobsuche/jobdetail/11119-4803004316-S,11119-4803004316-S
https://www.arbeitsagentur.de/jobsuche/jobdetail/12790-j109S16122-44234-S,12790-j109S16122-44234-S
https://www.arbeitsagentur.de/jobsuche/jobdetail/16185-RZ8I8NJO0M0TYDM5-S,16185-RZ8I8NJO0M0TYDM5-S
https://www.arbeitsagentur.de/jobsuche/jobdetail/16185-TC2N3PQ6DURGV7WU-S,16185-TC2N3PQ6DURGV7WU-S
https://www.arbeitsagentur.de/jobsuche/jobdetail/11864-EA59BBP1Y2BGDBGG-S,11864-EA59BBP1Y2BGDBGG-S
https://www.arbeitsagentur.de/jobsuche/jobdetail/10000-1206434629-S,10000-1206434629-S
https://www.arbeitsagentur.de/jobsuche/jobdetail/14751-437A325-S,14751-437A325-S
https://www.arbeitsagentur.de/jobsuche/jobdetail/18024-100aR0001MQ0X-S,18024-100aR0001MQ0X-S
https://www.arbeitsagentur.de/jobsuche/jobdetail/11949-17216470-S,11949-17216470-S
https://www.arbeitsagentur.de/jobsuche/jobdetail/10000-1206449341-S,10000-1206449341-S
https://www.arbeitsagentur.de/jobsuche/jobdetail/12811-2248836-S,12811-2248836-S
https://www.arbeitsagentur.de/jobsuche/jobdetail/10001-1003037765-S,10001-1003037765-S
https://www.arbeitsagentur.de/jobsuche/jobdetail/17015-3GS7TM5GCjgwov-S,17015-3GS7TM5GCjgwov-S
https://www.arbeitsagentur.de/jobsuche/jobdetail/13356-106525A47764C8-S,13356-106525A47764C8-S
https://www.arbeitsagentur.de/jobsuche/jobdetail/12147-20260507219351-S,12147-20260507219351-S
https://www.arbeitsagentur.de/jobsuche/jobdetail/12739-IDU9YT20BPQLP0FW-S,12739-IDU9YT20BPQLP0FW-S
https://www.arbeitsagentur.de/jobsuche/jobdetail/10001-1003037063-S,10001-1003037063-S
https://www.arbeitsagentur.de/jobsuche/jobdetail/11081-Y4URGWI9EMI6P5YA-S,11081-Y4URGWI9EMI6P5YA-S
https://www.arbeitsagentur.de/jobsuche/jobdetail/14751-373A95775-S,14751-373A95775-S
https://www.arbeitsagentur.de/jobsuche/jobdetail/16317-XR4TC6WBXH52Y2BL-S,16317-XR4TC6WBXH52Y2BL-S
https://www.arbeitsagentur.de/jobsuche/jobdetail/17565-281A427-S,17565-281A427-S
https://www.arbeitsagentur.de/jobsuche/jobdetail/16963-REF387D-5205097248-S,16963-REF387D-5205097248-S
https://www.arbeitsagentur.de/jobsuche/jobdetail/11949-17215818-S,11949-17215818-S
https://www.arbeitsagentur.de/jobsuche/jobdetail/11949-17215838-S,11949-17215838-S
https://www.arbeitsagentur.de/jobsuche/jobdetail/10000-1206450398-S,10000-1206450398-S
https://www.arbeitsagentur.de/jobsuche/jobdetail/10001-1003042906-S,10001-1003042906-S
https://www.arbeitsagentur.de/jobsuche/jobdetail/10001-1003038973-S,10001-1003038973-S
https://www.arbeitsagentur.de/jobsuche/jobdetail/13208-11887-1771054-0-S,13208-11887-1771054-0-S
https://www.arbeitsagentur.de/jobsuche/jobdetail/10001-1003037215-S,10001-1003037215-S
https://www.arbeitsagentur.de/jobsuche/jobdetail/11949-17216411-S,11949-17216411-S
https://www.arbeitsagentur.de/jobsuche/jobdetail/10000-1206435670-S,10000-1206435670-S
https://www.arbeitsagentur.de/jobsuche/jobdetail/13270-2026-00003561-1-S,13270-2026-00003561-1-S
https://www.arbeitsagentur.de/jobsuche/jobdetail/12739-Q0WOJE4568W1L27A-S,12739-Q0WOJE4568W1L27A-S
https://www.arbeitsagentur.de/jobsuche/jobdetail/13356-101813A47881C7-S,13356-101813A47881C7-S
https://www.arbeitsagentur.de/jobsuche/jobdetail/18024-100PC0009fQ1k-S,18024-100PC0009fQ1k-S
https://www.arbeitsagentur.de/jobsuche/jobdetail/10001-1003035800-S,10001-1003035800-S
https://www.arbeitsagentur.de/jobsuche/jobdetail/10001-1003041022-S,10001-1003041022-S
https://www.arbeitsagentur.de/jobsuche/jobdetail/10000-1206444111-S,10000-1206444111-S
https://www.arbeitsagentur.de/jobsuche/jobdetail/11949-17215563-S,11949-17215563-S
https://www.arbeitsagentur.de/jobsuche/jobdetail/10001-1003037945-S,10001-1003037945-S
https://www.arbeitsagentur.de/jobsuche/jobdetail/18728-944332569-S,18728-944332569-S
https://www.arbeitsagentur.de/jobsuche/jobdetail/13356-104230A47258C11-S,13356-104230A47258C11-S
https://www.arbeitsagentur.de/jobsuche/jobdetail/10000-1206437546-S,10000-1206437546-S
https://www.arbeitsagentur.de/jobsuche/jobdetail/12659-52b367e04f1f47d-S,12659-52b367e04f1f47d-S
https://www.arbeitsagentur.de/jobsuche/jobdetail/17803-260507173008-ER1404-S,17803-260507173008-ER1404-S
https://www.arbeitsagentur.de/jobsuche/jobdetail/10000-1206442206-S,10000-1206442206-S
https://www.arbeitsagentur.de/jobsuche/jobdetail/11119-4804138077-S,11119-4804138077-S
https://www.arbeitsagentur.de/jobsuche/jobdetail/12811-2249246-S,12811-2249246-S
https://www.arbeitsagentur.de/jobsuche/jobdetail/11119-4804122829-S,11119-4804122829-S
https://www.arbeitsagentur.de/jobsuche/jobdetail/10001-1003040850-S,10001-1003040850-S
https://www.arbeitsagentur.de/jobsuche/jobdetail/10000-1206443741-S,10000-1206443741-S
https://www.arbeitsagentur.de/jobsuche/jobdetail/12826-SA0137599_JB5141026-S,12826-SA0137599_JB5141026-S
https://www.arbeitsagentur.de/jobsuche/jobdetail/14792-M4B3EQQTZ5YS9ZBJ-S,14792-M4B3EQQTZ5YS9ZBJ-S
https://www.arbeitsagentur.de/jobsuche/jobdetail/19172-3C9XYYSBYVH2E75U-S,19172-3C9XYYSBYVH2E75U-S
https://www.arbeitsagentur.de/jobsuche/jobdetail/17803-260507172806-PF1419-S,17803-260507172806-PF1419-S
https://www.arbeitsagentur.de/jobsuche/jobdetail/11852-944077488-S,11852-944077488-S
https://www.arbeitsagentur.de/jobsuche/jobdetail/18663-0064595793-S,18663-0064595793-S
https://www.arbeitsagentur.de/jobsuche/jobdetail/11949-17216111-S,11949-17216111-S
https://www.arbeitsagentur.de/jobsuche/jobdetail/10001-1003035535-S,10001-1003035535-S
https://www.arbeitsagentur.de/jobsuche/jobdetail/10000-1206440654-S,10000-1206440654-S
https://www.arbeitsagentur.de/jobsuche/jobdetail/14751-401A374-S,14751-401A374-S
https://www.arbeitsagentur.de/jobsuche/jobdetail/13635-b36080b3_JB5140095-S,13635-b36080b3_JB5140095-S
https://www.arbeitsagentur.de/jobsuche/jobdetail/10001-1003041684-S,10001-1003041684-S
https://www.arbeitsagentur.de/jobsuche/jobdetail/10000-1206450285-S,10000-1206450285-S
https://www.arbeitsagentur.de/jobsuche/jobdetail/10001-1003036266-S,10001-1003036266-S
https://www.arbeitsagentur.de/jobsuche/jobdetail/18024-100PJ0002qu1o-S,18024-100PJ0002qu1o-S
https://www.arbeitsagentur.de/jobsuche/jobdetail/14795-67145_118941-S,14795-67145_118941-S
https://www.arbeitsagentur.de/jobsuche/jobdetail/20730-2248796-S,20730-2248796-S
https://www.arbeitsagentur.de/jobsuche/jobdetail/10001-1003042935-S,10001-1003042935-S
https://www.arbeitsagentur.de/jobsuche/jobdetail/10001-1003038749-S,10001-1003038749-S
https://www.arbeitsagentur.de/jobsuche/jobdetail/10000-1206434806-S,10000-1206434806-S
https://www.arbeitsagentur.de/jobsuche/jobdetail/14225-61a6b2776a0c00f3-S,14225-61a6b2776a0c00f3-S
https://www.arbeitsagentur.de/jobsuche/jobdetail/13334-00005f61efe001-S,13334-00005f61efe001-S
https://www.arbeitsagentur.de/jobsuche/jobdetail/12811-2249175-S,12811-2249175-S
https://www.arbeitsagentur.de/jobsuche/jobdetail/11949-17215900-S,11949-17215900-S
https://www.arbeitsagentur.de/jobsuche/jobdetail/12122-209190-1771010-0-S,12122-209190-1771010-0-S
https://www.arbeitsagentur.de/jobsuche/jobdetail/14751-70A21984-S,14751-70A21984-S
https://www.arbeitsagentur.de/jobsuche/jobdetail/14751-424A195-S,14751-424A195-S
https://www.arbeitsagentur.de/jobsuche/jobdetail/10001-1003040377-S,10001-1003040377-S
https://www.arbeitsagentur.de/jobsuche/jobdetail/11119-4803888081-S,11119-4803888081-S
https://www.arbeitsagentur.de/jobsuche/jobdetail/14795-67131_118862-S,14795-67131_118862-S
https://www.arbeitsagentur.de/jobsuche/jobdetail/12086-2ZJ4HIA5I9K55RVP-S,12086-2ZJ4HIA5I9K55RVP-S
https://www.arbeitsagentur.de/jobsuche/jobdetail/13635-1961ca1d_JB5140689-S,13635-1961ca1d_JB5140689-S
https://www.arbeitsagentur.de/jobsuche/jobdetail/11119-4804140799-S,11119-4804140799-S
https://www.arbeitsagentur.de/jobsuche/jobdetail/12608-1401648-58836-1-S,12608-1401648-58836-1-S
https://www.arbeitsagentur.de/jobsuche/jobdetail/10001-1003038488-S,10001-1003038488-S
https://www.arbeitsagentur.de/jobsuche/jobdetail/10001-1003043318-S,10001-1003043318-S
https://www.arbeitsagentur.de/jobsuche/jobdetail/10000-1206437262-S,10000-1206437262-S
https://www.arbeitsagentur.de/jobsuche/jobdetail/12787-258286070526-S,12787-258286070526-S
https://www.arbeitsagentur.de/jobsuche/jobdetail/10000-1206444612-S,10000-1206444612-S
https://www.arbeitsagentur.de/jobsuche/jobdetail/14722-GJIGH1IYPTXW9FU4-S,14722-GJIGH1IYPTXW9FU4-S
https://www.arbeitsagentur.de/jobsuche/jobdetail/12362-TR-286081_609565LS-S,12362-TR-286081_609565LS-S
https://www.arbeitsagentur.de/jobsuche/jobdetail/12811-2249325-S,12811-2249325-S
https://www.arbeitsagentur.de/jobsuche/jobdetail/12288-4803130672-S,12288-4803130672-S
https://www.arbeitsagentur.de/jobsuche/jobdetail/10001-1003038175-S,10001-1003038175-S
https://www.arbeitsagentur.de/jobsuche/jobdetail/11949-17214519-S,11949-17214519-S
https://www.arbeitsagentur.de/jobsuche/jobdetail/18024-100PC000AGL1l-S,18024-100PC000AGL1l-S
https://www.arbeitsagentur.de/jobsuche/jobdetail/12811-2249282-S,12811-2249282-S
https://www.arbeitsagentur.de/jobsuche/jobdetail/13635-6be15596_JB5140944-S,13635-6be15596_JB5140944-S
https://www.arbeitsagentur.de/jobsuche/jobdetail/10000-1206438811-S,10000-1206438811-S
https://www.arbeitsagentur.de/jobsuche/jobdetail/10000-1206430694-S,10000-1206430694-S
https://www.arbeitsagentur.de/jobsuche/jobdetail/11119-4791094800-S,11119-4791094800-S
https://www.arbeitsagentur.de/jobsuche/jobdetail/13243-RZE16303188-JB-S,13243-RZE16303188-JB-S
https://www.arbeitsagentur.de/jobsuche/jobdetail/11949-17216540-S,11949-17216540-S
https://www.arbeitsagentur.de/jobsuche/jobdetail/13916-44160856-56-S,13916-44160856-56-S
https://www.arbeitsagentur.de/jobsuche/jobdetail/10001-1003034287-S,10001-1003034287-S
https://www.arbeitsagentur.de/jobsuche/jobdetail/12618-173735-S,12618-173735-S
https://www.arbeitsagentur.de/jobsuche/jobdetail/17296-0007287%253A01-S,17296-0007287%253A01-S
https://www.arbeitsagentur.de/jobsuche/jobdetail/10000-1206440077-S,10000-1206440077-S
https://www.arbeitsagentur.de/jobsuche/jobdetail/13635-f29f5f6f_JB5141107-S,13635-f29f5f6f_JB5141107-S
https://www.arbeitsagentur.de/jobsuche/jobdetail/10001-1003043169-S,10001-1003043169-S
https://www.arbeitsagentur.de/jobsuche/jobdetail/16291-899c2a44e7d147a-S,16291-899c2a44e7d147a-S
https://www.arbeitsagentur.de/jobsuche/jobdetail/13652-JOB-838266-S,13652-JOB-838266-S
https://www.arbeitsagentur.de/jobsuche/jobdetail/13812-BB-388442-7878-2298-S,13812-BB-388442-7878-2298-S
https://www.arbeitsagentur.de/jobsuche/jobdetail/10000-1206441419-S,10000-1206441419-S
https://www.arbeitsagentur.de/jobsuche/jobdetail/11949-17215316-S,11949-17215316-S
https://www.arbeitsagentur.de/jobsuche/jobdetail/13669-ZK5YCD0BJ1MV0I04-S,13669-ZK5YCD0BJ1MV0I04-S
https://www.arbeitsagentur.de/jobsuche/jobdetail/12811-2248956-S,12811-2248956-S
https://www.arbeitsagentur.de/jobsuche/jobdetail/11949-17216335-S,11949-17216335-S
https://www.arbeitsagentur.de/jobsuche/jobdetail/10001-1003038233-S,10001-1003038233-S
https://www.arbeitsagentur.de/jobsuche/jobdetail/10001-1003038568-S,10001-1003038568-S
https://www.arbeitsagentur.de/jobsuche/jobdetail/14751-70A22021-S,14751-70A22021-S
https://www.arbeitsagentur.de/jobsuche/jobdetail/12585-k10565.16209-S,12585-k10565.16209-S
https://www.arbeitsagentur.de/jobsuche/jobdetail/10001-1003039473-S,10001-1003039473-S
https://www.arbeitsagentur.de/jobsuche/jobdetail/17986-000a2104d5a001-S,17986-000a2104d5a001-S
https://www.arbeitsagentur.de/jobsuche/jobdetail/10001-1003038053-S,10001-1003038053-S
https://www.arbeitsagentur.de/jobsuche/jobdetail/10001-1003043017-S,10001-1003043017-S
https://www.arbeitsagentur.de/jobsuche/jobdetail/11949-17214962-S,11949-17214962-S
https://www.arbeitsagentur.de/jobsuche/jobdetail/11949-17215243-S,11949-17215243-S
https://www.arbeitsagentur.de/jobsuche/jobdetail/11119-4803888078-S,11119-4803888078-S
https://www.arbeitsagentur.de/jobsuche/jobdetail/11864-MWFGWXOOS5N0WF50-S,11864-MWFGWXOOS5N0WF50-S
https://www.arbeitsagentur.de/jobsuche/jobdetail/10001-1003041060-S,10001-1003041060-S
https://www.arbeitsagentur.de/jobsuche/jobdetail/12147-20260506219321-S,12147-20260506219321-S
https://www.arbeitsagentur.de/jobsuche/jobdetail/14751-206A13714-S,14751-206A13714-S
https://www.arbeitsagentur.de/jobsuche/jobdetail/11119-4804172009-S,11119-4804172009-S
https://www.arbeitsagentur.de/jobsuche/jobdetail/11949-17214831-S,11949-17214831-S
https://www.arbeitsagentur.de/jobsuche/jobdetail/13359-j105S19522-49772-S,13359-j105S19522-49772-S
https://www.arbeitsagentur.de/jobsuche/jobdetail/13356-102628A26125C68-S,13356-102628A26125C68-S
https://www.arbeitsagentur.de/jobsuche/jobdetail/13356-105555A48278C5-S,13356-105555A48278C5-S
https://www.arbeitsagentur.de/jobsuche/jobdetail/18024-100aR0001BL3I-S,18024-100aR0001BL3I-S
https://www.arbeitsagentur.de/jobsuche/jobdetail/11949-17215803-S,11949-17215803-S
https://www.arbeitsagentur.de/jobsuche/jobdetail/12288-4803140524-S,12288-4803140524-S
https://www.arbeitsagentur.de/jobsuche/jobdetail/12811-2248669-S,12811-2248669-S
https://www.arbeitsagentur.de/jobsuche/jobdetail/11949-17214807-S,11949-17214807-S
https://www.arbeitsagentur.de/jobsuche/jobdetail/14751-373A97240-S,14751-373A97240-S
https://www.arbeitsagentur.de/jobsuche/jobdetail/12739-UZQ8OLHTSKN4NJ1T-S,12739-UZQ8OLHTSKN4NJ1T-S
https://www.arbeitsagentur.de/jobsuche/jobdetail/14011-44160458-56-S,14011-44160458-56-S
https://www.arbeitsagentur.de/jobsuche/jobdetail/10000-1206434827-S,10000-1206434827-S
https://www.arbeitsagentur.de/jobsuche/jobdetail/12288-4803146045-S,12288-4803146045-S
https://www.arbeitsagentur.de/jobsuche/jobdetail/11119-4802993044-S,11119-4802993044-S
https://www.arbeitsagentur.de/jobsuche/jobdetail/16314-5VPIRAN8Y0EVC6LM-S,16314-5VPIRAN8Y0EVC6LM-S
https://www.arbeitsagentur.de/jobsuche/jobdetail/10001-1003034758-S,10001-1003034758-S
https://www.arbeitsagentur.de/jobsuche/jobdetail/10000-1206450457-S,10000-1206450457-S
https://www.arbeitsagentur.de/jobsuche/jobdetail/10001-1003042575-S,10001-1003042575-S
https://www.arbeitsagentur.de/jobsuche/jobdetail/11949-17213777-S,11949-17213777-S
https://www.arbeitsagentur.de/jobsuche/jobdetail/10001-1003037553-S,10001-1003037553-S
https://www.arbeitsagentur.de/jobsuche/jobdetail/11949-17215408-S,11949-17215408-S
https://www.arbeitsagentur.de/jobsuche/jobdetail/10001-1003038074-S,10001-1003038074-S
https://www.arbeitsagentur.de/jobsuche/jobdetail/13356-109541A45726C18-S,13356-109541A45726C18-S
https://www.arbeitsagentur.de/jobsuche/jobdetail/14096-85bf6579f1f74d6-S,14096-85bf6579f1f74d6-S
https://www.arbeitsagentur.de/jobsuche/jobdetail/10001-1003041551-S,10001-1003041551-S
https://www.arbeitsagentur.de/jobsuche/jobdetail/12931-8520-1771058-0-S,12931-8520-1771058-0-S
https://www.arbeitsagentur.de/jobsuche/jobdetail/14613-lcniof3049-S,14613-lcniof3049-S
https://www.arbeitsagentur.de/jobsuche/jobdetail/15939-BB-633665-7878-7694-S,15939-BB-633665-7878-7694-S
https://www.arbeitsagentur.de/jobsuche/jobdetail/16963-REF327K-4042498248-S,16963-REF327K-4042498248-S
https://www.arbeitsagentur.de/jobsuche/jobdetail/13334-00005f643fa001-S,13334-00005f643fa001-S
https://www.arbeitsagentur.de/jobsuche/jobdetail/11949-17215579-S,11949-17215579-S
https://www.arbeitsagentur.de/jobsuche/jobdetail/11119-4791237390-S,11119-4791237390-S
https://www.arbeitsagentur.de/jobsuche/jobdetail/10000-1206447015-S,10000-1206447015-S
https://www.arbeitsagentur.de/jobsuche/jobdetail/10001-1003038466-S,10001-1003038466-S
https://www.arbeitsagentur.de/jobsuche/jobdetail/17803-260507172806-PF1425-S,17803-260507172806-PF1425-S
https://www.arbeitsagentur.de/jobsuche/jobdetail/10001-1003040571-S,10001-1003040571-S
https://www.arbeitsagentur.de/jobsuche/jobdetail/11081-9UGR9QWWTWORE7QG-S,11081-9UGR9QWWTWORE7QG-S
https://www.arbeitsagentur.de/jobsuche/jobdetail/11937-33044_58693-1-S,11937-33044_58693-1-S
https://www.arbeitsagentur.de/jobsuche/jobdetail/12811-2249195-S,12811-2249195-S
https://www.arbeitsagentur.de/jobsuche/jobdetail/12086-JSI983MH3P0KTB8G-S,12086-JSI983MH3P0KTB8G-S
https://www.arbeitsagentur.de/jobsuche/jobdetail/17902-k59932.5684-S,17902-k59932.5684-S
https://www.arbeitsagentur.de/jobsuche/jobdetail/10000-1206438596-S,10000-1206438596-S
https://www.arbeitsagentur.de/jobsuche/jobdetail/10000-1206431834-S,10000-1206431834-S
https://www.arbeitsagentur.de/jobsuche/jobdetail/10001-1003035694-S,10001-1003035694-S
https://www.arbeitsagentur.de/jobsuche/jobdetail/10001-1003040104-S,10001-1003040104-S
https://www.arbeitsagentur.de/jobsuche/jobdetail/10001-1003040202-S,10001-1003040202-S
https://www.arbeitsagentur.de/jobsuche/jobdetail/13635-0c90bcec_JB5140814-S,13635-0c90bcec_JB5140814-S
https://www.arbeitsagentur.de/jobsuche/jobdetail/12086-N166PGCN88T248HT-S,12086-N166PGCN88T248HT-S
https://www.arbeitsagentur.de/jobsuche/jobdetail/14751-70A22030-S,14751-70A22030-S
https://www.arbeitsagentur.de/jobsuche/jobdetail/10001-1003039872-S,10001-1003039872-S
https://www.arbeitsagentur.de/jobsuche/jobdetail/11112-3424-1771049-0-S,11112-3424-1771049-0-S
https://www.arbeitsagentur.de/jobsuche/jobdetail/13635-8613103c_JB5140467-S,13635-8613103c_JB5140467-S
https://www.arbeitsagentur.de/jobsuche/jobdetail/13356-101571A43236C24-S,13356-101571A43236C24-S
https://www.arbeitsagentur.de/jobsuche/jobdetail/10000-1206447518-S,10000-1206447518-S
https://www.arbeitsagentur.de/jobsuche/jobdetail/10000-1206435150-S,10000-1206435150-S
https://www.arbeitsagentur.de/jobsuche/jobdetail/14792-726CNHWH8R0U7DNJ-S,14792-726CNHWH8R0U7DNJ-S
https://www.arbeitsagentur.de/jobsuche/jobdetail/10001-1003042579-S,10001-1003042579-S
https://www.arbeitsagentur.de/jobsuche/jobdetail/11949-17213431-S,11949-17213431-S
https://www.arbeitsagentur.de/jobsuche/jobdetail/10001-1003039968-S,10001-1003039968-S
https://www.arbeitsagentur.de/jobsuche/jobdetail/11119-4803888077-S,11119-4803888077-S
https://www.arbeitsagentur.de/jobsuche/jobdetail/10001-1003037698-S,10001-1003037698-S
https://www.arbeitsagentur.de/jobsuche/jobdetail/11949-17213935-S,11949-17213935-S
https://www.arbeitsagentur.de/jobsuche/jobdetail/11119-4792474212-S,11119-4792474212-S
https://www.arbeitsagentur.de/jobsuche/jobdetail/11119-4804166965-S,11119-4804166965-S
https://www.arbeitsagentur.de/jobsuche/jobdetail/11119-4803888076-S,11119-4803888076-S
https://www.arbeitsagentur.de/jobsuche/jobdetail/12288-4803152427-S,12288-4803152427-S
https://www.arbeitsagentur.de/jobsuche/jobdetail/15277-RAYJMC5QWsvtej-S,15277-RAYJMC5QWsvtej-S
https://www.arbeitsagentur.de/jobsuche/jobdetail/15643-01-NEF49h-S,15643-01-NEF49h-S
https://www.arbeitsagentur.de/jobsuche/jobdetail/10000-1206443642-S,10000-1206443642-S
https://www.arbeitsagentur.de/jobsuche/jobdetail/14795-66429_118830-S,14795-66429_118830-S
https://www.arbeitsagentur.de/jobsuche/jobdetail/17803-260507172937-OA1401-S,17803-260507172937-OA1401-S
https://www.arbeitsagentur.de/jobsuche/jobdetail/14377-PC0MLY6S1J8UIICX-S,14377-PC0MLY6S1J8UIICX-S
https://www.arbeitsagentur.de/jobsuche/jobdetail/13465-00021a6491e001-S,13465-00021a6491e001-S
https://www.arbeitsagentur.de/jobsuche/jobdetail/17803-QXQ3BK8T48USMCTL-S,17803-QXQ3BK8T48USMCTL-S
https://www.arbeitsagentur.de/jobsuche/jobdetail/14722-SWBCVSWTVF2SUL74-S,14722-SWBCVSWTVF2SUL74-S
https://www.arbeitsagentur.de/jobsuche/jobdetail/10001-1003041193-S,10001-1003041193-S
https://www.arbeitsagentur.de/jobsuche/jobdetail/10000-1206450380-S,10000-1206450380-S
https://www.arbeitsagentur.de/jobsuche/jobdetail/12828-27DCDZU1P8XLB4IS-S,12828-27DCDZU1P8XLB4IS-S
https://www.arbeitsagentur.de/jobsuche/jobdetail/18024-100PJ000Tz71p-S,18024-100PJ000Tz71p-S
https://www.arbeitsagentur.de/jobsuche/jobdetail/14080-JOB-779967-S,14080-JOB-779967-S
https://www.arbeitsagentur.de/jobsuche/jobdetail/13635-f476c381_JB5140736-S,13635-f476c381_JB5140736-S
https://www.arbeitsagentur.de/jobsuche/jobdetail/11949-17215288-S,11949-17215288-S
https://www.arbeitsagentur.de/jobsuche/jobdetail/11864-AC080QA3TFMS5ANE-S,11864-AC080QA3TFMS5ANE-S
https://www.arbeitsagentur.de/jobsuche/jobdetail/11949-17216755-S,11949-17216755-S
https://www.arbeitsagentur.de/jobsuche/jobdetail/12086-PEQCU4ZS5PHPSNAD-S,12086-PEQCU4ZS5PHPSNAD-S
https://www.arbeitsagentur.de/jobsuche/jobdetail/17803-260507173044-AF1416-S,17803-260507173044-AF1416-S
https://www.arbeitsagentur.de/jobsuche/jobdetail/13635-5ac174bc_JB5140113-S,13635-5ac174bc_JB5140113-S
https://www.arbeitsagentur.de/jobsuche/jobdetail/14076-BB-12135-7878-65043-S,14076-BB-12135-7878-65043-S
https://www.arbeitsagentur.de/jobsuche/jobdetail/10001-1003037574-S,10001-1003037574-S
https://www.arbeitsagentur.de/jobsuche/jobdetail/10001-1003038810-S,10001-1003038810-S
https://www.arbeitsagentur.de/jobsuche/jobdetail/13356-20705A39553C33-S,13356-20705A39553C33-S
https://www.arbeitsagentur.de/jobsuche/jobdetail/14087-WF0MKW65L2W0WRG5-S,14087-WF0MKW65L2W0WRG5-S
https://www.arbeitsagentur.de/jobsuche/jobdetail/14471-PQ8ANW5XTS4AIYKC-S,14471-PQ8ANW5XTS4AIYKC-S
https://www.arbeitsagentur.de/jobsuche/jobdetail/18024-100PJ000SvM0S-S,18024-100PJ000SvM0S-S
https://www.arbeitsagentur.de/jobsuche/jobdetail/12288-4803090302-S,12288-4803090302-S
https://www.arbeitsagentur.de/jobsuche/jobdetail/14722-4O14GY7T65FLXM0U-S,14722-4O14GY7T65FLXM0U-S
https://www.arbeitsagentur.de/jobsuche/jobdetail/11081-CC1ER3EUI605956X-S,11081-CC1ER3EUI605956X-S
https://www.arbeitsagentur.de/jobsuche/jobdetail/15632-k51545.1713-S,15632-k51545.1713-S
https://www.arbeitsagentur.de/jobsuche/jobdetail/10001-1003038312-S,10001-1003038312-S
https://www.arbeitsagentur.de/jobsuche/jobdetail/17611-k59514.1804-S,17611-k59514.1804-S
https://www.arbeitsagentur.de/jobsuche/jobdetail/20487-k62430.1041-S,20487-k62430.1041-S
https://www.arbeitsagentur.de/jobsuche/jobdetail/11112-3435-1770826-0-S,11112-3435-1770826-0-S
https://www.arbeitsagentur.de/jobsuche/jobdetail/13635-00511454_JB5140327-S,13635-00511454_JB5140327-S
https://www.arbeitsagentur.de/jobsuche/jobdetail/10001-1003040384-S,10001-1003040384-S
https://www.arbeitsagentur.de/jobsuche/jobdetail/14795-67142_118883-S,14795-67142_118883-S
https://www.arbeitsagentur.de/jobsuche/jobdetail/10001-1003039114-S,10001-1003039114-S
https://www.arbeitsagentur.de/jobsuche/jobdetail/13635-8d7f46cf_JB5141074-S,13635-8d7f46cf_JB5141074-S
https://www.arbeitsagentur.de/jobsuche/jobdetail/10001-1003039054-S,10001-1003039054-S
https://www.arbeitsagentur.de/jobsuche/jobdetail/10001-1003038307-S,10001-1003038307-S
https://www.arbeitsagentur.de/jobsuche/jobdetail/13270-2026-00000869-2-S,13270-2026-00000869-2-S
https://www.arbeitsagentur.de/jobsuche/jobdetail/20242-4804155952-S,20242-4804155952-S
https://www.arbeitsagentur.de/jobsuche/jobdetail/12288-4803080356-S,12288-4803080356-S
https://www.arbeitsagentur.de/jobsuche/jobdetail/14751-62A117718-S,14751-62A117718-S
https://www.arbeitsagentur.de/jobsuche/jobdetail/14751-437A369-S,14751-437A369-S
https://www.arbeitsagentur.de/jobsuche/jobdetail/17560-bb17ccb19a4b4e9-S,17560-bb17ccb19a4b4e9-S
https://www.arbeitsagentur.de/jobsuche/jobdetail/13270-2026-00003597-2-S,13270-2026-00003597-2-S
https://www.arbeitsagentur.de/jobsuche/jobdetail/10000-1206450052-S,10000-1206450052-S
https://www.arbeitsagentur.de/jobsuche/jobdetail/10001-1003039055-S,10001-1003039055-S
https://www.arbeitsagentur.de/jobsuche/jobdetail/10001-1003038334-S,10001-1003038334-S
https://www.arbeitsagentur.de/jobsuche/jobdetail/12811-2248475-S,12811-2248475-S
https://www.arbeitsagentur.de/jobsuche/jobdetail/10001-1003038212-S,10001-1003038212-S
https://www.arbeitsagentur.de/jobsuche/jobdetail/11949-17215217-S,11949-17215217-S
https://www.arbeitsagentur.de/jobsuche/jobdetail/10001-1003043113-S,10001-1003043113-S
https://www.arbeitsagentur.de/jobsuche/jobdetail/10001-1003037552-S,10001-1003037552-S
https://www.arbeitsagentur.de/jobsuche/jobdetail/10001-1003039570-S,10001-1003039570-S
https://www.arbeitsagentur.de/jobsuche/jobdetail/12811-2249071-S,12811-2249071-S
https://www.arbeitsagentur.de/jobsuche/jobdetail/17803-260507172806-PF1412-S,17803-260507172806-PF1412-S
https://www.arbeitsagentur.de/jobsuche/jobdetail/10000-1206438401-S,10000-1206438401-S
https://www.arbeitsagentur.de/jobsuche/jobdetail/17946-0064603588-S,17946-0064603588-S
https://www.arbeitsagentur.de/jobsuche/jobdetail/12811-2249214-S,12811-2249214-S
https://www.arbeitsagentur.de/jobsuche/jobdetail/13356-108519A45712C17-S,13356-108519A45712C17-S
https://www.arbeitsagentur.de/jobsuche/jobdetail/11949-17216215-S,11949-17216215-S
https://www.arbeitsagentur.de/jobsuche/jobdetail/11081-47XHI88UHXBD2US1-S,11081-47XHI88UHXBD2US1-S
https://www.arbeitsagentur.de/jobsuche/jobdetail/10000-1206427077-S,10000-1206427077-S
https://www.arbeitsagentur.de/jobsuche/jobdetail/12826-SA0137556_JB5140746-S,12826-SA0137556_JB5140746-S
https://www.arbeitsagentur.de/jobsuche/jobdetail/11119-4804147848-S,11119-4804147848-S
https://www.arbeitsagentur.de/jobsuche/jobdetail/14722-UM4J0WKB0H9JVYVH-S,14722-UM4J0WKB0H9JVYVH-S
https://www.arbeitsagentur.de/jobsuche/jobdetail/18248-HKUMOVYT7PNCS0D9-S,18248-HKUMOVYT7PNCS0D9-S
https://www.arbeitsagentur.de/jobsuche/jobdetail/13280-F2FGKABIYFGOGFKJ-S,13280-F2FGKABIYFGOGFKJ-S
https://www.arbeitsagentur.de/jobsuche/jobdetail/13280-NT9ULP43N7UO5P8K-S,13280-NT9ULP43N7UO5P8K-S
https://www.arbeitsagentur.de/jobsuche/jobdetail/11119-4804121096-S,11119-4804121096-S
https://www.arbeitsagentur.de/jobsuche/jobdetail/10001-1003040878-S,10001-1003040878-S
https://www.arbeitsagentur.de/jobsuche/jobdetail/11081-QMOM8V0N4KCKN9H8-S,11081-QMOM8V0N4KCKN9H8-S
https://www.arbeitsagentur.de/jobsuche/jobdetail/11119-4804194619-S,11119-4804194619-S
https://www.arbeitsagentur.de/jobsuche/jobdetail/10000-1206444803-S,10000-1206444803-S
https://www.arbeitsagentur.de/jobsuche/jobdetail/13398-k12330.30212-S,13398-k12330.30212-S
https://www.arbeitsagentur.de/jobsuche/jobdetail/12086-X2RDFQAPG3E5CS0S-S,12086-X2RDFQAPG3E5CS0S-S
https://www.arbeitsagentur.de/jobsuche/jobdetail/11081-PMB0DPS8R64PVCN9-S,11081-PMB0DPS8R64PVCN9-S
https://www.arbeitsagentur.de/jobsuche/jobdetail/13635-57dfd4e8_JB5140554-S,13635-57dfd4e8_JB5140554-S
https://www.arbeitsagentur.de/jobsuche/jobdetail/11081-1MV4DL1ZB6KNHV5T-S,11081-1MV4DL1ZB6KNHV5T-S
https://www.arbeitsagentur.de/jobsuche/jobdetail/12288-4803100731-S,12288-4803100731-S
https://www.arbeitsagentur.de/jobsuche/jobdetail/12811-2248461-S,12811-2248461-S
https://www.arbeitsagentur.de/jobsuche/jobdetail/11949-17214345-S,11949-17214345-S
https://www.arbeitsagentur.de/jobsuche/jobdetail/16423-2YKJGDQD09RYD35L-S,16423-2YKJGDQD09RYD35L-S
https://www.arbeitsagentur.de/jobsuche/jobdetail/10000-1206450449-S,10000-1206450449-S
https://www.arbeitsagentur.de/jobsuche/jobdetail/12913-b32fb843130d8400-S,12913-b32fb843130d8400-S
https://www.arbeitsagentur.de/jobsuche/jobdetail/14087-VK6LG28NTAGUFES4-S,14087-VK6LG28NTAGUFES4-S
https://www.arbeitsagentur.de/jobsuche/jobdetail/12456-1571564-1-S,12456-1571564-1-S
https://www.arbeitsagentur.de/jobsuche/jobdetail/13006-66372_61274-1-S,13006-66372_61274-1-S
https://www.arbeitsagentur.de/jobsuche/jobdetail/13356-106525A48207C6-S,13356-106525A48207C6-S
https://www.arbeitsagentur.de/jobsuche/jobdetail/13635-89014055_JB5140710-S,13635-89014055_JB5140710-S
https://www.arbeitsagentur.de/jobsuche/jobdetail/10001-1003034826-S,10001-1003034826-S
https://www.arbeitsagentur.de/jobsuche/jobdetail/12811-2249028-S,12811-2249028-S
https://www.arbeitsagentur.de/jobsuche/jobdetail/14751-417A10930-S,14751-417A10930-S
https://www.arbeitsagentur.de/jobsuche/jobdetail/12122-209129-1770849-0-S,12122-209129-1770849-0-S
https://www.arbeitsagentur.de/jobsuche/jobdetail/12122-209256-1771109-0-S,12122-209256-1771109-0-S
https://www.arbeitsagentur.de/jobsuche/jobdetail/13517-0000301ad6d001-S,13517-0000301ad6d001-S
https://www.arbeitsagentur.de/jobsuche/jobdetail/13312-5d22dcd4_JB5140213-S,13312-5d22dcd4_JB5140213-S
https://www.arbeitsagentur.de/jobsuche/jobdetail/11119-4804194421-S,11119-4804194421-S
https://www.arbeitsagentur.de/jobsuche/jobdetail/13251-sk5w68j05r-S,13251-sk5w68j05r-S
https://www.arbeitsagentur.de/jobsuche/jobdetail/12618-173732-S,12618-173732-S
https://www.arbeitsagentur.de/jobsuche/jobdetail/20242-4804155345-S,20242-4804155345-S
https://www.arbeitsagentur.de/jobsuche/jobdetail/12209-13743226-S,12209-13743226-S
https://www.arbeitsagentur.de/jobsuche/jobdetail/10001-1003035540-S,10001-1003035540-S
https://www.arbeitsagentur.de/jobsuche/jobdetail/12811-2248559-S,12811-2248559-S
https://www.arbeitsagentur.de/jobsuche/jobdetail/18024-1002X000QQH0S-S,18024-1002X000QQH0S-S
https://www.arbeitsagentur.de/jobsuche/jobdetail/12456-1571322-1-S,12456-1571322-1-S
https://www.arbeitsagentur.de/jobsuche/jobdetail/17803-260507172806-PF1422-S,17803-260507172806-PF1422-S
https://www.arbeitsagentur.de/jobsuche/jobdetail/18914-VY8DBLH2G3PEX7YB-S,18914-VY8DBLH2G3PEX7YB-S
https://www.arbeitsagentur.de/jobsuche/jobdetail/13185-506030-1771072-0-S,13185-506030-1771072-0-S
https://www.arbeitsagentur.de/jobsuche/jobdetail/11949-17215013-S,11949-17215013-S
https://www.arbeitsagentur.de/jobsuche/jobdetail/10001-1003042753-S,10001-1003042753-S
https://www.arbeitsagentur.de/jobsuche/jobdetail/12288-4803164308-S,12288-4803164308-S
https://www.arbeitsagentur.de/jobsuche/jobdetail/11949-17214930-S,11949-17214930-S
https://www.arbeitsagentur.de/jobsuche/jobdetail/18024-100PJ000Rcg1p-S,18024-100PJ000Rcg1p-S
https://www.arbeitsagentur.de/jobsuche/jobdetail/10001-1003035980-S,10001-1003035980-S
https://www.arbeitsagentur.de/jobsuche/jobdetail/12456-1571540-1-S,12456-1571540-1-S
https://www.arbeitsagentur.de/jobsuche/jobdetail/10001-1003035525-S,10001-1003035525-S
https://www.arbeitsagentur.de/jobsuche/jobdetail/10000-1206446079-S,10000-1206446079-S
https://www.arbeitsagentur.de/jobsuche/jobdetail/10001-1003040437-S,10001-1003040437-S
https://www.arbeitsagentur.de/jobsuche/jobdetail/10000-1206446234-S,10000-1206446234-S
https://www.arbeitsagentur.de/jobsuche/jobdetail/13465-00021a632bd002-S,13465-00021a632bd002-S
https://www.arbeitsagentur.de/jobsuche/jobdetail/10001-1003029973-S,10001-1003029973-S
https://www.arbeitsagentur.de/jobsuche/jobdetail/12811-2249094-S,12811-2249094-S
https://www.arbeitsagentur.de/jobsuche/jobdetail/11949-17215588-S,11949-17215588-S
https://www.arbeitsagentur.de/jobsuche/jobdetail/12704-JLJ8B3EZ5538LLU9-S,12704-JLJ8B3EZ5538LLU9-S
https://www.arbeitsagentur.de/jobsuche/jobdetail/11112-192-1770948-0-S,11112-192-1770948-0-S
https://www.arbeitsagentur.de/jobsuche/jobdetail/18024-100PJ0000Fi1o-S,18024-100PJ0000Fi1o-S
https://www.arbeitsagentur.de/jobsuche/jobdetail/10000-1206448171-S,10000-1206448171-S
https://www.arbeitsagentur.de/jobsuche/jobdetail/10000-1206450729-S,10000-1206450729-S
https://www.arbeitsagentur.de/jobsuche/jobdetail/18024-100aR0001J028-S,18024-100aR0001J028-S
https://www.arbeitsagentur.de/jobsuche/jobdetail/16547-5Z3GY31KCYOKVHBZ-S,16547-5Z3GY31KCYOKVHBZ-S
https://www.arbeitsagentur.de/jobsuche/jobdetail/17803-260507173008-ER1411-S,17803-260507173008-ER1411-S
https://www.arbeitsagentur.de/jobsuche/jobdetail/18024-100PJ000VSs0M-S,18024-100PJ000VSs0M-S
https://www.arbeitsagentur.de/jobsuche/jobdetail/12739-NU30TCT6L0G31L6L-S,12739-NU30TCT6L0G31L6L-S
https://www.arbeitsagentur.de/jobsuche/jobdetail/10001-1003039597-S,10001-1003039597-S
https://www.arbeitsagentur.de/jobsuche/jobdetail/10001-1003040442-S,10001-1003040442-S
https://www.arbeitsagentur.de/jobsuche/jobdetail/14040-X60MZ23IF8MSOD3L-S,14040-X60MZ23IF8MSOD3L-S
https://www.arbeitsagentur.de/jobsuche/jobdetail/11119-4803888080-S,11119-4803888080-S
https://www.arbeitsagentur.de/jobsuche/jobdetail/13635-b7ed8216_JB5139789-S,13635-b7ed8216_JB5139789-S
https://www.arbeitsagentur.de/jobsuche/jobdetail/11949-17216702-S,11949-17216702-S
https://www.arbeitsagentur.de/jobsuche/jobdetail/17724-NO35T21N01FY4C3E-S,17724-NO35T21N01FY4C3E-S
https://www.arbeitsagentur.de/jobsuche/jobdetail/10001-1003037373-S,10001-1003037373-S
https://www.arbeitsagentur.de/jobsuche/jobdetail/14087-C6ZQ4LLLBA7FXHGO-S,14087-C6ZQ4LLLBA7FXHGO-S
https://www.arbeitsagentur.de/jobsuche/jobdetail/11949-17215720-S,11949-17215720-S
https://www.arbeitsagentur.de/jobsuche/jobdetail/18273-0007639522-S,18273-0007639522-S
https://www.arbeitsagentur.de/jobsuche/jobdetail/20401-k61967.1026-S,20401-k61967.1026-S
https://www.arbeitsagentur.de/jobsuche/jobdetail/14927-2248m62kosx-S,14927-2248m62kosx-S
https://www.arbeitsagentur.de/jobsuche/jobdetail/12288-4803122811-S,12288-4803122811-S
https://www.arbeitsagentur.de/jobsuche/jobdetail/12759-OYW3497XEDLPXPX5-S,12759-OYW3497XEDLPXPX5-S
https://www.arbeitsagentur.de/jobsuche/jobdetail/10001-1003039268-S,10001-1003039268-S
https://www.arbeitsagentur.de/jobsuche/jobdetail/10000-1206442866-S,10000-1206442866-S
https://www.arbeitsagentur.de/jobsuche/jobdetail/11119-4803888079-S,11119-4803888079-S
https://www.arbeitsagentur.de/jobsuche/jobdetail/13218-219018_2026-S,13218-219018_2026-S
https://www.arbeitsagentur.de/jobsuche/jobdetail/13669-R5XV69JDORK10GJ8-S,13669-R5XV69JDORK10GJ8-S
https://www.arbeitsagentur.de/jobsuche/jobdetail/11119-4804224605-S,11119-4804224605-S
https://www.arbeitsagentur.de/jobsuche/jobdetail/11949-17215179-S,11949-17215179-S
https://www.arbeitsagentur.de/jobsuche/jobdetail/12461-b0dd1155c9444ab-S,12461-b0dd1155c9444ab-S
https://www.arbeitsagentur.de/jobsuche/jobdetail/11119-4804172437-S,11119-4804172437-S
https://www.arbeitsagentur.de/jobsuche/jobdetail/20242-4804158815-S,20242-4804158815-S
https://www.arbeitsagentur.de/jobsuche/jobdetail/13424-YEUFGYIZ2WH26G6X-S,13424-YEUFGYIZ2WH26G6X-S
https://www.arbeitsagentur.de/jobsuche/jobdetail/11949-17215995-S,11949-17215995-S
https://www.arbeitsagentur.de/jobsuche/jobdetail/10001-1003041200-S,10001-1003041200-S
https://www.arbeitsagentur.de/jobsuche/jobdetail/10000-1206430878-S,10000-1206430878-S
https://www.arbeitsagentur.de/jobsuche/jobdetail/13947-00009d180c2001-S,13947-00009d180c2001-S
https://www.arbeitsagentur.de/jobsuche/jobdetail/10001-1003041924-S,10001-1003041924-S
https://www.arbeitsagentur.de/jobsuche/jobdetail/13635-406b074b_JB5140740-S,13635-406b074b_JB5140740-S
https://www.arbeitsagentur.de/jobsuche/jobdetail/13465-00021a648a6001-S,13465-00021a648a6001-S
https://www.arbeitsagentur.de/jobsuche/jobdetail/11949-17216749-S,11949-17216749-S
https://www.arbeitsagentur.de/jobsuche/jobdetail/12086-XKJJU5G6UKFOXCEW-S,12086-XKJJU5G6UKFOXCEW-S
https://www.arbeitsagentur.de/jobsuche/jobdetail/14507-DKHPC9NWIY1ZQFDX-S,14507-DKHPC9NWIY1ZQFDX-S
https://www.arbeitsagentur.de/jobsuche/jobdetail/13635-5920955e_JB5140452-S,13635-5920955e_JB5140452-S
https://www.arbeitsagentur.de/jobsuche/jobdetail/11081-CGGULIGOKYR5QKB7-S,11081-CGGULIGOKYR5QKB7-S
https://www.arbeitsagentur.de/jobsuche/jobdetail/12811-2243845-S,12811-2243845-S
https://www.arbeitsagentur.de/jobsuche/jobdetail/19768-k61504.1051-S,19768-k61504.1051-S
https://www.arbeitsagentur.de/jobsuche/jobdetail/10001-1003038895-S,10001-1003038895-S
https://www.arbeitsagentur.de/jobsuche/jobdetail/14751-437A341-S,14751-437A341-S
https://www.arbeitsagentur.de/jobsuche/jobdetail/11081-S7WYE6R7DPVO7HJD-S,11081-S7WYE6R7DPVO7HJD-S
https://www.arbeitsagentur.de/jobsuche/jobdetail/10001-1003040414-S,10001-1003040414-S
https://www.arbeitsagentur.de/jobsuche/jobdetail/15939-BB-633673-7878-4910-S,15939-BB-633673-7878-4910-S
https://www.arbeitsagentur.de/jobsuche/jobdetail/13424-78X6VZD258LY3Q3C-S,13424-78X6VZD258LY3Q3C-S
https://www.arbeitsagentur.de/jobsuche/jobdetail/10001-1003037330-S,10001-1003037330-S
https://www.arbeitsagentur.de/jobsuche/jobdetail/10001-1003042524-S,10001-1003042524-S
https://www.arbeitsagentur.de/jobsuche/jobdetail/12608-1401782-10793-1-S,12608-1401782-10793-1-S
https://www.arbeitsagentur.de/jobsuche/jobdetail/14927-2350fxudzly-S,14927-2350fxudzly-S
https://www.arbeitsagentur.de/jobsuche/jobdetail/11119-4792645474-S,11119-4792645474-S
https://www.arbeitsagentur.de/jobsuche/jobdetail/10001-1003037208-S,10001-1003037208-S
https://www.arbeitsagentur.de/jobsuche/jobdetail/12513-0007639511-S,12513-0007639511-S
https://www.arbeitsagentur.de/jobsuche/jobdetail/15937-k55805.115255-S,15937-k55805.115255-S
https://www.arbeitsagentur.de/jobsuche/jobdetail/14751-437A235-S,14751-437A235-S
https://www.arbeitsagentur.de/jobsuche/jobdetail/10000-1206446991-S,10000-1206446991-S
https://www.arbeitsagentur.de/jobsuche/jobdetail/18914-JNXJ9APKLXNHSF5H-S,18914-JNXJ9APKLXNHSF5H-S
https://www.arbeitsagentur.de/jobsuche/jobdetail/13334-00005f643ca001-S,13334-00005f643ca001-S
https://www.arbeitsagentur.de/jobsuche/jobdetail/16819-791c4ac77e75acff-S,16819-791c4ac77e75acff-S
https://www.arbeitsagentur.de/jobsuche/jobdetail/12288-4803094389-S,12288-4803094389-S
https://www.arbeitsagentur.de/jobsuche/jobdetail/11119-4803037071-S,11119-4803037071-S
https://www.arbeitsagentur.de/jobsuche/jobdetail/13509-00002110932001-S,13509-00002110932001-S
https://www.arbeitsagentur.de/jobsuche/jobdetail/15937-k55805.115303-S,15937-k55805.115303-S
https://www.arbeitsagentur.de/jobsuche/jobdetail/10001-1003039341-S,10001-1003039341-S
https://www.arbeitsagentur.de/jobsuche/jobdetail/19069-385459-S,19069-385459-S
https://www.arbeitsagentur.de/jobsuche/jobdetail/20242-4804159401-S,20242-4804159401-S
https://www.arbeitsagentur.de/jobsuche/jobdetail/10001-1003035554-S,10001-1003035554-S
https://www.arbeitsagentur.de/jobsuche/jobdetail/13270-2026-00003595-2-S,13270-2026-00003595-2-S
https://www.arbeitsagentur.de/jobsuche/jobdetail/11949-17215614-S,11949-17215614-S
https://www.arbeitsagentur.de/jobsuche/jobdetail/10001-1003033694-S,10001-1003033694-S
https://www.arbeitsagentur.de/jobsuche/jobdetail/11949-17215832-S,11949-17215832-S
https://www.arbeitsagentur.de/jobsuche/jobdetail/10001-1003043239-S,10001-1003043239-S
https://www.arbeitsagentur.de/jobsuche/jobdetail/10001-1003040781-S,10001-1003040781-S
https://www.arbeitsagentur.de/jobsuche/jobdetail/11119-4804201473-S,11119-4804201473-S
https://www.arbeitsagentur.de/jobsuche/jobdetail/10001-1003040796-S,10001-1003040796-S
https://www.arbeitsagentur.de/jobsuche/jobdetail/10001-1003037415-S,10001-1003037415-S
https://www.arbeitsagentur.de/jobsuche/jobdetail/11949-17215123-S,11949-17215123-S
https://www.arbeitsagentur.de/jobsuche/jobdetail/10001-1003034204-S,10001-1003034204-S
https://www.arbeitsagentur.de/jobsuche/jobdetail/10001-1003035674-S,10001-1003035674-S
https://www.arbeitsagentur.de/jobsuche/jobdetail/14751-70A22037-S,14751-70A22037-S
https://www.arbeitsagentur.de/jobsuche/jobdetail/11119-4791231275-S,11119-4791231275-S
https://www.arbeitsagentur.de/jobsuche/jobdetail/11119-4803146867-S,11119-4803146867-S
https://www.arbeitsagentur.de/jobsuche/jobdetail/11949-17215176-S,11949-17215176-S
https://www.arbeitsagentur.de/jobsuche/jobdetail/12288-4803081588-S,12288-4803081588-S
https://www.arbeitsagentur.de/jobsuche/jobdetail/13356-102628A47702C8-S,13356-102628A47702C8-S
https://www.arbeitsagentur.de/jobsuche/jobdetail/14751-70A22054-S,14751-70A22054-S
https://www.arbeitsagentur.de/jobsuche/jobdetail/10001-1003041855-S,10001-1003041855-S
https://www.arbeitsagentur.de/jobsuche/jobdetail/10000-1206437955-S,10000-1206437955-S
https://www.arbeitsagentur.de/jobsuche/jobdetail/13669-JVK4B1MO7Q4RD3KS-S,13669-JVK4B1MO7Q4RD3KS-S
https://www.arbeitsagentur.de/jobsuche/jobdetail/14751-70A22041-S,14751-70A22041-S
https://www.arbeitsagentur.de/jobsuche/jobdetail/10001-1003037027-S,10001-1003037027-S
https://www.arbeitsagentur.de/jobsuche/jobdetail/11119-4792610142-S,11119-4792610142-S
https://www.arbeitsagentur.de/jobsuche/jobdetail/10001-1003041506-S,10001-1003041506-S
https://www.arbeitsagentur.de/jobsuche/jobdetail/10000-1206429578-S,10000-1206429578-S
https://www.arbeitsagentur.de/jobsuche/jobdetail/12811-2248418-S,12811-2248418-S
https://www.arbeitsagentur.de/jobsuche/jobdetail/10001-1003037385-S,10001-1003037385-S
https://www.arbeitsagentur.de/jobsuche/jobdetail/10000-1206449480-S,10000-1206449480-S
https://www.arbeitsagentur.de/jobsuche/jobdetail/16819-df6ca565c62b5f41-S,16819-df6ca565c62b5f41-S
https://www.arbeitsagentur.de/jobsuche/jobdetail/10001-1003039503-S,10001-1003039503-S
https://www.arbeitsagentur.de/jobsuche/jobdetail/11949-17214639-S,11949-17214639-S
https://www.arbeitsagentur.de/jobsuche/jobdetail/13270-2026-00003377-1-S,13270-2026-00003377-1-S
https://www.arbeitsagentur.de/jobsuche/jobdetail/13334-00005f643f6001-S,13334-00005f643f6001-S
https://www.arbeitsagentur.de/jobsuche/jobdetail/10000-1206445840-S,10000-1206445840-S
https://www.arbeitsagentur.de/jobsuche/jobdetail/10001-1003034408-S,10001-1003034408-S
https://www.arbeitsagentur.de/jobsuche/jobdetail/14599-1R5U85QOQBFL7M45-S,14599-1R5U85QOQBFL7M45-S
https://www.arbeitsagentur.de/jobsuche/jobdetail/11119-4804233613-S,11119-4804233613-S
https://www.arbeitsagentur.de/jobsuche/jobdetail/17803-260507172724-PH1416-S,17803-260507172724-PH1416-S
https://www.arbeitsagentur.de/jobsuche/jobdetail/10001-1003037923-S,10001-1003037923-S
https://www.arbeitsagentur.de/jobsuche/jobdetail/12908-061258750-S,12908-061258750-S
https://www.arbeitsagentur.de/jobsuche/jobdetail/11949-17214819-S,11949-17214819-S
https://www.arbeitsagentur.de/jobsuche/jobdetail/12811-2248730-S,12811-2248730-S
https://www.arbeitsagentur.de/jobsuche/jobdetail/13356-40805A45714C17-S,13356-40805A45714C17-S
https://www.arbeitsagentur.de/jobsuche/jobdetail/12811-2248872-S,12811-2248872-S
https://www.arbeitsagentur.de/jobsuche/jobdetail/13635-3974113e_JB5140687-S,13635-3974113e_JB5140687-S
https://www.arbeitsagentur.de/jobsuche/jobdetail/10001-1003040208-S,10001-1003040208-S
https://www.arbeitsagentur.de/jobsuche/jobdetail/16646-GWGUSV2F1GDWCC1A-S,16646-GWGUSV2F1GDWCC1A-S
https://www.arbeitsagentur.de/jobsuche/jobdetail/13669-QXWMEETKR1VLPHRL-S,13669-QXWMEETKR1VLPHRL-S
https://www.arbeitsagentur.de/jobsuche/jobdetail/19923-cydmf1uaqb-S,19923-cydmf1uaqb-S
https://www.arbeitsagentur.de/jobsuche/jobdetail/20263-2248206-S,20263-2248206-S
https://www.arbeitsagentur.de/jobsuche/jobdetail/12633-854d0425_JB5140205-S,12633-854d0425_JB5140205-S
https://www.arbeitsagentur.de/jobsuche/jobdetail/17803-GB501D2GLQALDKLC-S,17803-GB501D2GLQALDKLC-S
https://www.arbeitsagentur.de/jobsuche/jobdetail/16925-1F355EKP583C48U1-S,16925-1F355EKP583C48U1-S
https://www.arbeitsagentur.de/jobsuche/jobdetail/13242-k11235.7329-S,13242-k11235.7329-S
https://www.arbeitsagentur.de/jobsuche/jobdetail/10001-1003041064-S,10001-1003041064-S
https://www.arbeitsagentur.de/jobsuche/jobdetail/12608-1401705-17862-1-S,12608-1401705-17862-1-S
https://www.arbeitsagentur.de/jobsuche/jobdetail/17592-f319f76a99e54b2-S,17592-f319f76a99e54b2-S
https://www.arbeitsagentur.de/jobsuche/jobdetail/12967-0002_00111281-S,12967-0002_00111281-S
https://www.arbeitsagentur.de/jobsuche/jobdetail/10001-1003038929-S,10001-1003038929-S
https://www.arbeitsagentur.de/jobsuche/jobdetail/17985-YCE5PSE7LZU7IDIH-S,17985-YCE5PSE7LZU7IDIH-S
https://www.arbeitsagentur.de/jobsuche/jobdetail/10001-1003034998-S,10001-1003034998-S
https://www.arbeitsagentur.de/jobsuche/jobdetail/13433-I0VRTQIGCLTDEWRK-S,13433-I0VRTQIGCLTDEWRK-S
https://www.arbeitsagentur.de/jobsuche/jobdetail/18024-100PJ000Uq71p-S,18024-100PJ000Uq71p-S
https://www.arbeitsagentur.de/jobsuche/jobdetail/11949-17214471-S,11949-17214471-S
https://www.arbeitsagentur.de/jobsuche/jobdetail/14927-j6ehgl22yl-S,14927-j6ehgl22yl-S
https://www.arbeitsagentur.de/jobsuche/jobdetail/10001-1003040173-S,10001-1003040173-S
https://www.arbeitsagentur.de/jobsuche/jobdetail/13635-deb57f96_JB5140244-S,13635-deb57f96_JB5140244-S
https://www.arbeitsagentur.de/jobsuche/jobdetail/11949-17215467-S,11949-17215467-S
https://www.arbeitsagentur.de/jobsuche/jobdetail/14297-k58883.8762-S,14297-k58883.8762-S
https://www.arbeitsagentur.de/jobsuche/jobdetail/11119-4803026867-S,11119-4803026867-S
https://www.arbeitsagentur.de/jobsuche/jobdetail/18024-1002X000QYA03-S,18024-1002X000QYA03-S
https://www.arbeitsagentur.de/jobsuche/jobdetail/18024-1002X000QYM03-S,18024-1002X000QYM03-S
https://www.arbeitsagentur.de/jobsuche/jobdetail/17489-1277013fd03b4e1-S,17489-1277013fd03b4e1-S
https://www.arbeitsagentur.de/jobsuche/jobdetail/10001-1003040952-S,10001-1003040952-S
https://www.arbeitsagentur.de/jobsuche/jobdetail/11081-GQOP64AVQ3FI3UOH-S,11081-GQOP64AVQ3FI3UOH-S
https://www.arbeitsagentur.de/jobsuche/jobdetail/16963-REF381H-8500652248-S,16963-REF381H-8500652248-S
https://www.arbeitsagentur.de/jobsuche/jobdetail/10001-1002994665-S,10001-1002994665-S
https://www.arbeitsagentur.de/jobsuche/jobdetail/11973-c-154029-S,11973-c-154029-S
https://www.arbeitsagentur.de/jobsuche/jobdetail/10001-1003040748-S,10001-1003040748-S
https://www.arbeitsagentur.de/jobsuche/jobdetail/10001-1003033461-S,10001-1003033461-S
https://www.arbeitsagentur.de/jobsuche/jobdetail/11949-17216649-S,11949-17216649-S
https://www.arbeitsagentur.de/jobsuche/jobdetail/10001-1003037407-S,10001-1003037407-S
https://www.arbeitsagentur.de/jobsuche/jobdetail/10000-1206449486-S,10000-1206449486-S
https://www.arbeitsagentur.de/jobsuche/jobdetail/14751-70A22034-S,14751-70A22034-S
https://www.arbeitsagentur.de/jobsuche/jobdetail/15765-B1Y2YGBJNEMDGKTL-S,15765-B1Y2YGBJNEMDGKTL-S
https://www.arbeitsagentur.de/jobsuche/jobdetail/10001-1003037118-S,10001-1003037118-S
https://www.arbeitsagentur.de/jobsuche/jobdetail/12811-2249200-S,12811-2249200-S
https://www.arbeitsagentur.de/jobsuche/jobdetail/16239-k57971.1920-S,16239-k57971.1920-S
https://www.arbeitsagentur.de/jobsuche/jobdetail/10001-1003037213-S,10001-1003037213-S
https://www.arbeitsagentur.de/jobsuche/jobdetail/11949-17216533-S,11949-17216533-S
https://www.arbeitsagentur.de/jobsuche/jobdetail/10001-1003037444-S,10001-1003037444-S
https://www.arbeitsagentur.de/jobsuche/jobdetail/11937-33045_58692-1-S,11937-33045_58692-1-S
https://www.arbeitsagentur.de/jobsuche/jobdetail/12826-SA0137555_JB5140753-S,12826-SA0137555_JB5140753-S
https://www.arbeitsagentur.de/jobsuche/jobdetail/10001-1003036170-S,10001-1003036170-S
https://www.arbeitsagentur.de/jobsuche/jobdetail/10001-1003042567-S,10001-1003042567-S
https://www.arbeitsagentur.de/jobsuche/jobdetail/14751-417A10915-S,14751-417A10915-S
https://www.arbeitsagentur.de/jobsuche/jobdetail/18306-BB-634737-7878-8749-S,18306-BB-634737-7878-8749-S
https://www.arbeitsagentur.de/jobsuche/jobdetail/10001-1003033815-S,10001-1003033815-S
https://www.arbeitsagentur.de/jobsuche/jobdetail/13334-00005f643a2001-S,13334-00005f643a2001-S
https://www.arbeitsagentur.de/jobsuche/jobdetail/10001-1003037433-S,10001-1003037433-S
https://www.arbeitsagentur.de/jobsuche/jobdetail/12826-SA0137563_JB5140758-S,12826-SA0137563_JB5140758-S
https://www.arbeitsagentur.de/jobsuche/jobdetail/10001-1003038004-S,10001-1003038004-S
https://www.arbeitsagentur.de/jobsuche/jobdetail/10001-1003037177-S,10001-1003037177-S
https://www.arbeitsagentur.de/jobsuche/jobdetail/14765-k11215.2276-S,14765-k11215.2276-S
https://www.arbeitsagentur.de/jobsuche/jobdetail/11081-H78NUU2G5OHPMGNU-S,11081-H78NUU2G5OHPMGNU-S
https://www.arbeitsagentur.de/jobsuche/jobdetail/10000-1206418291-S,10000-1206418291-S
https://www.arbeitsagentur.de/jobsuche/jobdetail/11119-4804125736-S,11119-4804125736-S
https://www.arbeitsagentur.de/jobsuche/jobdetail/11864-2LND8MQGVJCYEE5D-S,11864-2LND8MQGVJCYEE5D-S
https://www.arbeitsagentur.de/jobsuche/jobdetail/10001-1003041282-S,10001-1003041282-S
https://www.arbeitsagentur.de/jobsuche/jobdetail/11949-17215029-S,11949-17215029-S
https://www.arbeitsagentur.de/jobsuche/jobdetail/13669-0D7SJE3GZFKITZ0P-S,13669-0D7SJE3GZFKITZ0P-S
https://www.arbeitsagentur.de/jobsuche/jobdetail/17405-k60982.1557-S,17405-k60982.1557-S
https://www.arbeitsagentur.de/jobsuche/jobdetail/17394-2023-10260141-S,17394-2023-10260141-S
https://www.arbeitsagentur.de/jobsuche/jobdetail/14927-1pf8lvg5ae2-S,14927-1pf8lvg5ae2-S
https://www.arbeitsagentur.de/jobsuche/jobdetail/20803-182A3-S,20803-182A3-S
https://www.arbeitsagentur.de/jobsuche/jobdetail/12787-254134060526-S,12787-254134060526-S
https://www.arbeitsagentur.de/jobsuche/jobdetail/13356-102628A48602C2-S,13356-102628A48602C2-S
https://www.arbeitsagentur.de/jobsuche/jobdetail/12147-20260506219314-S,12147-20260506219314-S
https://www.arbeitsagentur.de/jobsuche/jobdetail/10000-1206442928-S,10000-1206442928-S
https://www.arbeitsagentur.de/jobsuche/jobdetail/17560-e618a618ebf54b2-S,17560-e618a618ebf54b2-S
https://www.arbeitsagentur.de/jobsuche/jobdetail/10001-1003040339-S,10001-1003040339-S
https://www.arbeitsagentur.de/jobsuche/jobdetail/11949-17213387-S,11949-17213387-S
https://www.arbeitsagentur.de/jobsuche/jobdetail/11949-17213192-S,11949-17213192-S
https://www.arbeitsagentur.de/jobsuche/jobdetail/12811-2248057-S,12811-2248057-S
https://www.arbeitsagentur.de/jobsuche/jobdetail/10001-1003036928-S,10001-1003036928-S
https://www.arbeitsagentur.de/jobsuche/jobdetail/12811-2247452-S,12811-2247452-S
https://www.arbeitsagentur.de/jobsuche/jobdetail/14927-dq05h3-S,14927-dq05h3-S
https://www.arbeitsagentur.de/jobsuche/jobdetail/10000-1206437947-S,10000-1206437947-S
https://www.arbeitsagentur.de/jobsuche/jobdetail/13356-101813A42609C27-S,13356-101813A42609C27-S
https://www.arbeitsagentur.de/jobsuche/jobdetail/15765-YKCL9LSFHK3FX42J-S,15765-YKCL9LSFHK3FX42J-S
https://www.arbeitsagentur.de/jobsuche/jobdetail/18024-100PJ000VRh0R-S,18024-100PJ000VRh0R-S
https://www.arbeitsagentur.de/jobsuche/jobdetail/14377-H7P1M05RYXOVEEGI-S,14377-H7P1M05RYXOVEEGI-S
https://www.arbeitsagentur.de/jobsuche/jobdetail/14751-437A267-S,14751-437A267-S
https://www.arbeitsagentur.de/jobsuche/jobdetail/10001-1003042943-S,10001-1003042943-S
https://www.arbeitsagentur.de/jobsuche/jobdetail/11949-17214975-S,11949-17214975-S
https://www.arbeitsagentur.de/jobsuche/jobdetail/20263-2249332-S,20263-2249332-S
https://www.arbeitsagentur.de/jobsuche/jobdetail/12811-2248113-S,12811-2248113-S
https://www.arbeitsagentur.de/jobsuche/jobdetail/20397-4804223519-S,20397-4804223519-S
https://www.arbeitsagentur.de/jobsuche/jobdetail/10001-1003040314-S,10001-1003040314-S
https://www.arbeitsagentur.de/jobsuche/jobdetail/15079-k28811.4813-S,15079-k28811.4813-S
https://www.arbeitsagentur.de/jobsuche/jobdetail/11949-17213285-S,11949-17213285-S
https://www.arbeitsagentur.de/jobsuche/jobdetail/12362-TR-279706_609661LS-S,12362-TR-279706_609661LS-S
https://www.arbeitsagentur.de/jobsuche/jobdetail/10001-1003039696-S,10001-1003039696-S
https://www.arbeitsagentur.de/jobsuche/jobdetail/10001-1003041293-S,10001-1003041293-S
https://www.arbeitsagentur.de/jobsuche/jobdetail/10001-1003040862-S,10001-1003040862-S
https://www.arbeitsagentur.de/jobsuche/jobdetail/14751-70A22006-S,14751-70A22006-S
https://www.arbeitsagentur.de/jobsuche/jobdetail/10001-1003037425-S,10001-1003037425-S
https://www.arbeitsagentur.de/jobsuche/jobdetail/10001-1002564478-S,10001-1002564478-S
https://www.arbeitsagentur.de/jobsuche/jobdetail/12456-1571551-1-S,12456-1571551-1-S
https://www.arbeitsagentur.de/jobsuche/jobdetail/11119-4804137782-S,11119-4804137782-S
https://www.arbeitsagentur.de/jobsuche/jobdetail/10001-1003043090-S,10001-1003043090-S
https://www.arbeitsagentur.de/jobsuche/jobdetail/12906-206A1315-S,12906-206A1315-S
https://www.arbeitsagentur.de/jobsuche/jobdetail/10001-1003035550-S,10001-1003035550-S
https://www.arbeitsagentur.de/jobsuche/jobdetail/13635-f2c0bc97_JB5140734-S,13635-f2c0bc97_JB5140734-S
https://www.arbeitsagentur.de/jobsuche/jobdetail/11119-4791109943-S,11119-4791109943-S
https://www.arbeitsagentur.de/jobsuche/jobdetail/11119-4802948236-S,11119-4802948236-S
https://www.arbeitsagentur.de/jobsuche/jobdetail/11949-17213886-S,11949-17213886-S
https://www.arbeitsagentur.de/jobsuche/jobdetail/10001-1003041597-S,10001-1003041597-S
https://www.arbeitsagentur.de/jobsuche/jobdetail/13635-fa11efd6_JB5139892-S,13635-fa11efd6_JB5139892-S
https://www.arbeitsagentur.de/jobsuche/jobdetail/12288-4803100732-S,12288-4803100732-S
https://www.arbeitsagentur.de/jobsuche/jobdetail/10001-1003034052-S,10001-1003034052-S
https://www.arbeitsagentur.de/jobsuche/jobdetail/10001-1003041002-S,10001-1003041002-S
https://www.arbeitsagentur.de/jobsuche/jobdetail/17985-A494P7HT2GFVDWC5-S,17985-A494P7HT2GFVDWC5-S
https://www.arbeitsagentur.de/jobsuche/jobdetail/11949-17215025-S,11949-17215025-S
https://www.arbeitsagentur.de/jobsuche/jobdetail/11864-WQCH374FER3TW36O-S,11864-WQCH374FER3TW36O-S
https://www.arbeitsagentur.de/jobsuche/jobdetail/14722-HXMNIN16ZHUCRA1A-S,14722-HXMNIN16ZHUCRA1A-S
https://www.arbeitsagentur.de/jobsuche/jobdetail/10001-1003039015-S,10001-1003039015-S
https://www.arbeitsagentur.de/jobsuche/jobdetail/20263-2248096-S,20263-2248096-S
https://www.arbeitsagentur.de/jobsuche/jobdetail/10000-1206435518-S,10000-1206435518-S
https://www.arbeitsagentur.de/jobsuche/jobdetail/18024-100PJ000Vc601-S,18024-100PJ000Vc601-S
https://www.arbeitsagentur.de/jobsuche/jobdetail/12608-1401708-17862-1-S,12608-1401708-17862-1-S
https://www.arbeitsagentur.de/jobsuche/jobdetail/10001-1003038378-S,10001-1003038378-S
https://www.arbeitsagentur.de/jobsuche/jobdetail/10001-1003042927-S,10001-1003042927-S
https://www.arbeitsagentur.de/jobsuche/jobdetail/10001-1003040918-S,10001-1003040918-S
https://www.arbeitsagentur.de/jobsuche/jobdetail/12811-2248814-S,12811-2248814-S
https://www.arbeitsagentur.de/jobsuche/jobdetail/10001-1003033861-S,10001-1003033861-S
https://www.arbeitsagentur.de/jobsuche/jobdetail/13635-afc9ea41_JB5139777-S,13635-afc9ea41_JB5139777-S
https://www.arbeitsagentur.de/jobsuche/jobdetail/10001-1003039254-S,10001-1003039254-S
https://www.arbeitsagentur.de/jobsuche/jobdetail/13032-LJFTZQMEM2SE0S89-S,13032-LJFTZQMEM2SE0S89-S
https://www.arbeitsagentur.de/jobsuche/jobdetail/10001-1003041931-S,10001-1003041931-S
https://www.arbeitsagentur.de/jobsuche/jobdetail/10001-1003037365-S,10001-1003037365-S
https://www.arbeitsagentur.de/jobsuche/jobdetail/18024-100fe00002d1n-S,18024-100fe00002d1n-S
https://www.arbeitsagentur.de/jobsuche/jobdetail/10000-1206431329-S,10000-1206431329-S
https://www.arbeitsagentur.de/jobsuche/jobdetail/13635-b567f915_JB5140642-S,13635-b567f915_JB5140642-S
https://www.arbeitsagentur.de/jobsuche/jobdetail/17803-B5ZHPGSQSPO5T44G-S,17803-B5ZHPGSQSPO5T44G-S
https://www.arbeitsagentur.de/jobsuche/jobdetail/10000-1206445978-S,10000-1206445978-S
https://www.arbeitsagentur.de/jobsuche/jobdetail/10001-1003039039-S,10001-1003039039-S
https://www.arbeitsagentur.de/jobsuche/jobdetail/10001-1003043065-S,10001-1003043065-S
https://www.arbeitsagentur.de/jobsuche/jobdetail/15986-REF285421C-1-S,15986-REF285421C-1-S
https://www.arbeitsagentur.de/jobsuche/jobdetail/13312-95d8d46e_JB5109373-S,13312-95d8d46e_JB5109373-S
https://www.arbeitsagentur.de/jobsuche/jobdetail/11949-17216217-S,11949-17216217-S
https://www.arbeitsagentur.de/jobsuche/jobdetail/10001-1003036348-S,10001-1003036348-S
https://www.arbeitsagentur.de/jobsuche/jobdetail/12032-RE26CE291-S,12032-RE26CE291-S
https://www.arbeitsagentur.de/jobsuche/jobdetail/10001-1003042732-S,10001-1003042732-S
https://www.arbeitsagentur.de/jobsuche/jobdetail/14080-JOB-806973-S,14080-JOB-806973-S
https://www.arbeitsagentur.de/jobsuche/jobdetail/10000-1206444489-S,10000-1206444489-S
https://www.arbeitsagentur.de/jobsuche/jobdetail/10000-1206449322-S,10000-1206449322-S
https://www.arbeitsagentur.de/jobsuche/jobdetail/10001-1003039602-S,10001-1003039602-S
https://www.arbeitsagentur.de/jobsuche/jobdetail/11949-17214035-S,11949-17214035-S
https://www.arbeitsagentur.de/jobsuche/jobdetail/13635-63d8faf6_JB5140458-S,13635-63d8faf6_JB5140458-S
https://www.arbeitsagentur.de/jobsuche/jobdetail/13635-74a3475b_JB5140948-S,13635-74a3475b_JB5140948-S
https://www.arbeitsagentur.de/jobsuche/jobdetail/12634-BB-640794-7878-5054-S,12634-BB-640794-7878-5054-S
https://www.arbeitsagentur.de/jobsuche/jobdetail/16590-TG4DPWH4HWQWBIZH-S,16590-TG4DPWH4HWQWBIZH-S
https://www.arbeitsagentur.de/jobsuche/jobdetail/11081-JINNVYJPM2EZ76F5-S,11081-JINNVYJPM2EZ76F5-S
https://www.arbeitsagentur.de/jobsuche/jobdetail/17985-XSZ0I6BR29IP9YGT-S,17985-XSZ0I6BR29IP9YGT-S
https://www.arbeitsagentur.de/jobsuche/jobdetail/17459-k59342.7807-S,17459-k59342.7807-S
https://www.arbeitsagentur.de/jobsuche/jobdetail/15939-BB-633657-7878-7619-S,15939-BB-633657-7878-7619-S
https://www.arbeitsagentur.de/jobsuche/jobdetail/18024-100aR0001BT3F-S,18024-100aR0001BT3F-S
https://www.arbeitsagentur.de/jobsuche/jobdetail/10000-1206449954-S,10000-1206449954-S
https://www.arbeitsagentur.de/jobsuche/jobdetail/13356-109596A48188C6-S,13356-109596A48188C6-S
https://www.arbeitsagentur.de/jobsuche/jobdetail/14038-2026050722222-S,14038-2026050722222-S
https://www.arbeitsagentur.de/jobsuche/jobdetail/10001-1003033941-S,10001-1003033941-S
https://www.arbeitsagentur.de/jobsuche/jobdetail/14751-22A51683-S,14751-22A51683-S
https://www.arbeitsagentur.de/jobsuche/jobdetail/12634-BB-640782-7878-5599-S,12634-BB-640782-7878-5599-S
https://www.arbeitsagentur.de/jobsuche/jobdetail/10001-1003039505-S,10001-1003039505-S
https://www.arbeitsagentur.de/jobsuche/jobdetail/17803-260507173008-ER1422-S,17803-260507173008-ER1422-S
https://www.arbeitsagentur.de/jobsuche/jobdetail/10001-1003035523-S,10001-1003035523-S
https://www.arbeitsagentur.de/jobsuche/jobdetail/10000-1206447265-S,10000-1206447265-S
https://www.arbeitsagentur.de/jobsuche/jobdetail/18073-FD9E72ZTWAXX9HLJ-S,18073-FD9E72ZTWAXX9HLJ-S
https://www.arbeitsagentur.de/jobsuche/jobdetail/12811-2249261-S,12811-2249261-S
https://www.arbeitsagentur.de/jobsuche/jobdetail/14087-OABT7XHEI8D9JZRM-S,14087-OABT7XHEI8D9JZRM-S
https://www.arbeitsagentur.de/jobsuche/jobdetail/13433-DCMS864MQWDV6BOQ-S,13433-DCMS864MQWDV6BOQ-S
https://www.arbeitsagentur.de/jobsuche/jobdetail/10001-1003040243-S,10001-1003040243-S
https://www.arbeitsagentur.de/jobsuche/jobdetail/18024-100PJ000Tbb1p-S,18024-100PJ000Tbb1p-S
https://www.arbeitsagentur.de/jobsuche/jobdetail/11949-17215173-S,11949-17215173-S
https://www.arbeitsagentur.de/jobsuche/jobdetail/11949-17215681-S,11949-17215681-S
https://www.arbeitsagentur.de/jobsuche/jobdetail/11119-4804165858-S,11119-4804165858-S
https://www.arbeitsagentur.de/jobsuche/jobdetail/13465-00021a6491a001-S,13465-00021a6491a001-S
https://www.arbeitsagentur.de/jobsuche/jobdetail/14792-RBDXC32QE45RLPEL-S,14792-RBDXC32QE45RLPEL-S
https://www.arbeitsagentur.de/jobsuche/jobdetail/14751-422A665-S,14751-422A665-S
https://www.arbeitsagentur.de/jobsuche/jobdetail/13635-874e561b_JB5140549-S,13635-874e561b_JB5140549-S
https://www.arbeitsagentur.de/jobsuche/jobdetail/13635-8911907b_JB5140337-S,13635-8911907b_JB5140337-S
https://www.arbeitsagentur.de/jobsuche/jobdetail/11949-17216644-S,11949-17216644-S
https://www.arbeitsagentur.de/jobsuche/jobdetail/10000-1206434995-S,10000-1206434995-S
https://www.arbeitsagentur.de/jobsuche/jobdetail/14795-66966_118900-S,14795-66966_118900-S
https://www.arbeitsagentur.de/jobsuche/jobdetail/13424-73BE7IJJ98JTEJBZ-S,13424-73BE7IJJ98JTEJBZ-S
https://www.arbeitsagentur.de/jobsuche/jobdetail/10000-1206447039-S,10000-1206447039-S
https://www.arbeitsagentur.de/jobsuche/jobdetail/11949-17215529-S,11949-17215529-S
https://www.arbeitsagentur.de/jobsuche/jobdetail/10001-1003037558-S,10001-1003037558-S
https://www.arbeitsagentur.de/jobsuche/jobdetail/12811-2249198-S,12811-2249198-S
https://www.arbeitsagentur.de/jobsuche/jobdetail/17803-260507172901-PS1405-S,17803-260507172901-PS1405-S
https://www.arbeitsagentur.de/jobsuche/jobdetail/10001-1003039374-S,10001-1003039374-S
https://www.arbeitsagentur.de/jobsuche/jobdetail/13635-8ad4abd6_JB5140596-S,13635-8ad4abd6_JB5140596-S
https://www.arbeitsagentur.de/jobsuche/jobdetail/10001-1003037028-S,10001-1003037028-S
https://www.arbeitsagentur.de/jobsuche/jobdetail/11119-4803006778-S,11119-4803006778-S
https://www.arbeitsagentur.de/jobsuche/jobdetail/11119-4802968636-S,11119-4802968636-S
https://www.arbeitsagentur.de/jobsuche/jobdetail/10000-1206443143-S,10000-1206443143-S
https://www.arbeitsagentur.de/jobsuche/jobdetail/18024-100PJ000VA516-S,18024-100PJ000VA516-S
https://www.arbeitsagentur.de/jobsuche/jobdetail/10001-1003039233-S,10001-1003039233-S
https://www.arbeitsagentur.de/jobsuche/jobdetail/17803-260507172937-OA1423-S,17803-260507172937-OA1423-S
https://www.arbeitsagentur.de/jobsuche/jobdetail/17803-260507173044-AF1414-S,17803-260507173044-AF1414-S
https://www.arbeitsagentur.de/jobsuche/jobdetail/13465-00021a6495e001-S,13465-00021a6495e001-S
https://www.arbeitsagentur.de/jobsuche/jobdetail/17405-k60982.1558-S,17405-k60982.1558-S
https://www.arbeitsagentur.de/jobsuche/jobdetail/13270-2026-00003400-1-S,13270-2026-00003400-1-S
https://www.arbeitsagentur.de/jobsuche/jobdetail/14087-MKA7BDMVCU59JUCM-S,14087-MKA7BDMVCU59JUCM-S
https://www.arbeitsagentur.de/jobsuche/jobdetail/12288-4803096401-S,12288-4803096401-S
https://www.arbeitsagentur.de/jobsuche/jobdetail/10001-1003042973-S,10001-1003042973-S
https://www.arbeitsagentur.de/jobsuche/jobdetail/10001-1003039918-S,10001-1003039918-S
https://www.arbeitsagentur.de/jobsuche/jobdetail/11949-17215020-S,11949-17215020-S
https://www.arbeitsagentur.de/jobsuche/jobdetail/13669-PC13XLOWA2AJU7WG-S,13669-PC13XLOWA2AJU7WG-S
https://www.arbeitsagentur.de/jobsuche/jobdetail/10001-1003041434-S,10001-1003041434-S
https://www.arbeitsagentur.de/jobsuche/jobdetail/10001-1003041901-S,10001-1003041901-S
https://www.arbeitsagentur.de/jobsuche/jobdetail/10001-1003037246-S,10001-1003037246-S
https://www.arbeitsagentur.de/jobsuche/jobdetail/18024-100PC000B5G01-S,18024-100PC000B5G01-S
https://www.arbeitsagentur.de/jobsuche/jobdetail/10001-1003041821-S,10001-1003041821-S
https://www.arbeitsagentur.de/jobsuche/jobdetail/13669-RCGANVU4ER7T59SW-S,13669-RCGANVU4ER7T59SW-S
https://www.arbeitsagentur.de/jobsuche/jobdetail/12122-209165-1770966-0-S,12122-209165-1770966-0-S
https://www.arbeitsagentur.de/jobsuche/jobdetail/14087-OZLUEIAPKOH63ZK5-S,14087-OZLUEIAPKOH63ZK5-S
https://www.arbeitsagentur.de/jobsuche/jobdetail/12585-k10565.16203-S,12585-k10565.16203-S
https://www.arbeitsagentur.de/jobsuche/jobdetail/10001-1003042291-S,10001-1003042291-S
https://www.arbeitsagentur.de/jobsuche/jobdetail/12811-2249224-S,12811-2249224-S
https://www.arbeitsagentur.de/jobsuche/jobdetail/12288-4803080679-S,12288-4803080679-S
https://www.arbeitsagentur.de/jobsuche/jobdetail/11949-17216741-S,11949-17216741-S
https://www.arbeitsagentur.de/jobsuche/jobdetail/11119-4803030226-S,11119-4803030226-S
https://www.arbeitsagentur.de/jobsuche/jobdetail/11949-17215362-S,11949-17215362-S
https://www.arbeitsagentur.de/jobsuche/jobdetail/12811-2248323-S,12811-2248323-S
https://www.arbeitsagentur.de/jobsuche/jobdetail/14385-542-2565601-26-S,14385-542-2565601-26-S
https://www.arbeitsagentur.de/jobsuche/jobdetail/12811-2249004-S,12811-2249004-S
https://www.arbeitsagentur.de/jobsuche/jobdetail/10001-1003036936-S,10001-1003036936-S
https://www.arbeitsagentur.de/jobsuche/jobdetail/10000-1206448677-S,10000-1206448677-S
https://www.arbeitsagentur.de/jobsuche/jobdetail/10000-1206449915-S,10000-1206449915-S
https://www.arbeitsagentur.de/jobsuche/jobdetail/12122-209196-1771034-0-S,12122-209196-1771034-0-S
https://www.arbeitsagentur.de/jobsuche/jobdetail/16963-REF183X-3227391248-S,16963-REF183X-3227391248-S
https://www.arbeitsagentur.de/jobsuche/jobdetail/18024-100PC000ARg1p-S,18024-100PC000ARg1p-S
https://www.arbeitsagentur.de/jobsuche/jobdetail/11949-17216611-S,11949-17216611-S
https://www.arbeitsagentur.de/jobsuche/jobdetail/10001-1003040581-S,10001-1003040581-S
https://www.arbeitsagentur.de/jobsuche/jobdetail/10001-1003037382-S,10001-1003037382-S
https://www.arbeitsagentur.de/jobsuche/jobdetail/11949-17216521-S,11949-17216521-S
https://www.arbeitsagentur.de/jobsuche/jobdetail/14332-00002f2a336001-S,14332-00002f2a336001-S
https://www.arbeitsagentur.de/jobsuche/jobdetail/11949-17214982-S,11949-17214982-S
https://www.arbeitsagentur.de/jobsuche/jobdetail/11949-17215311-S,11949-17215311-S
https://www.arbeitsagentur.de/jobsuche/jobdetail/11119-4803888084-S,11119-4803888084-S
https://www.arbeitsagentur.de/jobsuche/jobdetail/10001-1003038518-S,10001-1003038518-S
https://www.arbeitsagentur.de/jobsuche/jobdetail/10000-1206434704-S,10000-1206434704-S
https://www.arbeitsagentur.de/jobsuche/jobdetail/10001-1003042054-S,10001-1003042054-S
https://www.arbeitsagentur.de/jobsuche/jobdetail/12287-JOB-591594-S,12287-JOB-591594-S
https://www.arbeitsagentur.de/jobsuche/jobdetail/14927-drvcww-S,14927-drvcww-S
https://www.arbeitsagentur.de/jobsuche/jobdetail/11868-13743083-S,11868-13743083-S
https://www.arbeitsagentur.de/jobsuche/jobdetail/13635-1cbfce60_JB5140456-S,13635-1cbfce60_JB5140456-S
https://www.arbeitsagentur.de/jobsuche/jobdetail/17985-PFBI27EF3NPF6K4D-S,17985-PFBI27EF3NPF6K4D-S
https://www.arbeitsagentur.de/jobsuche/jobdetail/16339-JS-BAX28436687-S,16339-JS-BAX28436687-S
https://www.arbeitsagentur.de/jobsuche/jobdetail/11864-WLTALK6YGKPZ1OI6-S,11864-WLTALK6YGKPZ1OI6-S
https://www.arbeitsagentur.de/jobsuche/jobdetail/11081-ICWMP1XMT05KZQNY-S,11081-ICWMP1XMT05KZQNY-S
https://www.arbeitsagentur.de/jobsuche/jobdetail/12811-2249165-S,12811-2249165-S
https://www.arbeitsagentur.de/jobsuche/jobdetail/11119-4804174284-S,11119-4804174284-S
https://www.arbeitsagentur.de/jobsuche/jobdetail/10001-1003040396-S,10001-1003040396-S
https://www.arbeitsagentur.de/jobsuche/jobdetail/11119-4791110450-S,11119-4791110450-S
https://www.arbeitsagentur.de/jobsuche/jobdetail/14599-A2O158TQYCEP8L4J-S,14599-A2O158TQYCEP8L4J-S
https://www.arbeitsagentur.de/jobsuche/jobdetail/15054-0013957%253A01-S,15054-0013957%253A01-S
https://www.arbeitsagentur.de/jobsuche/jobdetail/11949-17216058-S,11949-17216058-S
https://www.arbeitsagentur.de/jobsuche/jobdetail/11949-17216408-S,11949-17216408-S
https://www.arbeitsagentur.de/jobsuche/jobdetail/13356-101813A43237C24-S,13356-101813A43237C24-S
https://www.arbeitsagentur.de/jobsuche/jobdetail/18024-100PJ000Udy0r-S,18024-100PJ000Udy0r-S
https://www.arbeitsagentur.de/jobsuche/jobdetail/10000-1206450069-S,10000-1206450069-S
https://www.arbeitsagentur.de/jobsuche/jobdetail/17803-260507173152-AH1418-S,17803-260507173152-AH1418-S
https://www.arbeitsagentur.de/jobsuche/jobdetail/11119-4803039064-S,11119-4803039064-S
https://www.arbeitsagentur.de/jobsuche/jobdetail/15518-K0XY9MY45W0C9A1K-S,15518-K0XY9MY45W0C9A1K-S
https://www.arbeitsagentur.de/jobsuche/jobdetail/11949-17215958-S,11949-17215958-S
https://www.arbeitsagentur.de/jobsuche/jobdetail/12618-173686-S,12618-173686-S
https://www.arbeitsagentur.de/jobsuche/jobdetail/12826-SA0135391_JB5140623-S,12826-SA0135391_JB5140623-S
https://www.arbeitsagentur.de/jobsuche/jobdetail/10000-1206434824-S,10000-1206434824-S
https://www.arbeitsagentur.de/jobsuche/jobdetail/10000-1206448945-S,10000-1206448945-S
https://www.arbeitsagentur.de/jobsuche/jobdetail/10001-1003038792-S,10001-1003038792-S
https://www.arbeitsagentur.de/jobsuche/jobdetail/16819-e1e1849eeca8c3df-S,16819-e1e1849eeca8c3df-S
https://www.arbeitsagentur.de/jobsuche/jobdetail/11949-17215105-S,11949-17215105-S
https://www.arbeitsagentur.de/jobsuche/jobdetail/10001-1003029436-S,10001-1003029436-S
https://www.arbeitsagentur.de/jobsuche/jobdetail/13356-104240A48215C6-S,13356-104240A48215C6-S
https://www.arbeitsagentur.de/jobsuche/jobdetail/12759-BU1Y5WV3EY71TNRL-S,12759-BU1Y5WV3EY71TNRL-S
https://www.arbeitsagentur.de/jobsuche/jobdetail/11949-17216544-S,11949-17216544-S
https://www.arbeitsagentur.de/jobsuche/jobdetail/12072-JEFEWS6G0WASFYL9-S,12072-JEFEWS6G0WASFYL9-S
https://www.arbeitsagentur.de/jobsuche/jobdetail/12739-AAP3QWU2HMLVB4PR-S,12739-AAP3QWU2HMLVB4PR-S
https://www.arbeitsagentur.de/jobsuche/jobdetail/11864-CWYEBTV1R47S1ITX-S,11864-CWYEBTV1R47S1ITX-S
https://www.arbeitsagentur.de/jobsuche/jobdetail/10001-1003035906-S,10001-1003035906-S
https://www.arbeitsagentur.de/jobsuche/jobdetail/14661-ec5d45fb184f46b-S,14661-ec5d45fb184f46b-S
https://www.arbeitsagentur.de/jobsuche/jobdetail/10001-1003040045-S,10001-1003040045-S
https://www.arbeitsagentur.de/jobsuche/jobdetail/17803-260507173118-HE1413-S,17803-260507173118-HE1413-S
https://www.arbeitsagentur.de/jobsuche/jobdetail/10001-1003041012-S,10001-1003041012-S
https://www.arbeitsagentur.de/jobsuche/jobdetail/11949-17215114-S,11949-17215114-S
https://www.arbeitsagentur.de/jobsuche/jobdetail/16915-I0CGQTIE76CI618K-S,16915-I0CGQTIE76CI618K-S
https://www.arbeitsagentur.de/jobsuche/jobdetail/10000-1206439229-S,10000-1206439229-S
https://www.arbeitsagentur.de/jobsuche/jobdetail/14751-373A95665-S,14751-373A95665-S
https://www.arbeitsagentur.de/jobsuche/jobdetail/10001-1003042542-S,10001-1003042542-S
https://www.arbeitsagentur.de/jobsuche/jobdetail/12826-SA0137567_JB5140762-S,12826-SA0137567_JB5140762-S
https://www.arbeitsagentur.de/jobsuche/jobdetail/18024-100PJ000VUz0J-S,18024-100PJ000VUz0J-S
https://www.arbeitsagentur.de/jobsuche/jobdetail/10001-1003042275-S,10001-1003042275-S
https://www.arbeitsagentur.de/jobsuche/jobdetail/10001-1003042129-S,10001-1003042129-S
https://www.arbeitsagentur.de/jobsuche/jobdetail/10000-1206445804-S,10000-1206445804-S
https://www.arbeitsagentur.de/jobsuche/jobdetail/10000-1206447291-S,10000-1206447291-S
https://www.arbeitsagentur.de/jobsuche/jobdetail/10001-1003040500-S,10001-1003040500-S
https://www.arbeitsagentur.de/jobsuche/jobdetail/12811-2249348-S,12811-2249348-S
https://www.arbeitsagentur.de/jobsuche/jobdetail/14927-xhq4xbdc3d-S,14927-xhq4xbdc3d-S
https://www.arbeitsagentur.de/jobsuche/jobdetail/11868-13742976-S,11868-13742976-S
https://www.arbeitsagentur.de/jobsuche/jobdetail/10000-1206439415-S,10000-1206439415-S
https://www.arbeitsagentur.de/jobsuche/jobdetail/12513-0007639477-S,12513-0007639477-S
https://www.arbeitsagentur.de/jobsuche/jobdetail/12608-1401790-82806-1-S,12608-1401790-82806-1-S
https://www.arbeitsagentur.de/jobsuche/jobdetail/12209-13743217-S,12209-13743217-S
https://www.arbeitsagentur.de/jobsuche/jobdetail/14927-9db02w-S,14927-9db02w-S
https://www.arbeitsagentur.de/jobsuche/jobdetail/10000-1206440017-S,10000-1206440017-S
https://www.arbeitsagentur.de/jobsuche/jobdetail/12288-4803093198-S,12288-4803093198-S
https://www.arbeitsagentur.de/jobsuche/jobdetail/11119-4804145299-S,11119-4804145299-S
https://www.arbeitsagentur.de/jobsuche/jobdetail/11868-13743001-S,11868-13743001-S
https://www.arbeitsagentur.de/jobsuche/jobdetail/13635-76e7fab8_JB5140708-S,13635-76e7fab8_JB5140708-S
https://www.arbeitsagentur.de/jobsuche/jobdetail/11949-17214353-S,11949-17214353-S
https://www.arbeitsagentur.de/jobsuche/jobdetail/10001-1003042692-S,10001-1003042692-S
https://www.arbeitsagentur.de/jobsuche/jobdetail/10001-1003041877-S,10001-1003041877-S
https://www.arbeitsagentur.de/jobsuche/jobdetail/12086-W2OC9OEIWGC582A3-S,12086-W2OC9OEIWGC582A3-S
https://www.arbeitsagentur.de/jobsuche/jobdetail/14927-2plqjpka6ny-S,14927-2plqjpka6ny-S
https://www.arbeitsagentur.de/jobsuche/jobdetail/10001-1003039202-S,10001-1003039202-S
https://www.arbeitsagentur.de/jobsuche/jobdetail/11949-17215721-S,11949-17215721-S
https://www.arbeitsagentur.de/jobsuche/jobdetail/11119-4804163124-S,11119-4804163124-S
https://www.arbeitsagentur.de/jobsuche/jobdetail/10001-1003036338-S,10001-1003036338-S
https://www.arbeitsagentur.de/jobsuche/jobdetail/11119-4804165648-S,11119-4804165648-S
https://www.arbeitsagentur.de/jobsuche/jobdetail/12633-58e3bc2b_JB5140183-S,12633-58e3bc2b_JB5140183-S
https://www.arbeitsagentur.de/jobsuche/jobdetail/10001-1003043307-S,10001-1003043307-S
https://www.arbeitsagentur.de/jobsuche/jobdetail/11119-4804138869-S,11119-4804138869-S
https://www.arbeitsagentur.de/jobsuche/jobdetail/12811-2248427-S,12811-2248427-S
https://www.arbeitsagentur.de/jobsuche/jobdetail/10001-1003042938-S,10001-1003042938-S
https://www.arbeitsagentur.de/jobsuche/jobdetail/12608-1401649-39548-1-S,12608-1401649-39548-1-S
https://www.arbeitsagentur.de/jobsuche/jobdetail/10001-1003040119-S,10001-1003040119-S
https://www.arbeitsagentur.de/jobsuche/jobdetail/10001-1003034679-S,10001-1003034679-S
https://www.arbeitsagentur.de/jobsuche/jobdetail/14927-fa4p3yl6w4-S,14927-fa4p3yl6w4-S
https://www.arbeitsagentur.de/jobsuche/jobdetail/19457-j139S1841-3980-S,19457-j139S1841-3980-S
https://www.arbeitsagentur.de/jobsuche/jobdetail/12122-209131-1770942-0-S,12122-209131-1770942-0-S
https://www.arbeitsagentur.de/jobsuche/jobdetail/10001-1003037768-S,10001-1003037768-S
https://www.arbeitsagentur.de/jobsuche/jobdetail/10001-1003039973-S,10001-1003039973-S
https://www.arbeitsagentur.de/jobsuche/jobdetail/12634-BB-640796-7878-6877-S,12634-BB-640796-7878-6877-S
https://www.arbeitsagentur.de/jobsuche/jobdetail/17803-260507173044-AF1403-S,17803-260507173044-AF1403-S
https://www.arbeitsagentur.de/jobsuche/jobdetail/18024-100BR0003NQ3I-S,18024-100BR0003NQ3I-S
https://www.arbeitsagentur.de/jobsuche/jobdetail/10001-1003037895-S,10001-1003037895-S
https://www.arbeitsagentur.de/jobsuche/jobdetail/14087-VPG52ASDREI50UVO-S,14087-VPG52ASDREI50UVO-S
https://www.arbeitsagentur.de/jobsuche/jobdetail/11112-1435-1771067-0-S,11112-1435-1771067-0-S
https://www.arbeitsagentur.de/jobsuche/jobdetail/10001-1003041470-S,10001-1003041470-S
https://www.arbeitsagentur.de/jobsuche/jobdetail/11119-4802969452-S,11119-4802969452-S
https://www.arbeitsagentur.de/jobsuche/jobdetail/10001-1003040154-S,10001-1003040154-S
https://www.arbeitsagentur.de/jobsuche/jobdetail/12811-2248815-S,12811-2248815-S
https://www.arbeitsagentur.de/jobsuche/jobdetail/14927-2gep8aer2dk-S,14927-2gep8aer2dk-S
https://www.arbeitsagentur.de/jobsuche/jobdetail/15817-850BPUTC53OJ7WO9-S,15817-850BPUTC53OJ7WO9-S
https://www.arbeitsagentur.de/jobsuche/jobdetail/10001-1003040053-S,10001-1003040053-S
https://www.arbeitsagentur.de/jobsuche/jobdetail/17560-47c5a6482edf411-S,17560-47c5a6482edf411-S
https://www.arbeitsagentur.de/jobsuche/jobdetail/12811-2249276-S,12811-2249276-S
https://www.arbeitsagentur.de/jobsuche/jobdetail/12811-2249298-S,12811-2249298-S
https://www.arbeitsagentur.de/jobsuche/jobdetail/10001-1003035914-S,10001-1003035914-S
https://www.arbeitsagentur.de/jobsuche/jobdetail/14751-373A95795-S,14751-373A95795-S
https://www.arbeitsagentur.de/jobsuche/jobdetail/13635-d4e608fe_JB5140619-S,13635-d4e608fe_JB5140619-S
https://www.arbeitsagentur.de/jobsuche/jobdetail/11949-17215083-S,11949-17215083-S
https://www.arbeitsagentur.de/jobsuche/jobdetail/16547-E8JF63VX8NKID0JV-S,16547-E8JF63VX8NKID0JV-S
https://www.arbeitsagentur.de/jobsuche/jobdetail/14471-9QUSLAJ5XYLLGS9D-S,14471-9QUSLAJ5XYLLGS9D-S
https://www.arbeitsagentur.de/jobsuche/jobdetail/11949-17215185-S,11949-17215185-S
https://www.arbeitsagentur.de/jobsuche/jobdetail/14421-00076d1b7ee001-S,14421-00076d1b7ee001-S
https://www.arbeitsagentur.de/jobsuche/jobdetail/12759-2UNQIKZDCJ9QI087-S,12759-2UNQIKZDCJ9QI087-S
https://www.arbeitsagentur.de/jobsuche/jobdetail/11949-17215990-S,11949-17215990-S
https://www.arbeitsagentur.de/jobsuche/jobdetail/11119-4791358857-S,11119-4791358857-S
https://www.arbeitsagentur.de/jobsuche/jobdetail/11119-4792486353-S,11119-4792486353-S
https://www.arbeitsagentur.de/jobsuche/jobdetail/20730-2248783-S,20730-2248783-S
https://www.arbeitsagentur.de/jobsuche/jobdetail/10001-1003036884-S,10001-1003036884-S
https://www.arbeitsagentur.de/jobsuche/jobdetail/11119-4803143388-S,11119-4803143388-S
https://www.arbeitsagentur.de/jobsuche/jobdetail/14927-28d0242weqm-S,14927-28d0242weqm-S
https://www.arbeitsagentur.de/jobsuche/jobdetail/10001-1003039592-S,10001-1003039592-S
https://www.arbeitsagentur.de/jobsuche/jobdetail/11949-17215618-S,11949-17215618-S
https://www.arbeitsagentur.de/jobsuche/jobdetail/11949-17215736-S,11949-17215736-S
https://www.arbeitsagentur.de/jobsuche/jobdetail/12608-1401665-10020-1-S,12608-1401665-10020-1-S
https://www.arbeitsagentur.de/jobsuche/jobdetail/13356-805510A48312C5-S,13356-805510A48312C5-S
https://www.arbeitsagentur.de/jobsuche/jobdetail/11949-17216242-S,11949-17216242-S
https://www.arbeitsagentur.de/jobsuche/jobdetail/11868-13743098-S,11868-13743098-S
https://www.arbeitsagentur.de/jobsuche/jobdetail/10001-1003038052-S,10001-1003038052-S
https://www.arbeitsagentur.de/jobsuche/jobdetail/14751-437A306-S,14751-437A306-S
https://www.arbeitsagentur.de/jobsuche/jobdetail/12739-065N8ZBN4T7639O9-S,12739-065N8ZBN4T7639O9-S
https://www.arbeitsagentur.de/jobsuche/jobdetail/10000-1206446856-S,10000-1206446856-S
https://www.arbeitsagentur.de/jobsuche/jobdetail/13433-N4BHET6J0P1RIS59-S,13433-N4BHET6J0P1RIS59-S
https://www.arbeitsagentur.de/jobsuche/jobdetail/10001-1003035788-S,10001-1003035788-S
https://www.arbeitsagentur.de/jobsuche/jobdetail/11949-17216310-S,11949-17216310-S
https://www.arbeitsagentur.de/jobsuche/jobdetail/10001-1003042456-S,10001-1003042456-S
https://www.arbeitsagentur.de/jobsuche/jobdetail/13643-1L_606437-S,13643-1L_606437-S
https://www.arbeitsagentur.de/jobsuche/jobdetail/20397-4804164674-S,20397-4804164674-S
https://www.arbeitsagentur.de/jobsuche/jobdetail/11119-4804206545-S,11119-4804206545-S
https://www.arbeitsagentur.de/jobsuche/jobdetail/12288-4803129033-S,12288-4803129033-S
https://www.arbeitsagentur.de/jobsuche/jobdetail/10001-1003040205-S,10001-1003040205-S
https://www.arbeitsagentur.de/jobsuche/jobdetail/10001-1003040510-S,10001-1003040510-S
https://www.arbeitsagentur.de/jobsuche/jobdetail/10001-1003038387-S,10001-1003038387-S
https://www.arbeitsagentur.de/jobsuche/jobdetail/10001-1003036613-S,10001-1003036613-S
https://www.arbeitsagentur.de/jobsuche/jobdetail/10001-1003036784-S,10001-1003036784-S
https://www.arbeitsagentur.de/jobsuche/jobdetail/11119-4804110676-S,11119-4804110676-S
https://www.arbeitsagentur.de/jobsuche/jobdetail/18024-100aR0000qP2z-S,18024-100aR0000qP2z-S
https://www.arbeitsagentur.de/jobsuche/jobdetail/12632-6c5a11ba_JB5140358-S,12632-6c5a11ba_JB5140358-S
https://www.arbeitsagentur.de/jobsuche/jobdetail/11081-3B9LV2P02PZTX53Z-S,11081-3B9LV2P02PZTX53Z-S
https://www.arbeitsagentur.de/jobsuche/jobdetail/10001-1003041354-S,10001-1003041354-S
https://www.arbeitsagentur.de/jobsuche/jobdetail/14722-VK9IECZ3VP6YBW8Q-S,14722-VK9IECZ3VP6YBW8Q-S
https://www.arbeitsagentur.de/jobsuche/jobdetail/10000-1206441544-S,10000-1206441544-S
https://www.arbeitsagentur.de/jobsuche/jobdetail/10001-1003033227-S,10001-1003033227-S
https://www.arbeitsagentur.de/jobsuche/jobdetail/10001-1003041440-S,10001-1003041440-S
https://www.arbeitsagentur.de/jobsuche/jobdetail/10001-1003043148-S,10001-1003043148-S
https://www.arbeitsagentur.de/jobsuche/jobdetail/10000-1206445442-S,10000-1206445442-S
https://www.arbeitsagentur.de/jobsuche/jobdetail/14751-373A92779-S,14751-373A92779-S
https://www.arbeitsagentur.de/jobsuche/jobdetail/14751-70A22038-S,14751-70A22038-S
https://www.arbeitsagentur.de/jobsuche/jobdetail/10000-1206415102-S,10000-1206415102-S
https://www.arbeitsagentur.de/jobsuche/jobdetail/10001-1003041530-S,10001-1003041530-S
https://www.arbeitsagentur.de/jobsuche/jobdetail/12811-2249193-S,12811-2249193-S
https://www.arbeitsagentur.de/jobsuche/jobdetail/10000-1206443531-S,10000-1206443531-S
https://www.arbeitsagentur.de/jobsuche/jobdetail/18024-100PJ000VWP0F-S,18024-100PJ000VWP0F-S
https://www.arbeitsagentur.de/jobsuche/jobdetail/19860-IMJAYSOG2IPC7X0X-S,19860-IMJAYSOG2IPC7X0X-S
https://www.arbeitsagentur.de/jobsuche/jobdetail/10001-1003036394-S,10001-1003036394-S
https://www.arbeitsagentur.de/jobsuche/jobdetail/18008-460537328ba576f0-S,18008-460537328ba576f0-S
https://www.arbeitsagentur.de/jobsuche/jobdetail/11949-17215592-S,11949-17215592-S
https://www.arbeitsagentur.de/jobsuche/jobdetail/10000-1206438151-S,10000-1206438151-S
https://www.arbeitsagentur.de/jobsuche/jobdetail/12967-0002_00111296-S,12967-0002_00111296-S
https://www.arbeitsagentur.de/jobsuche/jobdetail/11949-17214535-S,11949-17214535-S
https://www.arbeitsagentur.de/jobsuche/jobdetail/11119-4804130825-S,11119-4804130825-S
https://www.arbeitsagentur.de/jobsuche/jobdetail/10001-1003034433-S,10001-1003034433-S
https://www.arbeitsagentur.de/jobsuche/jobdetail/10001-1003028109-S,10001-1003028109-S
https://www.arbeitsagentur.de/jobsuche/jobdetail/10001-1003040590-S,10001-1003040590-S
https://www.arbeitsagentur.de/jobsuche/jobdetail/14888-MZM8LKHFIDR2XAEP-S,14888-MZM8LKHFIDR2XAEP-S
https://www.arbeitsagentur.de/jobsuche/jobdetail/13509-0000211092a001-S,13509-0000211092a001-S
https://www.arbeitsagentur.de/jobsuche/jobdetail/10001-1003036223-S,10001-1003036223-S
https://www.arbeitsagentur.de/jobsuche/jobdetail/12811-2249216-S,12811-2249216-S
https://www.arbeitsagentur.de/jobsuche/jobdetail/12811-2248976-S,12811-2248976-S
https://www.arbeitsagentur.de/jobsuche/jobdetail/13218-219040_2026-S,13218-219040_2026-S
https://www.arbeitsagentur.de/jobsuche/jobdetail/13635-e8ea10a3_JB5140054-S,13635-e8ea10a3_JB5140054-S
https://www.arbeitsagentur.de/jobsuche/jobdetail/14751-46A6579-S,14751-46A6579-S
https://www.arbeitsagentur.de/jobsuche/jobdetail/14087-AKQWMRIUZHIWL5IW-S,14087-AKQWMRIUZHIWL5IW-S
https://www.arbeitsagentur.de/jobsuche/jobdetail/13635-0496ef86_JB5141059-S,13635-0496ef86_JB5141059-S
https://www.arbeitsagentur.de/jobsuche/jobdetail/11119-4791110617-S,11119-4791110617-S
https://www.arbeitsagentur.de/jobsuche/jobdetail/11949-17215992-S,11949-17215992-S
https://www.arbeitsagentur.de/jobsuche/jobdetail/13398-k12330.30217-S,13398-k12330.30217-S
https://www.arbeitsagentur.de/jobsuche/jobdetail/11949-17215847-S,11949-17215847-S
https://www.arbeitsagentur.de/jobsuche/jobdetail/10001-1003038156-S,10001-1003038156-S
https://www.arbeitsagentur.de/jobsuche/jobdetail/11949-17216747-S,11949-17216747-S
https://www.arbeitsagentur.de/jobsuche/jobdetail/11112-3423-1770832-0-S,11112-3423-1770832-0-S
https://www.arbeitsagentur.de/jobsuche/jobdetail/10001-1003037147-S,10001-1003037147-S
https://www.arbeitsagentur.de/jobsuche/jobdetail/10001-1003039929-S,10001-1003039929-S
https://www.arbeitsagentur.de/jobsuche/jobdetail/16291-59c0e942f79b408-S,16291-59c0e942f79b408-S
https://www.arbeitsagentur.de/jobsuche/jobdetail/11864-BG003E43DTQV3PZ8-S,11864-BG003E43DTQV3PZ8-S
https://www.arbeitsagentur.de/jobsuche/jobdetail/14377-RGLJJAK4CSUXRKA2-S,14377-RGLJJAK4CSUXRKA2-S
https://www.arbeitsagentur.de/jobsuche/jobdetail/12730-5HJTOPB0WGR88H1W-S,12730-5HJTOPB0WGR88H1W-S
https://www.arbeitsagentur.de/jobsuche/jobdetail/12704-QJYWA5KDHC7QVRPP-S,12704-QJYWA5KDHC7QVRPP-S
https://www.arbeitsagentur.de/jobsuche/jobdetail/10000-1206447505-S,10000-1206447505-S
https://www.arbeitsagentur.de/jobsuche/jobdetail/10000-1206437543-S,10000-1206437543-S
https://www.arbeitsagentur.de/jobsuche/jobdetail/13635-53da3b86_JB5140801-S,13635-53da3b86_JB5140801-S
https://www.arbeitsagentur.de/jobsuche/jobdetail/14751-437A318-S,14751-437A318-S
https://www.arbeitsagentur.de/jobsuche/jobdetail/13635-8caf33bb_JB5141005-S,13635-8caf33bb_JB5141005-S
https://www.arbeitsagentur.de/jobsuche/jobdetail/11119-4792608596-S,11119-4792608596-S
https://www.arbeitsagentur.de/jobsuche/jobdetail/10001-1003041720-S,10001-1003041720-S
https://www.arbeitsagentur.de/jobsuche/jobdetail/17985-A9NQ3GFSOF2RLH53-S,17985-A9NQ3GFSOF2RLH53-S
https://www.arbeitsagentur.de/jobsuche/jobdetail/10001-1003038709-S,10001-1003038709-S
https://www.arbeitsagentur.de/jobsuche/jobdetail/11949-17163584-S,11949-17163584-S
https://www.arbeitsagentur.de/jobsuche/jobdetail/18896-8561155-S,18896-8561155-S
https://www.arbeitsagentur.de/jobsuche/jobdetail/10000-1206447326-S,10000-1206447326-S
https://www.arbeitsagentur.de/jobsuche/jobdetail/12811-2249347-S,12811-2249347-S
https://www.arbeitsagentur.de/jobsuche/jobdetail/10001-1003038211-S,10001-1003038211-S
https://www.arbeitsagentur.de/jobsuche/jobdetail/13763-4099-1771059-0-S,13763-4099-1771059-0-S
https://www.arbeitsagentur.de/jobsuche/jobdetail/13465-00021a6497e001-S,13465-00021a6497e001-S
https://www.arbeitsagentur.de/jobsuche/jobdetail/12456-1571324-1-S,12456-1571324-1-S
https://www.arbeitsagentur.de/jobsuche/jobdetail/11949-17215690-S,11949-17215690-S
https://www.arbeitsagentur.de/jobsuche/jobdetail/12287-JOB-812331-S,12287-JOB-812331-S
https://www.arbeitsagentur.de/jobsuche/jobdetail/11949-17215785-S,11949-17215785-S
https://www.arbeitsagentur.de/jobsuche/jobdetail/11949-17215787-S,11949-17215787-S
https://www.arbeitsagentur.de/jobsuche/jobdetail/16989-0002d104216001-S,16989-0002d104216001-S
https://www.arbeitsagentur.de/jobsuche/jobdetail/14040-8XZMA51LISXYPREB-S,14040-8XZMA51LISXYPREB-S
https://www.arbeitsagentur.de/jobsuche/jobdetail/10001-1003031260-S,10001-1003031260-S
https://www.arbeitsagentur.de/jobsuche/jobdetail/11949-17216228-S,11949-17216228-S
https://www.arbeitsagentur.de/jobsuche/jobdetail/11949-17215493-S,11949-17215493-S
https://www.arbeitsagentur.de/jobsuche/jobdetail/16291-d77505d06c68452-S,16291-d77505d06c68452-S
https://www.arbeitsagentur.de/jobsuche/jobdetail/17803-NGB1JKD3SH6FKATU-S,17803-NGB1JKD3SH6FKATU-S
https://www.arbeitsagentur.de/jobsuche/jobdetail/10001-1003041258-S,10001-1003041258-S
https://www.arbeitsagentur.de/jobsuche/jobdetail/11864-RXEWPTF8VIN8LCPU-S,11864-RXEWPTF8VIN8LCPU-S
https://www.arbeitsagentur.de/jobsuche/jobdetail/11949-17215236-S,11949-17215236-S
https://www.arbeitsagentur.de/jobsuche/jobdetail/11949-17214369-S,11949-17214369-S
https://www.arbeitsagentur.de/jobsuche/jobdetail/15640-28IFLCTDT50PISY5-S,15640-28IFLCTDT50PISY5-S
https://www.arbeitsagentur.de/jobsuche/jobdetail/12811-2249087-S,12811-2249087-S
https://www.arbeitsagentur.de/jobsuche/jobdetail/16925-SR22NTS1JEG0O5HF-S,16925-SR22NTS1JEG0O5HF-S
https://www.arbeitsagentur.de/jobsuche/jobdetail/12787-256766060526-S,12787-256766060526-S
https://www.arbeitsagentur.de/jobsuche/jobdetail/11949-17215270-S,11949-17215270-S
https://www.arbeitsagentur.de/jobsuche/jobdetail/14751-437A376-S,14751-437A376-S
https://www.arbeitsagentur.de/jobsuche/jobdetail/12288-4803130516-S,12288-4803130516-S
https://www.arbeitsagentur.de/jobsuche/jobdetail/16757-104-1771073-0-S,16757-104-1771073-0-S
https://www.arbeitsagentur.de/jobsuche/jobdetail/10001-1003033855-S,10001-1003033855-S
https://www.arbeitsagentur.de/jobsuche/jobdetail/10001-1003038678-S,10001-1003038678-S
https://www.arbeitsagentur.de/jobsuche/jobdetail/15939-BB-633658-7878-9450-S,15939-BB-633658-7878-9450-S
https://www.arbeitsagentur.de/jobsuche/jobdetail/13635-66ce952e_JB5139908-S,13635-66ce952e_JB5139908-S
https://www.arbeitsagentur.de/jobsuche/jobdetail/10000-1206431153-S,10000-1206431153-S
https://www.arbeitsagentur.de/jobsuche/jobdetail/14751-272A542-S,14751-272A542-S
https://www.arbeitsagentur.de/jobsuche/jobdetail/14038-2026050722218-S,14038-2026050722218-S
https://www.arbeitsagentur.de/jobsuche/jobdetail/13635-1731587e_JB5139796-S,13635-1731587e_JB5139796-S
https://www.arbeitsagentur.de/jobsuche/jobdetail/11081-VNGY2KUGRZKVXP0D-S,11081-VNGY2KUGRZKVXP0D-S
https://www.arbeitsagentur.de/jobsuche/jobdetail/17803-260506171017-ER1308-S,17803-260506171017-ER1308-S
https://www.arbeitsagentur.de/jobsuche/jobdetail/10001-1003042104-S,10001-1003042104-S
https://www.arbeitsagentur.de/jobsuche/jobdetail/10001-1003039069-S,10001-1003039069-S
https://www.arbeitsagentur.de/jobsuche/jobdetail/12704-E6ES4Q64G96PRDCR-S,12704-E6ES4Q64G96PRDCR-S
https://www.arbeitsagentur.de/jobsuche/jobdetail/15940-AD4NTCRFE8SS6FO7-S,15940-AD4NTCRFE8SS6FO7-S
https://www.arbeitsagentur.de/jobsuche/jobdetail/11119-4804112429-S,11119-4804112429-S
https://www.arbeitsagentur.de/jobsuche/jobdetail/10001-1003034048-S,10001-1003034048-S
https://www.arbeitsagentur.de/jobsuche/jobdetail/10000-1206438545-S,10000-1206438545-S
https://www.arbeitsagentur.de/jobsuche/jobdetail/12086-GRM77J5LJ8CZCX3M-S,12086-GRM77J5LJ8CZCX3M-S
https://www.arbeitsagentur.de/jobsuche/jobdetail/14751-70A22057-S,14751-70A22057-S
https://www.arbeitsagentur.de/jobsuche/jobdetail/10000-1206437161-S,10000-1206437161-S
https://www.arbeitsagentur.de/jobsuche/jobdetail/10001-1003043050-S,10001-1003043050-S
https://www.arbeitsagentur.de/jobsuche/jobdetail/13509-00002110912001-S,13509-00002110912001-S
https://www.arbeitsagentur.de/jobsuche/jobdetail/10001-1003034081-S,10001-1003034081-S
https://www.arbeitsagentur.de/jobsuche/jobdetail/13356-105555A48133C6-S,13356-105555A48133C6-S
https://www.arbeitsagentur.de/jobsuche/jobdetail/11119-4792561702-S,11119-4792561702-S
https://www.arbeitsagentur.de/jobsuche/jobdetail/10001-1003042863-S,10001-1003042863-S
https://www.arbeitsagentur.de/jobsuche/jobdetail/14751-437A342-S,14751-437A342-S
https://www.arbeitsagentur.de/jobsuche/jobdetail/13465-00021a648d2001-S,13465-00021a648d2001-S
https://www.arbeitsagentur.de/jobsuche/jobdetail/11864-5BCQ1KS2B8HQ0220-S,11864-5BCQ1KS2B8HQ0220-S
https://www.arbeitsagentur.de/jobsuche/jobdetail/20730-2248794-S,20730-2248794-S
https://www.arbeitsagentur.de/jobsuche/jobdetail/12811-2249235-S,12811-2249235-S
https://www.arbeitsagentur.de/jobsuche/jobdetail/12162-VAR1YA9Z77D0UFCS-S,12162-VAR1YA9Z77D0UFCS-S
https://www.arbeitsagentur.de/jobsuche/jobdetail/10000-1206435695-S,10000-1206435695-S
https://www.arbeitsagentur.de/jobsuche/jobdetail/12704-DQKO9DC8MSDC27E2-S,12704-DQKO9DC8MSDC27E2-S
https://www.arbeitsagentur.de/jobsuche/jobdetail/10001-1003036033-S,10001-1003036033-S
https://www.arbeitsagentur.de/jobsuche/jobdetail/17803-260506170707-PH1312-S,17803-260506170707-PH1312-S
https://www.arbeitsagentur.de/jobsuche/jobdetail/12288-4803123098-S,12288-4803123098-S
https://www.arbeitsagentur.de/jobsuche/jobdetail/10000-1206430739-S,10000-1206430739-S
https://www.arbeitsagentur.de/jobsuche/jobdetail/17803-260507173008-ER1415-S,17803-260507173008-ER1415-S
https://www.arbeitsagentur.de/jobsuche/jobdetail/12811-2249155-S,12811-2249155-S
https://www.arbeitsagentur.de/jobsuche/jobdetail/12288-4803160769-S,12288-4803160769-S
https://www.arbeitsagentur.de/jobsuche/jobdetail/10001-1003039151-S,10001-1003039151-S
https://www.arbeitsagentur.de/jobsuche/jobdetail/17803-260506170748-PF1318-S,17803-260506170748-PF1318-S
https://www.arbeitsagentur.de/jobsuche/jobdetail/10000-1206431924-S,10000-1206431924-S
https://www.arbeitsagentur.de/jobsuche/jobdetail/16185-WXM61H0GY7SR4U4B-S,16185-WXM61H0GY7SR4U4B-S
https://www.arbeitsagentur.de/jobsuche/jobdetail/13669-U1G0I3XJ9T2XXUPT-S,13669-U1G0I3XJ9T2XXUPT-S
https://www.arbeitsagentur.de/jobsuche/jobdetail/11949-17213878-S,11949-17213878-S
https://www.arbeitsagentur.de/jobsuche/jobdetail/10000-1206443657-S,10000-1206443657-S
https://www.arbeitsagentur.de/jobsuche/jobdetail/11949-17215371-S,11949-17215371-S
https://www.arbeitsagentur.de/jobsuche/jobdetail/17560-88256eab7f69407-S,17560-88256eab7f69407-S
https://www.arbeitsagentur.de/jobsuche/jobdetail/20730-2248791-S,20730-2248791-S
https://www.arbeitsagentur.de/jobsuche/jobdetail/12811-2248737-S,12811-2248737-S
https://www.arbeitsagentur.de/jobsuche/jobdetail/11949-17214470-S,11949-17214470-S
https://www.arbeitsagentur.de/jobsuche/jobdetail/10001-1003040157-S,10001-1003040157-S
https://www.arbeitsagentur.de/jobsuche/jobdetail/11868-13742790-S,11868-13742790-S
https://www.arbeitsagentur.de/jobsuche/jobdetail/11119-4802972747-S,11119-4802972747-S
https://www.arbeitsagentur.de/jobsuche/jobdetail/12811-2248996-S,12811-2248996-S
https://www.arbeitsagentur.de/jobsuche/jobdetail/14751-70A22018-S,14751-70A22018-S
https://www.arbeitsagentur.de/jobsuche/jobdetail/10001-1003035881-S,10001-1003035881-S
https://www.arbeitsagentur.de/jobsuche/jobdetail/12086-5A1CDOT63C5NIVSW-S,12086-5A1CDOT63C5NIVSW-S
https://www.arbeitsagentur.de/jobsuche/jobdetail/12811-2249221-S,12811-2249221-S
https://www.arbeitsagentur.de/jobsuche/jobdetail/10001-1003040880-S,10001-1003040880-S
https://www.arbeitsagentur.de/jobsuche/jobdetail/11949-17213837-S,11949-17213837-S
https://www.arbeitsagentur.de/jobsuche/jobdetail/18024-100PC000Ade1Z-S,18024-100PC000Ade1Z-S
https://www.arbeitsagentur.de/jobsuche/jobdetail/13356-101810A47152C12-S,13356-101810A47152C12-S
https://www.arbeitsagentur.de/jobsuche/jobdetail/10001-1003035967-S,10001-1003035967-S
https://www.arbeitsagentur.de/jobsuche/jobdetail/14927-l88mgz215p-S,14927-l88mgz215p-S
https://www.arbeitsagentur.de/jobsuche/jobdetail/10000-1206429377-S,10000-1206429377-S
https://www.arbeitsagentur.de/jobsuche/jobdetail/10001-1003040790-S,10001-1003040790-S
https://www.arbeitsagentur.de/jobsuche/jobdetail/10000-1206448211-S,10000-1206448211-S
https://www.arbeitsagentur.de/jobsuche/jobdetail/10001-1003040185-S,10001-1003040185-S
https://www.arbeitsagentur.de/jobsuche/jobdetail/13635-7ba46892_JB5140580-S,13635-7ba46892_JB5140580-S
https://www.arbeitsagentur.de/jobsuche/jobdetail/13635-9c47c554_JB5140378-S,13635-9c47c554_JB5140378-S
https://www.arbeitsagentur.de/jobsuche/jobdetail/18593-1569980-1-S,18593-1569980-1-S
https://www.arbeitsagentur.de/jobsuche/jobdetail/12513-0007639491-S,12513-0007639491-S
https://www.arbeitsagentur.de/jobsuche/jobdetail/11949-17216563-S,11949-17216563-S
https://www.arbeitsagentur.de/jobsuche/jobdetail/15160-SHCGUE8L6BXH3PH1-S,15160-SHCGUE8L6BXH3PH1-S
https://www.arbeitsagentur.de/jobsuche/jobdetail/11864-T2EFZ0XZPNSEL09W-S,11864-T2EFZ0XZPNSEL09W-S
https://www.arbeitsagentur.de/jobsuche/jobdetail/12704-DZ3AO5W3HK1EBLMN-S,12704-DZ3AO5W3HK1EBLMN-S
https://www.arbeitsagentur.de/jobsuche/jobdetail/13032-KL2OWSF0PKOS2PHP-S,13032-KL2OWSF0PKOS2PHP-S
https://www.arbeitsagentur.de/jobsuche/jobdetail/10000-1206335117-S,10000-1206335117-S
https://www.arbeitsagentur.de/jobsuche/jobdetail/11081-AS913QOLHP47JL4P-S,11081-AS913QOLHP47JL4P-S
https://www.arbeitsagentur.de/jobsuche/jobdetail/14927-xmwkvz7abk-S,14927-xmwkvz7abk-S
https://www.arbeitsagentur.de/jobsuche/jobdetail/11949-17215431-S,11949-17215431-S
https://www.arbeitsagentur.de/jobsuche/jobdetail/11119-4802965268-S,11119-4802965268-S
https://www.arbeitsagentur.de/jobsuche/jobdetail/10001-1003040574-S,10001-1003040574-S
https://www.arbeitsagentur.de/jobsuche/jobdetail/11949-17214938-S,11949-17214938-S
https://www.arbeitsagentur.de/jobsuche/jobdetail/20242-4804159901-S,20242-4804159901-S
https://www.arbeitsagentur.de/jobsuche/jobdetail/11119-4804125778-S,11119-4804125778-S
https://www.arbeitsagentur.de/jobsuche/jobdetail/17803-260507173118-HE1406-S,17803-260507173118-HE1406-S
https://www.arbeitsagentur.de/jobsuche/jobdetail/10000-1206436079-S,10000-1206436079-S
https://www.arbeitsagentur.de/jobsuche/jobdetail/10001-1003037060-S,10001-1003037060-S
https://www.arbeitsagentur.de/jobsuche/jobdetail/11119-4804114122-S,11119-4804114122-S
https://www.arbeitsagentur.de/jobsuche/jobdetail/10001-1003039941-S,10001-1003039941-S
https://www.arbeitsagentur.de/jobsuche/jobdetail/10001-1003039715-S,10001-1003039715-S
https://www.arbeitsagentur.de/jobsuche/jobdetail/11949-17215789-S,11949-17215789-S
https://www.arbeitsagentur.de/jobsuche/jobdetail/10001-1003040021-S,10001-1003040021-S
https://www.arbeitsagentur.de/jobsuche/jobdetail/13334-00005f643d6001-S,13334-00005f643d6001-S
https://www.arbeitsagentur.de/jobsuche/jobdetail/14751-417A10899-S,14751-417A10899-S
https://www.arbeitsagentur.de/jobsuche/jobdetail/10001-1003041547-S,10001-1003041547-S
https://www.arbeitsagentur.de/jobsuche/jobdetail/13635-83a56c24_JB5139761-S,13635-83a56c24_JB5139761-S
https://www.arbeitsagentur.de/jobsuche/jobdetail/10001-1003037497-S,10001-1003037497-S
https://www.arbeitsagentur.de/jobsuche/jobdetail/10000-1206443866-S,10000-1206443866-S
https://www.arbeitsagentur.de/jobsuche/jobdetail/14373-k36443.4009-S,14373-k36443.4009-S
https://www.arbeitsagentur.de/jobsuche/jobdetail/15937-k55805.115254-S,15937-k55805.115254-S
https://www.arbeitsagentur.de/jobsuche/jobdetail/10001-1003014550-S,10001-1003014550-S
https://www.arbeitsagentur.de/jobsuche/jobdetail/10000-1206438503-S,10000-1206438503-S
https://www.arbeitsagentur.de/jobsuche/jobdetail/11119-4803148715-S,11119-4803148715-S
https://www.arbeitsagentur.de/jobsuche/jobdetail/12288-4803148989-S,12288-4803148989-S
https://www.arbeitsagentur.de/jobsuche/jobdetail/10000-1206442387-S,10000-1206442387-S
https://www.arbeitsagentur.de/jobsuche/jobdetail/10001-1003037936-S,10001-1003037936-S
https://www.arbeitsagentur.de/jobsuche/jobdetail/16963-REF392A-1981494248-S,16963-REF392A-1981494248-S
https://www.arbeitsagentur.de/jobsuche/jobdetail/14795-66434_118835-S,14795-66434_118835-S
https://www.arbeitsagentur.de/jobsuche/jobdetail/16291-dd9d519ae1c7481-S,16291-dd9d519ae1c7481-S
https://www.arbeitsagentur.de/jobsuche/jobdetail/18024-100PJ000VZt07-S,18024-100PJ000VZt07-S
https://www.arbeitsagentur.de/jobsuche/jobdetail/11119-4791131471-S,11119-4791131471-S
https://www.arbeitsagentur.de/jobsuche/jobdetail/10001-1003035960-S,10001-1003035960-S
https://www.arbeitsagentur.de/jobsuche/jobdetail/17803-260506171134-AH1317-S,17803-260506171134-AH1317-S
https://www.arbeitsagentur.de/jobsuche/jobdetail/11949-17212922-S,11949-17212922-S
https://www.arbeitsagentur.de/jobsuche/jobdetail/10000-1206448500-S,10000-1206448500-S
https://www.arbeitsagentur.de/jobsuche/jobdetail/10001-1003042241-S,10001-1003042241-S
https://www.arbeitsagentur.de/jobsuche/jobdetail/16819-f2fb49442c55af89-S,16819-f2fb49442c55af89-S
https://www.arbeitsagentur.de/jobsuche/jobdetail/18024-100PJ000VMj0e-S,18024-100PJ000VMj0e-S
https://www.arbeitsagentur.de/jobsuche/jobdetail/10001-1003039798-S,10001-1003039798-S
https://www.arbeitsagentur.de/jobsuche/jobdetail/10001-1003042911-S,10001-1003042911-S
https://www.arbeitsagentur.de/jobsuche/jobdetail/14385-406-2565339-26-S,14385-406-2565339-26-S
https://www.arbeitsagentur.de/jobsuche/jobdetail/14186-00060203cee001-S,14186-00060203cee001-S
https://www.arbeitsagentur.de/jobsuche/jobdetail/10001-1003042783-S,10001-1003042783-S
https://www.arbeitsagentur.de/jobsuche/jobdetail/10001-1003042593-S,10001-1003042593-S
https://www.arbeitsagentur.de/jobsuche/jobdetail/15576-2248338-S,15576-2248338-S
https://www.arbeitsagentur.de/jobsuche/jobdetail/10001-1003038697-S,10001-1003038697-S
https://www.arbeitsagentur.de/jobsuche/jobdetail/10001-1003035064-S,10001-1003035064-S
https://www.arbeitsagentur.de/jobsuche/jobdetail/13643-AW_609657LS-S,13643-AW_609657LS-S
https://www.arbeitsagentur.de/jobsuche/jobdetail/10001-1003034357-S,10001-1003034357-S
https://www.arbeitsagentur.de/jobsuche/jobdetail/13635-26515fab_JB5139767-S,13635-26515fab_JB5139767-S
https://www.arbeitsagentur.de/jobsuche/jobdetail/12704-O6ITPKC9L196QJQ0-S,12704-O6ITPKC9L196QJQ0-S
https://www.arbeitsagentur.de/jobsuche/jobdetail/13635-56cc8c31_JB5140565-S,13635-56cc8c31_JB5140565-S
https://www.arbeitsagentur.de/jobsuche/jobdetail/14792-LIKJB1TMJJVI1C8T-S,14792-LIKJB1TMJJVI1C8T-S
https://www.arbeitsagentur.de/jobsuche/jobdetail/14751-70A22074-S,14751-70A22074-S
https://www.arbeitsagentur.de/jobsuche/jobdetail/13192-BB-628510-7878-6894-S,13192-BB-628510-7878-6894-S
https://www.arbeitsagentur.de/jobsuche/jobdetail/12811-2249310-S,12811-2249310-S
https://www.arbeitsagentur.de/jobsuche/jobdetail/20593-44160167-56-S,20593-44160167-56-S
https://www.arbeitsagentur.de/jobsuche/jobdetail/14087-VMOWEU1WTBNJHWNB-S,14087-VMOWEU1WTBNJHWNB-S
https://www.arbeitsagentur.de/jobsuche/jobdetail/11949-17213408-S,11949-17213408-S
https://www.arbeitsagentur.de/jobsuche/jobdetail/11949-17216083-S,11949-17216083-S
https://www.arbeitsagentur.de/jobsuche/jobdetail/11949-17215993-S,11949-17215993-S
https://www.arbeitsagentur.de/jobsuche/jobdetail/10001-1003041056-S,10001-1003041056-S
https://www.arbeitsagentur.de/jobsuche/jobdetail/17803-260506171109-HE1321-S,17803-260506171109-HE1321-S
https://www.arbeitsagentur.de/jobsuche/jobdetail/18024-100PJ000UKJ1k-S,18024-100PJ000UKJ1k-S
https://www.arbeitsagentur.de/jobsuche/jobdetail/10001-1003038868-S,10001-1003038868-S
https://www.arbeitsagentur.de/jobsuche/jobdetail/10001-1003034836-S,10001-1003034836-S
https://www.arbeitsagentur.de/jobsuche/jobdetail/10000-1206436479-S,10000-1206436479-S
https://www.arbeitsagentur.de/jobsuche/jobdetail/15428-P8FG2R4T7I5UJZNV-S,15428-P8FG2R4T7I5UJZNV-S
https://www.arbeitsagentur.de/jobsuche/jobdetail/16819-dd86f6c872ff8306-S,16819-dd86f6c872ff8306-S
https://www.arbeitsagentur.de/jobsuche/jobdetail/12608-1401675-7912-1-S,12608-1401675-7912-1-S
https://www.arbeitsagentur.de/jobsuche/jobdetail/11949-17216716-S,11949-17216716-S
https://www.arbeitsagentur.de/jobsuche/jobdetail/13356-101850A40556C32-S,13356-101850A40556C32-S
https://www.arbeitsagentur.de/jobsuche/jobdetail/11949-17213746-S,11949-17213746-S
https://www.arbeitsagentur.de/jobsuche/jobdetail/13433-670OC35T4G038LG1-S,13433-670OC35T4G038LG1-S
https://www.arbeitsagentur.de/jobsuche/jobdetail/13635-5405d4e5_JB5140933-S,13635-5405d4e5_JB5140933-S
https://www.arbeitsagentur.de/jobsuche/jobdetail/12122-209095-1770691-0-S,12122-209095-1770691-0-S
https://www.arbeitsagentur.de/jobsuche/jobdetail/20561-944332960-S,20561-944332960-S
https://www.arbeitsagentur.de/jobsuche/jobdetail/12322-EBBGXR5LSMXXWHO1-S,12322-EBBGXR5LSMXXWHO1-S
https://www.arbeitsagentur.de/jobsuche/jobdetail/12811-2248608-S,12811-2248608-S
https://www.arbeitsagentur.de/jobsuche/jobdetail/10001-1003041510-S,10001-1003041510-S
https://www.arbeitsagentur.de/jobsuche/jobdetail/10001-1003037772-S,10001-1003037772-S
https://www.arbeitsagentur.de/jobsuche/jobdetail/12906-206A1310-S,12906-206A1310-S
https://www.arbeitsagentur.de/jobsuche/jobdetail/12730-FKQI3379L01SELGK-S,12730-FKQI3379L01SELGK-S
https://www.arbeitsagentur.de/jobsuche/jobdetail/11949-17215606-S,11949-17215606-S
https://www.arbeitsagentur.de/jobsuche/jobdetail/10001-1003039185-S,10001-1003039185-S
https://www.arbeitsagentur.de/jobsuche/jobdetail/12032-R62FCF2E1-S,12032-R62FCF2E1-S
https://www.arbeitsagentur.de/jobsuche/jobdetail/12811-2249016-S,12811-2249016-S
https://www.arbeitsagentur.de/jobsuche/jobdetail/11081-K12LGE6SAIR83OCM-S,11081-K12LGE6SAIR83OCM-S
https://www.arbeitsagentur.de/jobsuche/jobdetail/11119-4804191787-S,11119-4804191787-S
https://www.arbeitsagentur.de/jobsuche/jobdetail/13635-55c73d1f_JB5140478-S,13635-55c73d1f_JB5140478-S
https://www.arbeitsagentur.de/jobsuche/jobdetail/11949-17214780-S,11949-17214780-S
https://www.arbeitsagentur.de/jobsuche/jobdetail/11864-LB71KO2BIPSOIGI1-S,11864-LB71KO2BIPSOIGI1-S
https://www.arbeitsagentur.de/jobsuche/jobdetail/13635-js_ul_49_JB5140512-S,13635-js_ul_49_JB5140512-S
https://www.arbeitsagentur.de/jobsuche/jobdetail/11949-17213361-S,11949-17213361-S
https://www.arbeitsagentur.de/jobsuche/jobdetail/10001-1003039380-S,10001-1003039380-S
https://www.arbeitsagentur.de/jobsuche/jobdetail/10001-1003034861-S,10001-1003034861-S
https://www.arbeitsagentur.de/jobsuche/jobdetail/10001-1003038797-S,10001-1003038797-S
https://www.arbeitsagentur.de/jobsuche/jobdetail/18024-100PJ000Twn1M-S,18024-100PJ000Twn1M-S
https://www.arbeitsagentur.de/jobsuche/jobdetail/10001-1003039704-S,10001-1003039704-S
https://www.arbeitsagentur.de/jobsuche/jobdetail/14927-cgnk0daawn-S,14927-cgnk0daawn-S
https://www.arbeitsagentur.de/jobsuche/jobdetail/19466-4804127107-S,19466-4804127107-S
https://www.arbeitsagentur.de/jobsuche/jobdetail/14333-2026g15slt6j-000-S,14333-2026g15slt6j-000-S
https://www.arbeitsagentur.de/jobsuche/jobdetail/11949-17215811-S,11949-17215811-S
https://www.arbeitsagentur.de/jobsuche/jobdetail/10001-1003042503-S,10001-1003042503-S
https://www.arbeitsagentur.de/jobsuche/jobdetail/10001-1003036879-S,10001-1003036879-S
https://www.arbeitsagentur.de/jobsuche/jobdetail/11119-4803021890-S,11119-4803021890-S
https://www.arbeitsagentur.de/jobsuche/jobdetail/10001-1003041603-S,10001-1003041603-S
https://www.arbeitsagentur.de/jobsuche/jobdetail/14751-373A97239-S,14751-373A97239-S
https://www.arbeitsagentur.de/jobsuche/jobdetail/11949-17215377-S,11949-17215377-S
https://www.arbeitsagentur.de/jobsuche/jobdetail/12054-NPZP3P36C8EXCI2R-S,12054-NPZP3P36C8EXCI2R-S
https://www.arbeitsagentur.de/jobsuche/jobdetail/10001-1003036913-S,10001-1003036913-S
https://www.arbeitsagentur.de/jobsuche/jobdetail/12086-KAPC0AP5GU9N7WR8-S,12086-KAPC0AP5GU9N7WR8-S
https://www.arbeitsagentur.de/jobsuche/jobdetail/17803-260507172937-OA1405-S,17803-260507172937-OA1405-S
https://www.arbeitsagentur.de/jobsuche/jobdetail/10001-1002860505-S,10001-1002860505-S
https://www.arbeitsagentur.de/jobsuche/jobdetail/10001-1003035697-S,10001-1003035697-S
https://www.arbeitsagentur.de/jobsuche/jobdetail/16963-REF36R-1211034248-S,16963-REF36R-1211034248-S
https://www.arbeitsagentur.de/jobsuche/jobdetail/17394-2024-11460135-S,17394-2024-11460135-S
https://www.arbeitsagentur.de/jobsuche/jobdetail/10001-1003039771-S,10001-1003039771-S
https://www.arbeitsagentur.de/jobsuche/jobdetail/14537-000666055da001-S,14537-000666055da001-S
https://www.arbeitsagentur.de/jobsuche/jobdetail/11949-17209474-S,11949-17209474-S
https://www.arbeitsagentur.de/jobsuche/jobdetail/17724-1OQNI8BERH3TQ2WZ-S,17724-1OQNI8BERH3TQ2WZ-S
https://www.arbeitsagentur.de/jobsuche/jobdetail/12057-PPW8HXKDLJS93FDR-S,12057-PPW8HXKDLJS93FDR-S
https://www.arbeitsagentur.de/jobsuche/jobdetail/13356-406863A45240C18-S,13356-406863A45240C18-S
https://www.arbeitsagentur.de/jobsuche/jobdetail/17405-k60982.1561-S,17405-k60982.1561-S
https://www.arbeitsagentur.de/jobsuche/jobdetail/18248-GF6ZACXHDRWZKFDN-S,18248-GF6ZACXHDRWZKFDN-S
https://www.arbeitsagentur.de/jobsuche/jobdetail/13398-k12330.30221-S,13398-k12330.30221-S
https://www.arbeitsagentur.de/jobsuche/jobdetail/12704-CKXD9GJVXLW8IJIU-S,12704-CKXD9GJVXLW8IJIU-S
https://www.arbeitsagentur.de/jobsuche/jobdetail/13343-k11957.3207636-S,13343-k11957.3207636-S
https://www.arbeitsagentur.de/jobsuche/jobdetail/13356-10222A48074C6-S,13356-10222A48074C6-S
https://www.arbeitsagentur.de/jobsuche/jobdetail/14888-LXI9MVMPGEA7U1J8-S,14888-LXI9MVMPGEA7U1J8-S
https://www.arbeitsagentur.de/jobsuche/jobdetail/11119-4804177561-S,11119-4804177561-S
https://www.arbeitsagentur.de/jobsuche/jobdetail/11112-3560-1770768-0-S,11112-3560-1770768-0-S
https://www.arbeitsagentur.de/jobsuche/jobdetail/16590-9P6I4O2T0Y0VB1R0-S,16590-9P6I4O2T0Y0VB1R0-S
https://www.arbeitsagentur.de/jobsuche/jobdetail/17803-260507173152-AH1416-S,17803-260507173152-AH1416-S
https://www.arbeitsagentur.de/jobsuche/jobdetail/11119-4804204109-S,11119-4804204109-S
https://www.arbeitsagentur.de/jobsuche/jobdetail/14751-417A10894-S,14751-417A10894-S
https://www.arbeitsagentur.de/jobsuche/jobdetail/11949-17212043-S,11949-17212043-S
https://www.arbeitsagentur.de/jobsuche/jobdetail/14471-X80QK6QB3OVKOH5W-S,14471-X80QK6QB3OVKOH5W-S
https://www.arbeitsagentur.de/jobsuche/jobdetail/10001-1003041885-S,10001-1003041885-S
https://www.arbeitsagentur.de/jobsuche/jobdetail/14722-VFH6ZIAC6NRELOTM-S,14722-VFH6ZIAC6NRELOTM-S
https://www.arbeitsagentur.de/jobsuche/jobdetail/12634-BB-640813-7878-2545-S,12634-BB-640813-7878-2545-S
https://www.arbeitsagentur.de/jobsuche/jobdetail/15937-k55805.115298-S,15937-k55805.115298-S
https://www.arbeitsagentur.de/jobsuche/jobdetail/11119-4804124398-S,11119-4804124398-S
https://www.arbeitsagentur.de/jobsuche/jobdetail/10000-1206411453-S,10000-1206411453-S
https://www.arbeitsagentur.de/jobsuche/jobdetail/11119-4804170296-S,11119-4804170296-S
https://www.arbeitsagentur.de/jobsuche/jobdetail/10000-1206424499-S,10000-1206424499-S
https://www.arbeitsagentur.de/jobsuche/jobdetail/14076-BB-13165-7878-21913-S,14076-BB-13165-7878-21913-S
https://www.arbeitsagentur.de/jobsuche/jobdetail/12826-SA0137603_JB5141030-S,12826-SA0137603_JB5141030-S
https://www.arbeitsagentur.de/jobsuche/jobdetail/11949-17215925-S,11949-17215925-S
https://www.arbeitsagentur.de/jobsuche/jobdetail/10001-1003038499-S,10001-1003038499-S
https://www.arbeitsagentur.de/jobsuche/jobdetail/10001-1003038696-S,10001-1003038696-S
https://www.arbeitsagentur.de/jobsuche/jobdetail/10000-1206436771-S,10000-1206436771-S
https://www.arbeitsagentur.de/jobsuche/jobdetail/12632-280d1df0_JB5139659-S,12632-280d1df0_JB5139659-S
https://www.arbeitsagentur.de/jobsuche/jobdetail/11949-17215358-S,11949-17215358-S
https://www.arbeitsagentur.de/jobsuche/jobdetail/10000-1206443119-S,10000-1206443119-S
https://www.arbeitsagentur.de/jobsuche/jobdetail/10001-1003038229-S,10001-1003038229-S
https://www.arbeitsagentur.de/jobsuche/jobdetail/12306-Y7LPU4K9HDGDJL3M-S,12306-Y7LPU4K9HDGDJL3M-S
https://www.arbeitsagentur.de/jobsuche/jobdetail/11949-17213978-S,11949-17213978-S
https://www.arbeitsagentur.de/jobsuche/jobdetail/15690-D6V4207W02V8M80V-S,15690-D6V4207W02V8M80V-S
https://www.arbeitsagentur.de/jobsuche/jobdetail/10001-1003037792-S,10001-1003037792-S
https://www.arbeitsagentur.de/jobsuche/jobdetail/12288-4803120727-S,12288-4803120727-S
https://www.arbeitsagentur.de/jobsuche/jobdetail/10001-1003032478-S,10001-1003032478-S
https://www.arbeitsagentur.de/jobsuche/jobdetail/12811-2249168-S,12811-2249168-S
https://www.arbeitsagentur.de/jobsuche/jobdetail/13356-105550A47708C8-S,13356-105550A47708C8-S
https://www.arbeitsagentur.de/jobsuche/jobdetail/10001-1003042462-S,10001-1003042462-S
https://www.arbeitsagentur.de/jobsuche/jobdetail/11119-4802995721-S,11119-4802995721-S
https://www.arbeitsagentur.de/jobsuche/jobdetail/11949-17216531-S,11949-17216531-S
https://www.arbeitsagentur.de/jobsuche/jobdetail/10000-1206435799-S,10000-1206435799-S
https://www.arbeitsagentur.de/jobsuche/jobdetail/11949-17216019-S,11949-17216019-S
https://www.arbeitsagentur.de/jobsuche/jobdetail/10001-1003040580-S,10001-1003040580-S
https://www.arbeitsagentur.de/jobsuche/jobdetail/10000-1206450352-S,10000-1206450352-S
https://www.arbeitsagentur.de/jobsuche/jobdetail/10001-1003035620-S,10001-1003035620-S
https://www.arbeitsagentur.de/jobsuche/jobdetail/10001-1003039142-S,10001-1003039142-S
https://www.arbeitsagentur.de/jobsuche/jobdetail/13635-df1a2b63_JB5140744-S,13635-df1a2b63_JB5140744-S
https://www.arbeitsagentur.de/jobsuche/jobdetail/14722-GR4BYZ5KY0VZLZER-S,14722-GR4BYZ5KY0VZLZER-S
https://www.arbeitsagentur.de/jobsuche/jobdetail/12288-4803077663-S,12288-4803077663-S
https://www.arbeitsagentur.de/jobsuche/jobdetail/15537-JOB-838350-S,15537-JOB-838350-S
https://www.arbeitsagentur.de/jobsuche/jobdetail/15015-19590-1770921-0-S,15015-19590-1770921-0-S
https://www.arbeitsagentur.de/jobsuche/jobdetail/12513-0007639519-S,12513-0007639519-S
https://www.arbeitsagentur.de/jobsuche/jobdetail/12288-4803104740-S,12288-4803104740-S
https://www.arbeitsagentur.de/jobsuche/jobdetail/10000-1206431155-S,10000-1206431155-S
https://www.arbeitsagentur.de/jobsuche/jobdetail/10001-1003036810-S,10001-1003036810-S
https://www.arbeitsagentur.de/jobsuche/jobdetail/18024-100PJ000MMI1p-S,18024-100PJ000MMI1p-S
https://www.arbeitsagentur.de/jobsuche/jobdetail/12811-2248494-S,12811-2248494-S
https://www.arbeitsagentur.de/jobsuche/jobdetail/15699-1571585-1-S,15699-1571585-1-S
https://www.arbeitsagentur.de/jobsuche/jobdetail/11949-17216723-S,11949-17216723-S
https://www.arbeitsagentur.de/jobsuche/jobdetail/10000-1206448370-S,10000-1206448370-S
https://www.arbeitsagentur.de/jobsuche/jobdetail/15939-BB-633506-7878-7075-S,15939-BB-633506-7878-7075-S
https://www.arbeitsagentur.de/jobsuche/jobdetail/10001-1003042175-S,10001-1003042175-S
https://www.arbeitsagentur.de/jobsuche/jobdetail/11119-4802962520-S,11119-4802962520-S
https://www.arbeitsagentur.de/jobsuche/jobdetail/12811-2248135-S,12811-2248135-S
https://www.arbeitsagentur.de/jobsuche/jobdetail/12811-2248252-S,12811-2248252-S
https://www.arbeitsagentur.de/jobsuche/jobdetail/14385-449-2565451-26-S,14385-449-2565451-26-S
https://www.arbeitsagentur.de/jobsuche/jobdetail/11119-4791109614-S,11119-4791109614-S
https://www.arbeitsagentur.de/jobsuche/jobdetail/12456-1571565-1-S,12456-1571565-1-S
https://www.arbeitsagentur.de/jobsuche/jobdetail/12811-2249291-S,12811-2249291-S
https://www.arbeitsagentur.de/jobsuche/jobdetail/12438-13742555-S,12438-13742555-S
https://www.arbeitsagentur.de/jobsuche/jobdetail/13635-d4358449_JB5140534-S,13635-d4358449_JB5140534-S
https://www.arbeitsagentur.de/jobsuche/jobdetail/10001-1003034723-S,10001-1003034723-S
https://www.arbeitsagentur.de/jobsuche/jobdetail/10001-1003042284-S,10001-1003042284-S
https://www.arbeitsagentur.de/jobsuche/jobdetail/16317-7OBCIA5NZKY6H89Q-S,16317-7OBCIA5NZKY6H89Q-S
https://www.arbeitsagentur.de/jobsuche/jobdetail/10001-1003040328-S,10001-1003040328-S
https://www.arbeitsagentur.de/jobsuche/jobdetail/14933-602513409d50476-S,14933-602513409d50476-S
https://www.arbeitsagentur.de/jobsuche/jobdetail/19853-01444586-S,19853-01444586-S
https://www.arbeitsagentur.de/jobsuche/jobdetail/17560-00f609b9faaf4d1-S,17560-00f609b9faaf4d1-S
https://www.arbeitsagentur.de/jobsuche/jobdetail/10001-1003042482-S,10001-1003042482-S
https://www.arbeitsagentur.de/jobsuche/jobdetail/11949-17216030-S,11949-17216030-S
https://www.arbeitsagentur.de/jobsuche/jobdetail/13509-00002110916001-S,13509-00002110916001-S
https://www.arbeitsagentur.de/jobsuche/jobdetail/18024-100PJ000NOA1p-S,18024-100PJ000NOA1p-S
https://www.arbeitsagentur.de/jobsuche/jobdetail/11119-4803064649-S,11119-4803064649-S
https://www.arbeitsagentur.de/jobsuche/jobdetail/15754-1CEFUHPKG8XMAI9S-S,15754-1CEFUHPKG8XMAI9S-S
https://www.arbeitsagentur.de/jobsuche/jobdetail/10001-1003041836-S,10001-1003041836-S
https://www.arbeitsagentur.de/jobsuche/jobdetail/19466-4804130181-S,19466-4804130181-S
https://www.arbeitsagentur.de/jobsuche/jobdetail/10001-1003037892-S,10001-1003037892-S
https://www.arbeitsagentur.de/jobsuche/jobdetail/13635-247f6ce5_JB5140485-S,13635-247f6ce5_JB5140485-S
https://www.arbeitsagentur.de/jobsuche/jobdetail/10001-1003038669-S,10001-1003038669-S
https://www.arbeitsagentur.de/jobsuche/jobdetail/10001-1003039500-S,10001-1003039500-S
https://www.arbeitsagentur.de/jobsuche/jobdetail/10001-1003037354-S,10001-1003037354-S
https://www.arbeitsagentur.de/jobsuche/jobdetail/10001-1003038756-S,10001-1003038756-S
https://www.arbeitsagentur.de/jobsuche/jobdetail/13856-202605075104-S,13856-202605075104-S
https://www.arbeitsagentur.de/jobsuche/jobdetail/11949-17215448-S,11949-17215448-S
https://www.arbeitsagentur.de/jobsuche/jobdetail/10001-1003039963-S,10001-1003039963-S
https://www.arbeitsagentur.de/jobsuche/jobdetail/16864-RRN2W49IPPGG4LBO-S,16864-RRN2W49IPPGG4LBO-S
https://www.arbeitsagentur.de/jobsuche/jobdetail/11119-4804177165-S,11119-4804177165-S
https://www.arbeitsagentur.de/jobsuche/jobdetail/18248-6AVQW54P9HRGLT44-S,18248-6AVQW54P9HRGLT44-S
https://www.arbeitsagentur.de/jobsuche/jobdetail/12456-1571029-1-S,12456-1571029-1-S
https://www.arbeitsagentur.de/jobsuche/jobdetail/10001-1003034459-S,10001-1003034459-S
https://www.arbeitsagentur.de/jobsuche/jobdetail/10001-1003017356-S,10001-1003017356-S
https://www.arbeitsagentur.de/jobsuche/jobdetail/10000-1206425516-S,10000-1206425516-S
https://www.arbeitsagentur.de/jobsuche/jobdetail/10001-1003039158-S,10001-1003039158-S
https://www.arbeitsagentur.de/jobsuche/jobdetail/13192-BB-628513-7878-6634-S,13192-BB-628513-7878-6634-S
https://www.arbeitsagentur.de/jobsuche/jobdetail/10001-1003037924-S,10001-1003037924-S
https://www.arbeitsagentur.de/jobsuche/jobdetail/12787-258200060526-S,12787-258200060526-S
https://www.arbeitsagentur.de/jobsuche/jobdetail/14751-437A327-S,14751-437A327-S
https://www.arbeitsagentur.de/jobsuche/jobdetail/10000-1206450286-S,10000-1206450286-S
https://www.arbeitsagentur.de/jobsuche/jobdetail/14373-k36443.4013-S,14373-k36443.4013-S
https://www.arbeitsagentur.de/jobsuche/jobdetail/10000-1206450581-S,10000-1206450581-S
https://www.arbeitsagentur.de/jobsuche/jobdetail/12147-20260505219231-S,12147-20260505219231-S
https://www.arbeitsagentur.de/jobsuche/jobdetail/10001-1003035450-S,10001-1003035450-S
https://www.arbeitsagentur.de/jobsuche/jobdetail/11119-4803144408-S,11119-4803144408-S
https://www.arbeitsagentur.de/jobsuche/jobdetail/10001-1003040159-S,10001-1003040159-S
https://www.arbeitsagentur.de/jobsuche/jobdetail/14385-422-2565395-26-S,14385-422-2565395-26-S
https://www.arbeitsagentur.de/jobsuche/jobdetail/14751-437A370-S,14751-437A370-S
https://www.arbeitsagentur.de/jobsuche/jobdetail/17565-281A428-S,17565-281A428-S
https://www.arbeitsagentur.de/jobsuche/jobdetail/10000-1206426500-S,10000-1206426500-S
https://www.arbeitsagentur.de/jobsuche/jobdetail/10001-1003037994-S,10001-1003037994-S
https://www.arbeitsagentur.de/jobsuche/jobdetail/11949-17216158-S,11949-17216158-S
https://www.arbeitsagentur.de/jobsuche/jobdetail/10001-1003042121-S,10001-1003042121-S
https://www.arbeitsagentur.de/jobsuche/jobdetail/12811-2249251-S,12811-2249251-S
https://www.arbeitsagentur.de/jobsuche/jobdetail/14751-62A117741-S,14751-62A117741-S
https://www.arbeitsagentur.de/jobsuche/jobdetail/18024-100PJ000VYP09-S,18024-100PJ000VYP09-S
https://www.arbeitsagentur.de/jobsuche/jobdetail/13999-k53401.30921-S,13999-k53401.30921-S
https://www.arbeitsagentur.de/jobsuche/jobdetail/11949-17215304-S,11949-17215304-S
https://www.arbeitsagentur.de/jobsuche/jobdetail/13635-fbe0d78b_JB5140829-S,13635-fbe0d78b_JB5140829-S
https://www.arbeitsagentur.de/jobsuche/jobdetail/14792-ITIPOD44E8B1LMFI-S,14792-ITIPOD44E8B1LMFI-S
https://www.arbeitsagentur.de/jobsuche/jobdetail/10001-1003041306-S,10001-1003041306-S
https://www.arbeitsagentur.de/jobsuche/jobdetail/14087-3CEUUDBD8DWYE46A-S,14087-3CEUUDBD8DWYE46A-S
https://www.arbeitsagentur.de/jobsuche/jobdetail/10001-1003039776-S,10001-1003039776-S
https://www.arbeitsagentur.de/jobsuche/jobdetail/10001-1003038218-S,10001-1003038218-S
https://www.arbeitsagentur.de/jobsuche/jobdetail/13635-00511540_JB5140333-S,13635-00511540_JB5140333-S
https://www.arbeitsagentur.de/jobsuche/jobdetail/11081-OF6R77QYRZ8VU16F-S,11081-OF6R77QYRZ8VU16F-S
https://www.arbeitsagentur.de/jobsuche/jobdetail/13392-k59006.2457-S,13392-k59006.2457-S
https://www.arbeitsagentur.de/jobsuche/jobdetail/14751-70A22003-S,14751-70A22003-S
https://www.arbeitsagentur.de/jobsuche/jobdetail/10000-1206437942-S,10000-1206437942-S
https://www.arbeitsagentur.de/jobsuche/jobdetail/19860-HVTS87G9WEMO4ET6-S,19860-HVTS87G9WEMO4ET6-S
https://www.arbeitsagentur.de/jobsuche/jobdetail/16729-2026-337-S,16729-2026-337-S
https://www.arbeitsagentur.de/jobsuche/jobdetail/13424-36BAREJKP1GGZ8WB-S,13424-36BAREJKP1GGZ8WB-S
https://www.arbeitsagentur.de/jobsuche/jobdetail/11119-4804218524-S,11119-4804218524-S
https://www.arbeitsagentur.de/jobsuche/jobdetail/12608-1401693-80583-1-S,12608-1401693-80583-1-S
https://www.arbeitsagentur.de/jobsuche/jobdetail/10000-1206450278-S,10000-1206450278-S
https://www.arbeitsagentur.de/jobsuche/jobdetail/10000-1206428531-S,10000-1206428531-S
https://www.arbeitsagentur.de/jobsuche/jobdetail/14087-PIDPKNM0RADGXBC0-S,14087-PIDPKNM0RADGXBC0-S
https://www.arbeitsagentur.de/jobsuche/jobdetail/12826-SA0137588_JB5141016-S,12826-SA0137588_JB5141016-S
https://www.arbeitsagentur.de/jobsuche/jobdetail/10000-1206436724-S,10000-1206436724-S
https://www.arbeitsagentur.de/jobsuche/jobdetail/12632-9e7a3beb_JB5140149-S,12632-9e7a3beb_JB5140149-S
https://www.arbeitsagentur.de/jobsuche/jobdetail/13635-8a7e1f21_JB5140266-S,13635-8a7e1f21_JB5140266-S
https://www.arbeitsagentur.de/jobsuche/jobdetail/12811-2249196-S,12811-2249196-S
https://www.arbeitsagentur.de/jobsuche/jobdetail/16977-2248997-S,16977-2248997-S
https://www.arbeitsagentur.de/jobsuche/jobdetail/11949-17215872-S,11949-17215872-S
https://www.arbeitsagentur.de/jobsuche/jobdetail/11119-4804140803-S,11119-4804140803-S
https://www.arbeitsagentur.de/jobsuche/jobdetail/14751-272A543-S,14751-272A543-S
https://www.arbeitsagentur.de/jobsuche/jobdetail/11949-17216271-S,11949-17216271-S
https://www.arbeitsagentur.de/jobsuche/jobdetail/14340-458415555-S,14340-458415555-S
https://www.arbeitsagentur.de/jobsuche/jobdetail/11864-TOPYYZA5GC13QSLL-S,11864-TOPYYZA5GC13QSLL-S
https://www.arbeitsagentur.de/jobsuche/jobdetail/10000-1206418552-S,10000-1206418552-S
https://www.arbeitsagentur.de/jobsuche/jobdetail/14927-6jhvemr4j1-S,14927-6jhvemr4j1-S
https://www.arbeitsagentur.de/jobsuche/jobdetail/10001-1003040156-S,10001-1003040156-S
https://www.arbeitsagentur.de/jobsuche/jobdetail/14751-373A96211-S,14751-373A96211-S
https://www.arbeitsagentur.de/jobsuche/jobdetail/14617-k61089.1749-S,14617-k61089.1749-S
https://www.arbeitsagentur.de/jobsuche/jobdetail/10001-1003036716-S,10001-1003036716-S
https://www.arbeitsagentur.de/jobsuche/jobdetail/11949-17214963-S,11949-17214963-S
https://www.arbeitsagentur.de/jobsuche/jobdetail/10001-1003040653-S,10001-1003040653-S
https://www.arbeitsagentur.de/jobsuche/jobdetail/11119-4804177263-S,11119-4804177263-S
https://www.arbeitsagentur.de/jobsuche/jobdetail/10001-1003039034-S,10001-1003039034-S
https://www.arbeitsagentur.de/jobsuche/jobdetail/13635-e1261cd4_JB5140253-S,13635-e1261cd4_JB5140253-S
https://www.arbeitsagentur.de/jobsuche/jobdetail/11119-4791095440-S,11119-4791095440-S
https://www.arbeitsagentur.de/jobsuche/jobdetail/12811-2249078-S,12811-2249078-S
https://www.arbeitsagentur.de/jobsuche/jobdetail/15518-IZM7TRHAG3QVHZ46-S,15518-IZM7TRHAG3QVHZ46-S
https://www.arbeitsagentur.de/jobsuche/jobdetail/13669-CFT77IP6MO205ZKJ-S,13669-CFT77IP6MO205ZKJ-S
https://www.arbeitsagentur.de/jobsuche/jobdetail/10001-1003036775-S,10001-1003036775-S
https://www.arbeitsagentur.de/jobsuche/jobdetail/10001-1003043312-S,10001-1003043312-S
https://www.arbeitsagentur.de/jobsuche/jobdetail/10001-1003039882-S,10001-1003039882-S
https://www.arbeitsagentur.de/jobsuche/jobdetail/12811-2249174-S,12811-2249174-S
https://www.arbeitsagentur.de/jobsuche/jobdetail/11081-OLHLIX41TTJHPJVW-S,11081-OLHLIX41TTJHPJVW-S
https://www.arbeitsagentur.de/jobsuche/jobdetail/17464-KA63MAYA8M64UWQZ-S,17464-KA63MAYA8M64UWQZ-S
https://www.arbeitsagentur.de/jobsuche/jobdetail/10001-1003041501-S,10001-1003041501-S
https://www.arbeitsagentur.de/jobsuche/jobdetail/10001-1003040562-S,10001-1003040562-S
https://www.arbeitsagentur.de/jobsuche/jobdetail/12811-2249075-S,12811-2249075-S
https://www.arbeitsagentur.de/jobsuche/jobdetail/19854-c2e4prps1y-S,19854-c2e4prps1y-S
https://www.arbeitsagentur.de/jobsuche/jobdetail/10001-1003036079-S,10001-1003036079-S
https://www.arbeitsagentur.de/jobsuche/jobdetail/10001-1003036774-S,10001-1003036774-S
https://www.arbeitsagentur.de/jobsuche/jobdetail/11949-17214193-S,11949-17214193-S
https://www.arbeitsagentur.de/jobsuche/jobdetail/10001-1003036328-S,10001-1003036328-S
https://www.arbeitsagentur.de/jobsuche/jobdetail/11949-17215573-S,11949-17215573-S
https://www.arbeitsagentur.de/jobsuche/jobdetail/10001-1003039130-S,10001-1003039130-S
https://www.arbeitsagentur.de/jobsuche/jobdetail/11949-17213670-S,11949-17213670-S
https://www.arbeitsagentur.de/jobsuche/jobdetail/16291-e04eaf5cf1d54af-S,16291-e04eaf5cf1d54af-S
https://www.arbeitsagentur.de/jobsuche/jobdetail/10001-1003035643-S,10001-1003035643-S
https://www.arbeitsagentur.de/jobsuche/jobdetail/10001-1003043004-S,10001-1003043004-S
https://www.arbeitsagentur.de/jobsuche/jobdetail/10001-1003033843-S,10001-1003033843-S
https://www.arbeitsagentur.de/jobsuche/jobdetail/10001-1003037400-S,10001-1003037400-S
https://www.arbeitsagentur.de/jobsuche/jobdetail/13270-2026-00003709-1-S,13270-2026-00003709-1-S
https://www.arbeitsagentur.de/jobsuche/jobdetail/10001-1003034730-S,10001-1003034730-S
https://www.arbeitsagentur.de/jobsuche/jobdetail/11081-5T940PMWTS08MV1B-S,11081-5T940PMWTS08MV1B-S
https://www.arbeitsagentur.de/jobsuche/jobdetail/14977-k62635.1216-S,14977-k62635.1216-S
https://www.arbeitsagentur.de/jobsuche/jobdetail/12456-1571555-1-S,12456-1571555-1-S
https://www.arbeitsagentur.de/jobsuche/jobdetail/10001-1003037760-S,10001-1003037760-S
https://www.arbeitsagentur.de/jobsuche/jobdetail/11949-17214299-S,11949-17214299-S
https://www.arbeitsagentur.de/jobsuche/jobdetail/18024-100PJ000V3h14-S,18024-100PJ000V3h14-S
https://www.arbeitsagentur.de/jobsuche/jobdetail/12704-NY7Z2GWIEYNMKYLU-S,12704-NY7Z2GWIEYNMKYLU-S
https://www.arbeitsagentur.de/jobsuche/jobdetail/18306-BB-634739-7878-5509-S,18306-BB-634739-7878-5509-S
https://www.arbeitsagentur.de/jobsuche/jobdetail/14751-437A373-S,14751-437A373-S
https://www.arbeitsagentur.de/jobsuche/jobdetail/11949-17213567-S,11949-17213567-S
https://www.arbeitsagentur.de/jobsuche/jobdetail/13669-5BALTLM0GVKARUTT-S,13669-5BALTLM0GVKARUTT-S
https://www.arbeitsagentur.de/jobsuche/jobdetail/14751-373A96593-S,14751-373A96593-S
https://www.arbeitsagentur.de/jobsuche/jobdetail/14751-62A117712-S,14751-62A117712-S
https://www.arbeitsagentur.de/jobsuche/jobdetail/10001-1003040904-S,10001-1003040904-S
https://www.arbeitsagentur.de/jobsuche/jobdetail/17803-260507173152-AH1417-S,17803-260507173152-AH1417-S
https://www.arbeitsagentur.de/jobsuche/jobdetail/10001-1003036003-S,10001-1003036003-S
https://www.arbeitsagentur.de/jobsuche/jobdetail/12288-4804125277-S,12288-4804125277-S
https://www.arbeitsagentur.de/jobsuche/jobdetail/17803-260507173152-AH1414-S,17803-260507173152-AH1414-S
https://www.arbeitsagentur.de/jobsuche/jobdetail/13635-cbe908dc_JB5140947-S,13635-cbe908dc_JB5140947-S
https://www.arbeitsagentur.de/jobsuche/jobdetail/13424-V1V8ZNMMX6HNVFYT-S,13424-V1V8ZNMMX6HNVFYT-S
https://www.arbeitsagentur.de/jobsuche/jobdetail/12811-2249371-S,12811-2249371-S
https://www.arbeitsagentur.de/jobsuche/jobdetail/12811-2249335-S,12811-2249335-S
https://www.arbeitsagentur.de/jobsuche/jobdetail/14343-2249039-S,14343-2249039-S
https://www.arbeitsagentur.de/jobsuche/jobdetail/12601-11939-1770894-0-S,12601-11939-1770894-0-S
https://www.arbeitsagentur.de/jobsuche/jobdetail/13465-00021a62db5002-S,13465-00021a62db5002-S
https://www.arbeitsagentur.de/jobsuche/jobdetail/17985-FBMP3KH0VGU9FISU-S,17985-FBMP3KH0VGU9FISU-S
https://www.arbeitsagentur.de/jobsuche/jobdetail/10001-1003035695-S,10001-1003035695-S
https://www.arbeitsagentur.de/jobsuche/jobdetail/12811-2248495-S,12811-2248495-S
https://www.arbeitsagentur.de/jobsuche/jobdetail/10001-1003040536-S,10001-1003040536-S
https://www.arbeitsagentur.de/jobsuche/jobdetail/10001-1003039548-S,10001-1003039548-S
https://www.arbeitsagentur.de/jobsuche/jobdetail/12759-1YKY7K9E2DMFXMST-S,12759-1YKY7K9E2DMFXMST-S
https://www.arbeitsagentur.de/jobsuche/jobdetail/14751-103A13854-S,14751-103A13854-S
https://www.arbeitsagentur.de/jobsuche/jobdetail/11119-4791132231-S,11119-4791132231-S
https://www.arbeitsagentur.de/jobsuche/jobdetail/11119-4804141605-S,11119-4804141605-S
https://www.arbeitsagentur.de/jobsuche/jobdetail/11949-17215016-S,11949-17215016-S
https://www.arbeitsagentur.de/jobsuche/jobdetail/14087-UG79VMVZP98M09Z6-S,14087-UG79VMVZP98M09Z6-S
https://www.arbeitsagentur.de/jobsuche/jobdetail/11949-17216689-S,11949-17216689-S
https://www.arbeitsagentur.de/jobsuche/jobdetail/10000-1206435237-S,10000-1206435237-S
https://www.arbeitsagentur.de/jobsuche/jobdetail/13635-3a7fb88c_JB5140558-S,13635-3a7fb88c_JB5140558-S
https://www.arbeitsagentur.de/jobsuche/jobdetail/12513-0007639529-S,12513-0007639529-S
https://www.arbeitsagentur.de/jobsuche/jobdetail/10001-1003036960-S,10001-1003036960-S
https://www.arbeitsagentur.de/jobsuche/jobdetail/10001-1003039914-S,10001-1003039914-S
https://www.arbeitsagentur.de/jobsuche/jobdetail/10001-1003036121-S,10001-1003036121-S
https://www.arbeitsagentur.de/jobsuche/jobdetail/10000-1206441943-S,10000-1206441943-S
https://www.arbeitsagentur.de/jobsuche/jobdetail/10000-1206394308-S,10000-1206394308-S
https://www.arbeitsagentur.de/jobsuche/jobdetail/11119-4791109897-S,11119-4791109897-S
https://www.arbeitsagentur.de/jobsuche/jobdetail/10001-1003042423-S,10001-1003042423-S
https://www.arbeitsagentur.de/jobsuche/jobdetail/11119-4803038476-S,11119-4803038476-S
https://www.arbeitsagentur.de/jobsuche/jobdetail/11949-17216614-S,11949-17216614-S
https://www.arbeitsagentur.de/jobsuche/jobdetail/10000-1206446570-S,10000-1206446570-S
https://www.arbeitsagentur.de/jobsuche/jobdetail/11949-17214341-S,11949-17214341-S
https://www.arbeitsagentur.de/jobsuche/jobdetail/11949-17215302-S,11949-17215302-S
https://www.arbeitsagentur.de/jobsuche/jobdetail/15054-0013956%253A01-S,15054-0013956%253A01-S
https://www.arbeitsagentur.de/jobsuche/jobdetail/14040-S3RTF4IBIDX587A5-S,14040-S3RTF4IBIDX587A5-S
https://www.arbeitsagentur.de/jobsuche/jobdetail/16185-WKQW3YR6K6FKJREA-S,16185-WKQW3YR6K6FKJREA-S
https://www.arbeitsagentur.de/jobsuche/jobdetail/10001-1003037403-S,10001-1003037403-S
https://www.arbeitsagentur.de/jobsuche/jobdetail/15742-m002a10637-S,15742-m002a10637-S
https://www.arbeitsagentur.de/jobsuche/jobdetail/20242-4804157862-S,20242-4804157862-S
https://www.arbeitsagentur.de/jobsuche/jobdetail/10001-1003039534-S,10001-1003039534-S
https://www.arbeitsagentur.de/jobsuche/jobdetail/10001-1003035825-S,10001-1003035825-S
https://www.arbeitsagentur.de/jobsuche/jobdetail/11949-17216347-S,11949-17216347-S
https://www.arbeitsagentur.de/jobsuche/jobdetail/17803-260506171109-HE1312-S,17803-260506171109-HE1312-S
https://www.arbeitsagentur.de/jobsuche/jobdetail/18024-100PJ000V701C-S,18024-100PJ000V701C-S
https://www.arbeitsagentur.de/jobsuche/jobdetail/12739-9PRH0XK4N22FD5KH-S,12739-9PRH0XK4N22FD5KH-S
https://www.arbeitsagentur.de/jobsuche/jobdetail/18024-100PC000AGP1l-S,18024-100PC000AGP1l-S
https://www.arbeitsagentur.de/jobsuche/jobdetail/16291-045e4cb5d5d24e9-S,16291-045e4cb5d5d24e9-S
https://www.arbeitsagentur.de/jobsuche/jobdetail/11949-17213093-S,11949-17213093-S
https://www.arbeitsagentur.de/jobsuche/jobdetail/11949-17107891-S,11949-17107891-S
https://www.arbeitsagentur.de/jobsuche/jobdetail/20467-2247936-S,20467-2247936-S
https://www.arbeitsagentur.de/jobsuche/jobdetail/16971-458426104-S,16971-458426104-S
https://www.arbeitsagentur.de/jobsuche/jobdetail/13270-2026-00003692-1-S,13270-2026-00003692-1-S
https://www.arbeitsagentur.de/jobsuche/jobdetail/10000-1206441787-S,10000-1206441787-S
https://www.arbeitsagentur.de/jobsuche/jobdetail/13334-00005f5da57002-S,13334-00005f5da57002-S
https://www.arbeitsagentur.de/jobsuche/jobdetail/12632-22d277ab_JB5140359-S,12632-22d277ab_JB5140359-S
https://www.arbeitsagentur.de/jobsuche/jobdetail/11949-17216448-S,11949-17216448-S
https://www.arbeitsagentur.de/jobsuche/jobdetail/11119-4791380431-S,11119-4791380431-S
https://www.arbeitsagentur.de/jobsuche/jobdetail/10001-1003040601-S,10001-1003040601-S
https://www.arbeitsagentur.de/jobsuche/jobdetail/10000-1206442257-S,10000-1206442257-S
https://www.arbeitsagentur.de/jobsuche/jobdetail/11949-17214587-S,11949-17214587-S
https://www.arbeitsagentur.de/jobsuche/jobdetail/11949-17215819-S,11949-17215819-S
https://www.arbeitsagentur.de/jobsuche/jobdetail/11949-17216338-S,11949-17216338-S
https://www.arbeitsagentur.de/jobsuche/jobdetail/12759-I9VR7CDU57SW6NRI-S,12759-I9VR7CDU57SW6NRI-S
https://www.arbeitsagentur.de/jobsuche/jobdetail/10001-1003037171-S,10001-1003037171-S
https://www.arbeitsagentur.de/jobsuche/jobdetail/11949-17215039-S,11949-17215039-S
https://www.arbeitsagentur.de/jobsuche/jobdetail/14599-8K6E6TKUEJ5GNK78-S,14599-8K6E6TKUEJ5GNK78-S
https://www.arbeitsagentur.de/jobsuche/jobdetail/10001-1003040966-S,10001-1003040966-S
https://www.arbeitsagentur.de/jobsuche/jobdetail/10001-1003041119-S,10001-1003041119-S
https://www.arbeitsagentur.de/jobsuche/jobdetail/11949-17216234-S,11949-17216234-S
https://www.arbeitsagentur.de/jobsuche/jobdetail/11949-17212652-S,11949-17212652-S
https://www.arbeitsagentur.de/jobsuche/jobdetail/10000-1206406275-S,10000-1206406275-S
https://www.arbeitsagentur.de/jobsuche/jobdetail/17817-OVGTBH23RTWELT8G-S,17817-OVGTBH23RTWELT8G-S
https://www.arbeitsagentur.de/jobsuche/jobdetail/10001-1003037272-S,10001-1003037272-S
https://www.arbeitsagentur.de/jobsuche/jobdetail/16864-FL5XV59WQPUSUYHD-S,16864-FL5XV59WQPUSUYHD-S
https://www.arbeitsagentur.de/jobsuche/jobdetail/13635-00511074_JB5139954-S,13635-00511074_JB5139954-S
https://www.arbeitsagentur.de/jobsuche/jobdetail/17803-260507172724-PH1421-S,17803-260507172724-PH1421-S
https://www.arbeitsagentur.de/jobsuche/jobdetail/10001-1003039844-S,10001-1003039844-S
https://www.arbeitsagentur.de/jobsuche/jobdetail/10001-1003042981-S,10001-1003042981-S
https://www.arbeitsagentur.de/jobsuche/jobdetail/10001-1003037581-S,10001-1003037581-S
https://www.arbeitsagentur.de/jobsuche/jobdetail/10001-1003036904-S,10001-1003036904-S
https://www.arbeitsagentur.de/jobsuche/jobdetail/12787-258495070526-S,12787-258495070526-S
https://www.arbeitsagentur.de/jobsuche/jobdetail/14076-BB-13164-7878-49242-S,14076-BB-13164-7878-49242-S
https://www.arbeitsagentur.de/jobsuche/jobdetail/13270-2026-00003699-1-S,13270-2026-00003699-1-S
https://www.arbeitsagentur.de/jobsuche/jobdetail/12608-1401687-39554-1-S,12608-1401687-39554-1-S
https://www.arbeitsagentur.de/jobsuche/jobdetail/10000-1206449188-S,10000-1206449188-S
https://www.arbeitsagentur.de/jobsuche/jobdetail/14751-437A361-S,14751-437A361-S
https://www.arbeitsagentur.de/jobsuche/jobdetail/13635-a03ed7ea_JB5140966-S,13635-a03ed7ea_JB5140966-S
https://www.arbeitsagentur.de/jobsuche/jobdetail/10001-1003042933-S,10001-1003042933-S
https://www.arbeitsagentur.de/jobsuche/jobdetail/10001-1003043040-S,10001-1003043040-S
https://www.arbeitsagentur.de/jobsuche/jobdetail/11949-17214024-S,11949-17214024-S
https://www.arbeitsagentur.de/jobsuche/jobdetail/11112-3561-1770765-0-S,11112-3561-1770765-0-S
https://www.arbeitsagentur.de/jobsuche/jobdetail/11973-c-349162-S,11973-c-349162-S
https://www.arbeitsagentur.de/jobsuche/jobdetail/15160-UUYO02ZCEP2V4JGH-S,15160-UUYO02ZCEP2V4JGH-S
https://www.arbeitsagentur.de/jobsuche/jobdetail/17803-260507172901-PS1418-S,17803-260507172901-PS1418-S
https://www.arbeitsagentur.de/jobsuche/jobdetail/11949-17216422-S,11949-17216422-S
https://www.arbeitsagentur.de/jobsuche/jobdetail/12634-BB-640802-7878-5716-S,12634-BB-640802-7878-5716-S
https://www.arbeitsagentur.de/jobsuche/jobdetail/15939-BB-633668-7878-3255-S,15939-BB-633668-7878-3255-S
https://www.arbeitsagentur.de/jobsuche/jobdetail/10001-1003037438-S,10001-1003037438-S
https://www.arbeitsagentur.de/jobsuche/jobdetail/13635-784e7f65_JB5141132-S,13635-784e7f65_JB5141132-S
https://www.arbeitsagentur.de/jobsuche/jobdetail/10001-1003041048-S,10001-1003041048-S
https://www.arbeitsagentur.de/jobsuche/jobdetail/13635-c2a5b283_JB5140020-S,13635-c2a5b283_JB5140020-S
https://www.arbeitsagentur.de/jobsuche/jobdetail/11949-17215437-S,11949-17215437-S
https://www.arbeitsagentur.de/jobsuche/jobdetail/14661-c63c65a07ebd43d-S,14661-c63c65a07ebd43d-S
https://www.arbeitsagentur.de/jobsuche/jobdetail/14751-62A117731-S,14751-62A117731-S
https://www.arbeitsagentur.de/jobsuche/jobdetail/11119-4804196370-S,11119-4804196370-S
https://www.arbeitsagentur.de/jobsuche/jobdetail/10001-1003036181-S,10001-1003036181-S
https://www.arbeitsagentur.de/jobsuche/jobdetail/11119-4803047783-S,11119-4803047783-S
https://www.arbeitsagentur.de/jobsuche/jobdetail/10001-1003043014-S,10001-1003043014-S
https://www.arbeitsagentur.de/jobsuche/jobdetail/11119-4804158037-S,11119-4804158037-S
https://www.arbeitsagentur.de/jobsuche/jobdetail/10001-1003036624-S,10001-1003036624-S
https://www.arbeitsagentur.de/jobsuche/jobdetail/13356-106224A35478C37-S,13356-106224A35478C37-S
https://www.arbeitsagentur.de/jobsuche/jobdetail/12811-2249363-S,12811-2249363-S
https://www.arbeitsagentur.de/jobsuche/jobdetail/10001-1003037337-S,10001-1003037337-S
https://www.arbeitsagentur.de/jobsuche/jobdetail/13635-e7dd4ff7_JB5140132-S,13635-e7dd4ff7_JB5140132-S
https://www.arbeitsagentur.de/jobsuche/jobdetail/14751-437A326-S,14751-437A326-S
https://www.arbeitsagentur.de/jobsuche/jobdetail/11949-17216154-S,11949-17216154-S
https://www.arbeitsagentur.de/jobsuche/jobdetail/14751-437A355-S,14751-437A355-S
https://www.arbeitsagentur.de/jobsuche/jobdetail/11949-17216419-S,11949-17216419-S
https://www.arbeitsagentur.de/jobsuche/jobdetail/16963-REF249X-5736411248-S,16963-REF249X-5736411248-S
https://www.arbeitsagentur.de/jobsuche/jobdetail/11864-OZNZSPMYKVW9P52P-S,11864-OZNZSPMYKVW9P52P-S
https://www.arbeitsagentur.de/jobsuche/jobdetail/10001-1003041252-S,10001-1003041252-S
https://www.arbeitsagentur.de/jobsuche/jobdetail/12086-U9J5EX2ZFHLBQBZS-S,12086-U9J5EX2ZFHLBQBZS-S
https://www.arbeitsagentur.de/jobsuche/jobdetail/18024-100PJ000To70e-S,18024-100PJ000To70e-S
https://www.arbeitsagentur.de/jobsuche/jobdetail/17803-260507172901-PS1416-S,17803-260507172901-PS1416-S
https://www.arbeitsagentur.de/jobsuche/jobdetail/14751-437A308-S,14751-437A308-S
https://www.arbeitsagentur.de/jobsuche/jobdetail/10001-1003042897-S,10001-1003042897-S
https://www.arbeitsagentur.de/jobsuche/jobdetail/20263-2249328-S,20263-2249328-S
https://www.arbeitsagentur.de/jobsuche/jobdetail/12513-0007639503-S,12513-0007639503-S
https://www.arbeitsagentur.de/jobsuche/jobdetail/11949-17215772-S,11949-17215772-S
https://www.arbeitsagentur.de/jobsuche/jobdetail/11949-17216236-S,11949-17216236-S
https://www.arbeitsagentur.de/jobsuche/jobdetail/12608-1401787-23868-1-S,12608-1401787-23868-1-S
https://www.arbeitsagentur.de/jobsuche/jobdetail/11949-17214247-S,11949-17214247-S
https://www.arbeitsagentur.de/jobsuche/jobdetail/12811-2249209-S,12811-2249209-S
https://www.arbeitsagentur.de/jobsuche/jobdetail/12209-13743265-S,12209-13743265-S
https://www.arbeitsagentur.de/jobsuche/jobdetail/15939-BB-633656-7878-2839-S,15939-BB-633656-7878-2839-S
https://www.arbeitsagentur.de/jobsuche/jobdetail/11949-17215449-S,11949-17215449-S
https://www.arbeitsagentur.de/jobsuche/jobdetail/10001-1003036690-S,10001-1003036690-S
https://www.arbeitsagentur.de/jobsuche/jobdetail/14722-45KARY105E1WWIEV-S,14722-45KARY105E1WWIEV-S
https://www.arbeitsagentur.de/jobsuche/jobdetail/10001-1003037266-S,10001-1003037266-S
https://www.arbeitsagentur.de/jobsuche/jobdetail/10000-1206434894-S,10000-1206434894-S
https://www.arbeitsagentur.de/jobsuche/jobdetail/14027-0000931fc4e001-S,14027-0000931fc4e001-S
https://www.arbeitsagentur.de/jobsuche/jobdetail/11864-8BZ8GKBI9CLOO2SA-S,11864-8BZ8GKBI9CLOO2SA-S
https://www.arbeitsagentur.de/jobsuche/jobdetail/12967-0002_00111275-S,12967-0002_00111275-S
https://www.arbeitsagentur.de/jobsuche/jobdetail/12811-2248951-S,12811-2248951-S
https://www.arbeitsagentur.de/jobsuche/jobdetail/11949-17213666-S,11949-17213666-S
https://www.arbeitsagentur.de/jobsuche/jobdetail/10001-1003038777-S,10001-1003038777-S
https://www.arbeitsagentur.de/jobsuche/jobdetail/10001-1003037068-S,10001-1003037068-S
https://www.arbeitsagentur.de/jobsuche/jobdetail/10000-1206389402-S,10000-1206389402-S
https://www.arbeitsagentur.de/jobsuche/jobdetail/12828-7YVSX2425LIAOVGF-S,12828-7YVSX2425LIAOVGF-S
https://www.arbeitsagentur.de/jobsuche/jobdetail/17921-k59879.1257-S,17921-k59879.1257-S
https://www.arbeitsagentur.de/jobsuche/jobdetail/18024-100PJ000VWD0G-S,18024-100PJ000VWD0G-S
https://www.arbeitsagentur.de/jobsuche/jobdetail/14385-410-2565265-26-S,14385-410-2565265-26-S
https://www.arbeitsagentur.de/jobsuche/jobdetail/18024-100BR0003Mw1x-S,18024-100BR0003Mw1x-S
https://www.arbeitsagentur.de/jobsuche/jobdetail/11949-17216670-S,11949-17216670-S
https://www.arbeitsagentur.de/jobsuche/jobdetail/11081-CY75MTR7TD3TQB1Q-S,11081-CY75MTR7TD3TQB1Q-S
https://www.arbeitsagentur.de/jobsuche/jobdetail/17039-k58956.3790-S,17039-k58956.3790-S
https://www.arbeitsagentur.de/jobsuche/jobdetail/11081-YFBL1LO8OSJD0KVM-S,11081-YFBL1LO8OSJD0KVM-S
https://www.arbeitsagentur.de/jobsuche/jobdetail/10001-1003035528-S,10001-1003035528-S
https://www.arbeitsagentur.de/jobsuche/jobdetail/12608-1401824-27319-1-S,12608-1401824-27319-1-S
https://www.arbeitsagentur.de/jobsuche/jobdetail/14385-403-2565321-26-S,14385-403-2565321-26-S
https://www.arbeitsagentur.de/jobsuche/jobdetail/14080-JOB-837981-S,14080-JOB-837981-S
https://www.arbeitsagentur.de/jobsuche/jobdetail/10000-1206443648-S,10000-1206443648-S
https://www.arbeitsagentur.de/jobsuche/jobdetail/12288-4803140137-S,12288-4803140137-S
https://www.arbeitsagentur.de/jobsuche/jobdetail/11119-4804143418-S,11119-4804143418-S
https://www.arbeitsagentur.de/jobsuche/jobdetail/10000-1206427639-S,10000-1206427639-S
https://www.arbeitsagentur.de/jobsuche/jobdetail/10001-1003040757-S,10001-1003040757-S
https://www.arbeitsagentur.de/jobsuche/jobdetail/11119-4804135425-S,11119-4804135425-S
https://www.arbeitsagentur.de/jobsuche/jobdetail/10001-1003040986-S,10001-1003040986-S
https://www.arbeitsagentur.de/jobsuche/jobdetail/10001-1003036908-S,10001-1003036908-S
https://www.arbeitsagentur.de/jobsuche/jobdetail/11949-17215724-S,11949-17215724-S
https://www.arbeitsagentur.de/jobsuche/jobdetail/10000-1206450248-S,10000-1206450248-S
https://www.arbeitsagentur.de/jobsuche/jobdetail/12632-87459020_JB5140357-S,12632-87459020_JB5140357-S
https://www.arbeitsagentur.de/jobsuche/jobdetail/12546-PT2G12WINPS35X9I-S,12546-PT2G12WINPS35X9I-S
https://www.arbeitsagentur.de/jobsuche/jobdetail/14038-2026050722225-S,14038-2026050722225-S
https://www.arbeitsagentur.de/jobsuche/jobdetail/10001-1003036609-S,10001-1003036609-S
https://www.arbeitsagentur.de/jobsuche/jobdetail/13356-102655A45690C17-S,13356-102655A45690C17-S
https://www.arbeitsagentur.de/jobsuche/jobdetail/11949-17215619-S,11949-17215619-S
https://www.arbeitsagentur.de/jobsuche/jobdetail/11119-4802978038-S,11119-4802978038-S
https://www.arbeitsagentur.de/jobsuche/jobdetail/14751-143A2014-S,14751-143A2014-S
https://www.arbeitsagentur.de/jobsuche/jobdetail/13635-38d5bee2_JB5140799-S,13635-38d5bee2_JB5140799-S
https://www.arbeitsagentur.de/jobsuche/jobdetail/11949-17215030-S,11949-17215030-S
https://www.arbeitsagentur.de/jobsuche/jobdetail/13465-00021a648f6001-S,13465-00021a648f6001-S
https://www.arbeitsagentur.de/jobsuche/jobdetail/11864-1940AOVXZZN56BR2-S,11864-1940AOVXZZN56BR2-S
https://www.arbeitsagentur.de/jobsuche/jobdetail/10001-1003036954-S,10001-1003036954-S
https://www.arbeitsagentur.de/jobsuche/jobdetail/13356-105555A43244C24-S,13356-105555A43244C24-S
https://www.arbeitsagentur.de/jobsuche/jobdetail/11949-17215842-S,11949-17215842-S
https://www.arbeitsagentur.de/jobsuche/jobdetail/11949-17215677-S,11949-17215677-S
https://www.arbeitsagentur.de/jobsuche/jobdetail/11949-17215005-S,11949-17215005-S
https://www.arbeitsagentur.de/jobsuche/jobdetail/10001-1003041949-S,10001-1003041949-S
https://www.arbeitsagentur.de/jobsuche/jobdetail/10001-1003035859-S,10001-1003035859-S
https://www.arbeitsagentur.de/jobsuche/jobdetail/11949-17214112-S,11949-17214112-S
https://www.arbeitsagentur.de/jobsuche/jobdetail/14795-66166_118820-S,14795-66166_118820-S
https://www.arbeitsagentur.de/jobsuche/jobdetail/11949-17215890-S,11949-17215890-S
https://www.arbeitsagentur.de/jobsuche/jobdetail/10001-1003038297-S,10001-1003038297-S
https://www.arbeitsagentur.de/jobsuche/jobdetail/14722-KRIF18RZ0NE7HW94-S,14722-KRIF18RZ0NE7HW94-S
https://www.arbeitsagentur.de/jobsuche/jobdetail/12288-4803095149-S,12288-4803095149-S
https://www.arbeitsagentur.de/jobsuche/jobdetail/11949-17215777-S,11949-17215777-S
https://www.arbeitsagentur.de/jobsuche/jobdetail/12811-2248592-S,12811-2248592-S
https://www.arbeitsagentur.de/jobsuche/jobdetail/14751-437A378-S,14751-437A378-S
https://www.arbeitsagentur.de/jobsuche/jobdetail/10001-1003039241-S,10001-1003039241-S
https://www.arbeitsagentur.de/jobsuche/jobdetail/14751-70A22008-S,14751-70A22008-S
https://www.arbeitsagentur.de/jobsuche/jobdetail/11119-4804126002-S,11119-4804126002-S
https://www.arbeitsagentur.de/jobsuche/jobdetail/10001-1003037806-S,10001-1003037806-S
https://www.arbeitsagentur.de/jobsuche/jobdetail/16185-SV1JQV6SJKHP4GZM-S,16185-SV1JQV6SJKHP4GZM-S
https://www.arbeitsagentur.de/jobsuche/jobdetail/10001-1003042791-S,10001-1003042791-S
https://www.arbeitsagentur.de/jobsuche/jobdetail/11959-105287-S,11959-105287-S
https://www.arbeitsagentur.de/jobsuche/jobdetail/11949-17216140-S,11949-17216140-S
https://www.arbeitsagentur.de/jobsuche/jobdetail/20126-000a2c002f2001-S,20126-000a2c002f2001-S
https://www.arbeitsagentur.de/jobsuche/jobdetail/13635-bff5e889_JB5140252-S,13635-bff5e889_JB5140252-S
https://www.arbeitsagentur.de/jobsuche/jobdetail/18024-100PC0006bL1H-S,18024-100PC0006bL1H-S
https://www.arbeitsagentur.de/jobsuche/jobdetail/10001-1003042676-S,10001-1003042676-S
https://www.arbeitsagentur.de/jobsuche/jobdetail/14751-424A192-S,14751-424A192-S
https://www.arbeitsagentur.de/jobsuche/jobdetail/10001-1003042786-S,10001-1003042786-S
https://www.arbeitsagentur.de/jobsuche/jobdetail/13398-k12330.30220-S,13398-k12330.30220-S
https://www.arbeitsagentur.de/jobsuche/jobdetail/11119-4791269140-S,11119-4791269140-S
https://www.arbeitsagentur.de/jobsuche/jobdetail/14722-Q5KO13H46B4A8ZT0-S,14722-Q5KO13H46B4A8ZT0-S
https://www.arbeitsagentur.de/jobsuche/jobdetail/14751-437A352-S,14751-437A352-S
https://www.arbeitsagentur.de/jobsuche/jobdetail/14927-1582nfbsras-S,14927-1582nfbsras-S
https://www.arbeitsagentur.de/jobsuche/jobdetail/16819-5a6d7198a13555d2-S,16819-5a6d7198a13555d2-S
https://www.arbeitsagentur.de/jobsuche/jobdetail/10001-1003035621-S,10001-1003035621-S
https://www.arbeitsagentur.de/jobsuche/jobdetail/12362-TR-283188_609660LS-S,12362-TR-283188_609660LS-S
https://www.arbeitsagentur.de/jobsuche/jobdetail/16185-9PS1PVDW9X6XOMMK-S,16185-9PS1PVDW9X6XOMMK-S
https://www.arbeitsagentur.de/jobsuche/jobdetail/10001-1003035614-S,10001-1003035614-S
https://www.arbeitsagentur.de/jobsuche/jobdetail/10001-1003040544-S,10001-1003040544-S
https://www.arbeitsagentur.de/jobsuche/jobdetail/10000-1206439914-S,10000-1206439914-S
https://www.arbeitsagentur.de/jobsuche/jobdetail/10001-1003035567-S,10001-1003035567-S
https://www.arbeitsagentur.de/jobsuche/jobdetail/11119-4804217155-S,11119-4804217155-S
https://www.arbeitsagentur.de/jobsuche/jobdetail/12288-4804112002-S,12288-4804112002-S
https://www.arbeitsagentur.de/jobsuche/jobdetail/11949-17215076-S,11949-17215076-S
https://www.arbeitsagentur.de/jobsuche/jobdetail/11119-4791381448-S,11119-4791381448-S
https://www.arbeitsagentur.de/jobsuche/jobdetail/11949-17215807-S,11949-17215807-S
https://www.arbeitsagentur.de/jobsuche/jobdetail/10001-1003042726-S,10001-1003042726-S
https://www.arbeitsagentur.de/jobsuche/jobdetail/10000-1206443416-S,10000-1206443416-S
https://www.arbeitsagentur.de/jobsuche/jobdetail/11119-4791095154-S,11119-4791095154-S
https://www.arbeitsagentur.de/jobsuche/jobdetail/15699-1537767-3-S,15699-1537767-3-S
https://www.arbeitsagentur.de/jobsuche/jobdetail/11119-4803004684-S,11119-4803004684-S
https://www.arbeitsagentur.de/jobsuche/jobdetail/12608-1401802-10035-1-S,12608-1401802-10035-1-S
https://www.arbeitsagentur.de/jobsuche/jobdetail/10001-1003035067-S,10001-1003035067-S
https://www.arbeitsagentur.de/jobsuche/jobdetail/10001-1003038357-S,10001-1003038357-S
https://www.arbeitsagentur.de/jobsuche/jobdetail/11119-4792608276-S,11119-4792608276-S
https://www.arbeitsagentur.de/jobsuche/jobdetail/13635-26ae2cee_JB5140828-S,13635-26ae2cee_JB5140828-S
https://www.arbeitsagentur.de/jobsuche/jobdetail/11949-17215784-S,11949-17215784-S
https://www.arbeitsagentur.de/jobsuche/jobdetail/18024-100PJ000KWX1k-S,18024-100PJ000KWX1k-S
https://www.arbeitsagentur.de/jobsuche/jobdetail/12862-246346-S,12862-246346-S
https://www.arbeitsagentur.de/jobsuche/jobdetail/14585-BDIDRHP05SCDF2VL-S,14585-BDIDRHP05SCDF2VL-S
https://www.arbeitsagentur.de/jobsuche/jobdetail/10000-1206422237-S,10000-1206422237-S
https://www.arbeitsagentur.de/jobsuche/jobdetail/15939-BB-633642-7878-4038-S,15939-BB-633642-7878-4038-S
https://www.arbeitsagentur.de/jobsuche/jobdetail/14811-00005d09742001-S,14811-00005d09742001-S
https://www.arbeitsagentur.de/jobsuche/jobdetail/13356-103528A45725C17-S,13356-103528A45725C17-S
https://www.arbeitsagentur.de/jobsuche/jobdetail/18024-1002X000Q1T0Z-S,18024-1002X000Q1T0Z-S
https://www.arbeitsagentur.de/jobsuche/jobdetail/12811-2249153-S,12811-2249153-S
https://www.arbeitsagentur.de/jobsuche/jobdetail/14927-15ovddw7cg7-S,14927-15ovddw7cg7-S
https://www.arbeitsagentur.de/jobsuche/jobdetail/10001-1003036233-S,10001-1003036233-S
https://www.arbeitsagentur.de/jobsuche/jobdetail/14751-62A117736-S,14751-62A117736-S
https://www.arbeitsagentur.de/jobsuche/jobdetail/13635-39b7f879_JB5140144-S,13635-39b7f879_JB5140144-S
https://www.arbeitsagentur.de/jobsuche/jobdetail/11949-17215015-S,11949-17215015-S
https://www.arbeitsagentur.de/jobsuche/jobdetail/11081-T8FJ6IUA4KOUIF2J-S,11081-T8FJ6IUA4KOUIF2J-S
https://www.arbeitsagentur.de/jobsuche/jobdetail/11949-17216284-S,11949-17216284-S
https://www.arbeitsagentur.de/jobsuche/jobdetail/10000-1206443939-S,10000-1206443939-S
https://www.arbeitsagentur.de/jobsuche/jobdetail/13465-00021a64862001-S,13465-00021a64862001-S
https://www.arbeitsagentur.de/jobsuche/jobdetail/10000-1206450336-S,10000-1206450336-S
https://www.arbeitsagentur.de/jobsuche/jobdetail/16547-H2YRZTA6YPF83JR0-S,16547-H2YRZTA6YPF83JR0-S
https://www.arbeitsagentur.de/jobsuche/jobdetail/16590-EY45ZCTQXDK2O091-S,16590-EY45ZCTQXDK2O091-S
https://www.arbeitsagentur.de/jobsuche/jobdetail/12826-SA0137560_JB5140755-S,12826-SA0137560_JB5140755-S
https://www.arbeitsagentur.de/jobsuche/jobdetail/10000-1206327178-S,10000-1206327178-S
https://www.arbeitsagentur.de/jobsuche/jobdetail/10001-1003036158-S,10001-1003036158-S
https://www.arbeitsagentur.de/jobsuche/jobdetail/10000-1206443349-S,10000-1206443349-S
https://www.arbeitsagentur.de/jobsuche/jobdetail/10001-1003036839-S,10001-1003036839-S
https://www.arbeitsagentur.de/jobsuche/jobdetail/10001-1003043160-S,10001-1003043160-S
https://www.arbeitsagentur.de/jobsuche/jobdetail/11949-17215654-S,11949-17215654-S
https://www.arbeitsagentur.de/jobsuche/jobdetail/10001-1003043278-S,10001-1003043278-S
https://www.arbeitsagentur.de/jobsuche/jobdetail/12811-2248139-S,12811-2248139-S
https://www.arbeitsagentur.de/jobsuche/jobdetail/14751-417A10948-S,14751-417A10948-S
https://www.arbeitsagentur.de/jobsuche/jobdetail/19860-OPOB6Z9UIOWPDHSV-S,19860-OPOB6Z9UIOWPDHSV-S
https://www.arbeitsagentur.de/jobsuche/jobdetail/11949-17215584-S,11949-17215584-S
https://www.arbeitsagentur.de/jobsuche/jobdetail/10001-1003039284-S,10001-1003039284-S
https://www.arbeitsagentur.de/jobsuche/jobdetail/11949-17215372-S,11949-17215372-S
https://www.arbeitsagentur.de/jobsuche/jobdetail/10000-1206443464-S,10000-1206443464-S
https://www.arbeitsagentur.de/jobsuche/jobdetail/20730-2248787-S,20730-2248787-S
https://www.arbeitsagentur.de/jobsuche/jobdetail/14388-0006ca02546001-S,14388-0006ca02546001-S
https://www.arbeitsagentur.de/jobsuche/jobdetail/10001-1003039547-S,10001-1003039547-S
https://www.arbeitsagentur.de/jobsuche/jobdetail/13635-e60f0fa1_JB5140347-S,13635-e60f0fa1_JB5140347-S
https://www.arbeitsagentur.de/jobsuche/jobdetail/13185-506021-1771020-0-S,13185-506021-1771020-0-S
https://www.arbeitsagentur.de/jobsuche/jobdetail/11949-17216499-S,11949-17216499-S
https://www.arbeitsagentur.de/jobsuche/jobdetail/11949-17215775-S,11949-17215775-S
https://www.arbeitsagentur.de/jobsuche/jobdetail/12826-SA0137564_JB5140759-S,12826-SA0137564_JB5140759-S
https://www.arbeitsagentur.de/jobsuche/jobdetail/15986-DE00619381-1-S,15986-DE00619381-1-S
https://www.arbeitsagentur.de/jobsuche/jobdetail/10000-1206436961-S,10000-1206436961-S
https://www.arbeitsagentur.de/jobsuche/jobdetail/17803-260507173008-ER1425-S,17803-260507173008-ER1425-S
https://www.arbeitsagentur.de/jobsuche/jobdetail/11949-17215905-S,11949-17215905-S
https://www.arbeitsagentur.de/jobsuche/jobdetail/10001-1003039219-S,10001-1003039219-S
https://www.arbeitsagentur.de/jobsuche/jobdetail/13270-2026-00002048-2-S,13270-2026-00002048-2-S
https://www.arbeitsagentur.de/jobsuche/jobdetail/10001-1003040408-S,10001-1003040408-S
https://www.arbeitsagentur.de/jobsuche/jobdetail/11119-4802963306-S,11119-4802963306-S
https://www.arbeitsagentur.de/jobsuche/jobdetail/12811-2248870-S,12811-2248870-S
https://www.arbeitsagentur.de/jobsuche/jobdetail/11949-17215241-S,11949-17215241-S
https://www.arbeitsagentur.de/jobsuche/jobdetail/13999-k53401.30928-S,13999-k53401.30928-S
https://www.arbeitsagentur.de/jobsuche/jobdetail/12811-2248952-S,12811-2248952-S
https://www.arbeitsagentur.de/jobsuche/jobdetail/13270-2026-00002133-1-S,13270-2026-00002133-1-S
https://www.arbeitsagentur.de/jobsuche/jobdetail/10000-1206449842-S,10000-1206449842-S
https://www.arbeitsagentur.de/jobsuche/jobdetail/14751-373A97252-S,14751-373A97252-S
https://www.arbeitsagentur.de/jobsuche/jobdetail/13635-04b04ce0_JB5140381-S,13635-04b04ce0_JB5140381-S
https://www.arbeitsagentur.de/jobsuche/jobdetail/11949-17216035-S,11949-17216035-S
https://www.arbeitsagentur.de/jobsuche/jobdetail/10001-1003039680-S,10001-1003039680-S
https://www.arbeitsagentur.de/jobsuche/jobdetail/11949-17215522-S,11949-17215522-S
https://www.arbeitsagentur.de/jobsuche/jobdetail/10001-1003041312-S,10001-1003041312-S
https://www.arbeitsagentur.de/jobsuche/jobdetail/12288-4803081280-S,12288-4803081280-S
https://www.arbeitsagentur.de/jobsuche/jobdetail/11949-17215509-S,11949-17215509-S
https://www.arbeitsagentur.de/jobsuche/jobdetail/15754-MKXXTF4WKQWKPZWH-S,15754-MKXXTF4WKQWKPZWH-S
https://www.arbeitsagentur.de/jobsuche/jobdetail/14087-I5N4LUZOHSF6ETVT-S,14087-I5N4LUZOHSF6ETVT-S
https://www.arbeitsagentur.de/jobsuche/jobdetail/10001-1003040814-S,10001-1003040814-S
https://www.arbeitsagentur.de/jobsuche/jobdetail/20072-kub71b0btz-S,20072-kub71b0btz-S
https://www.arbeitsagentur.de/jobsuche/jobdetail/10001-1003032570-S,10001-1003032570-S
https://www.arbeitsagentur.de/jobsuche/jobdetail/11081-N9I0Q06ZQULNPBOM-S,11081-N9I0Q06ZQULNPBOM-S
https://www.arbeitsagentur.de/jobsuche/jobdetail/17803-260506170707-PH1305-S,17803-260506170707-PH1305-S
https://www.arbeitsagentur.de/jobsuche/jobdetail/10000-1206445192-S,10000-1206445192-S
https://www.arbeitsagentur.de/jobsuche/jobdetail/10000-1206440883-S,10000-1206440883-S
https://www.arbeitsagentur.de/jobsuche/jobdetail/11949-17215081-S,11949-17215081-S
https://www.arbeitsagentur.de/jobsuche/jobdetail/14087-697YAW4X6VD4QTTK-S,14087-697YAW4X6VD4QTTK-S
https://www.arbeitsagentur.de/jobsuche/jobdetail/11864-JDJJCDJLBEKETGRK-S,11864-JDJJCDJLBEKETGRK-S
https://www.arbeitsagentur.de/jobsuche/jobdetail/13356-102688A31324C53-S,13356-102688A31324C53-S
https://www.arbeitsagentur.de/jobsuche/jobdetail/10000-1206436341-S,10000-1206436341-S
https://www.arbeitsagentur.de/jobsuche/jobdetail/12704-GGQ5BX61283CVZ39-S,12704-GGQ5BX61283CVZ39-S
https://www.arbeitsagentur.de/jobsuche/jobdetail/17464-H4NRVU4Y1IGFY3R1-S,17464-H4NRVU4Y1IGFY3R1-S
https://www.arbeitsagentur.de/jobsuche/jobdetail/10001-1003036076-S,10001-1003036076-S
https://www.arbeitsagentur.de/jobsuche/jobdetail/12444-563465373211457-S,12444-563465373211457-S
https://www.arbeitsagentur.de/jobsuche/jobdetail/18379-k60429.1073-S,18379-k60429.1073-S
https://www.arbeitsagentur.de/jobsuche/jobdetail/18024-100aR0001LF0p-S,18024-100aR0001LF0p-S
https://www.arbeitsagentur.de/jobsuche/jobdetail/11119-4804118363-S,11119-4804118363-S
https://www.arbeitsagentur.de/jobsuche/jobdetail/16547-FTVVAZF1Q1389GFK-S,16547-FTVVAZF1Q1389GFK-S
https://www.arbeitsagentur.de/jobsuche/jobdetail/15527-k50296.2541-S,15527-k50296.2541-S
https://www.arbeitsagentur.de/jobsuche/jobdetail/18024-100PJ000V3l0a-S,18024-100PJ000V3l0a-S
https://www.arbeitsagentur.de/jobsuche/jobdetail/10000-1206435788-S,10000-1206435788-S
https://www.arbeitsagentur.de/jobsuche/jobdetail/18914-XD44ADBYA3JK0WJQ-S,18914-XD44ADBYA3JK0WJQ-S
https://www.arbeitsagentur.de/jobsuche/jobdetail/11949-17215776-S,11949-17215776-S
https://www.arbeitsagentur.de/jobsuche/jobdetail/19412-15c300dd_JB5140663-S,19412-15c300dd_JB5140663-S
https://www.arbeitsagentur.de/jobsuche/jobdetail/10001-1003041495-S,10001-1003041495-S
https://www.arbeitsagentur.de/jobsuche/jobdetail/15518-S3HK140WPZM3MON2-S,15518-S3HK140WPZM3MON2-S
https://www.arbeitsagentur.de/jobsuche/jobdetail/11959-105312-S,11959-105312-S
https://www.arbeitsagentur.de/jobsuche/jobdetail/12456-1571044-1-S,12456-1571044-1-S
https://www.arbeitsagentur.de/jobsuche/jobdetail/16819-e2e0dd21f5177daa-S,16819-e2e0dd21f5177daa-S
https://www.arbeitsagentur.de/jobsuche/jobdetail/14385-441-2565443-26-S,14385-441-2565443-26-S
https://www.arbeitsagentur.de/jobsuche/jobdetail/10001-1003038730-S,10001-1003038730-S
https://www.arbeitsagentur.de/jobsuche/jobdetail/10001-1003042936-S,10001-1003042936-S
https://www.arbeitsagentur.de/jobsuche/jobdetail/11081-ZX7HZF7MSHEE92ZS-S,11081-ZX7HZF7MSHEE92ZS-S
https://www.arbeitsagentur.de/jobsuche/jobdetail/11864-8IVGSNLALHB6J5SK-S,11864-8IVGSNLALHB6J5SK-S
https://www.arbeitsagentur.de/jobsuche/jobdetail/11119-4792619552-S,11119-4792619552-S
https://www.arbeitsagentur.de/jobsuche/jobdetail/10000-1206446607-S,10000-1206446607-S
https://www.arbeitsagentur.de/jobsuche/jobdetail/10000-1206435267-S,10000-1206435267-S
https://www.arbeitsagentur.de/jobsuche/jobdetail/11973-c-197645-S,11973-c-197645-S
https://www.arbeitsagentur.de/jobsuche/jobdetail/12147-20260506219235-S,12147-20260506219235-S
https://www.arbeitsagentur.de/jobsuche/jobdetail/12608-1401642-58836-1-S,12608-1401642-58836-1-S
https://www.arbeitsagentur.de/jobsuche/jobdetail/13635-57a9d14a_JB5141069-S,13635-57a9d14a_JB5141069-S
https://www.arbeitsagentur.de/jobsuche/jobdetail/11949-17216203-S,11949-17216203-S
https://www.arbeitsagentur.de/jobsuche/jobdetail/17803-260507173118-HE1410-S,17803-260507173118-HE1410-S
https://www.arbeitsagentur.de/jobsuche/jobdetail/14372-JDL4S0HQN8BN6V47-S,14372-JDL4S0HQN8BN6V47-S
https://www.arbeitsagentur.de/jobsuche/jobdetail/11949-17215908-S,11949-17215908-S
https://www.arbeitsagentur.de/jobsuche/jobdetail/14751-70A22035-S,14751-70A22035-S
https://www.arbeitsagentur.de/jobsuche/jobdetail/17803-260507173044-AF1417-S,17803-260507173044-AF1417-S
https://www.arbeitsagentur.de/jobsuche/jobdetail/11949-17215336-S,11949-17215336-S
https://www.arbeitsagentur.de/jobsuche/jobdetail/11949-17214990-S,11949-17214990-S
https://www.arbeitsagentur.de/jobsuche/jobdetail/14424-44159551-56-S,14424-44159551-56-S
https://www.arbeitsagentur.de/jobsuche/jobdetail/11119-4791093471-S,11119-4791093471-S
https://www.arbeitsagentur.de/jobsuche/jobdetail/11949-17216032-S,11949-17216032-S
https://www.arbeitsagentur.de/jobsuche/jobdetail/10001-1003038586-S,10001-1003038586-S
https://www.arbeitsagentur.de/jobsuche/jobdetail/12122-209189-1771014-0-S,12122-209189-1771014-0-S
https://www.arbeitsagentur.de/jobsuche/jobdetail/12122-209222-1771052-0-S,12122-209222-1771052-0-S
https://www.arbeitsagentur.de/jobsuche/jobdetail/10001-1003036872-S,10001-1003036872-S
https://www.arbeitsagentur.de/jobsuche/jobdetail/10000-1206438239-S,10000-1206438239-S
https://www.arbeitsagentur.de/jobsuche/jobdetail/14751-417A10912-S,14751-417A10912-S
https://www.arbeitsagentur.de/jobsuche/jobdetail/14751-373A96472-S,14751-373A96472-S
https://www.arbeitsagentur.de/jobsuche/jobdetail/11949-17215631-S,11949-17215631-S
https://www.arbeitsagentur.de/jobsuche/jobdetail/10001-1003041926-S,10001-1003041926-S
https://www.arbeitsagentur.de/jobsuche/jobdetail/10000-1206447896-S,10000-1206447896-S
https://www.arbeitsagentur.de/jobsuche/jobdetail/14471-AXIVSK6UD37UDMFL-S,14471-AXIVSK6UD37UDMFL-S
https://www.arbeitsagentur.de/jobsuche/jobdetail/10001-1003036614-S,10001-1003036614-S
https://www.arbeitsagentur.de/jobsuche/jobdetail/16185-H5W7Z094BZF5RWRM-S,16185-H5W7Z094BZF5RWRM-S
https://www.arbeitsagentur.de/jobsuche/jobdetail/11119-4804225391-S,11119-4804225391-S
https://www.arbeitsagentur.de/jobsuche/jobdetail/17985-B9OE2NCCYOO0Y88D-S,17985-B9OE2NCCYOO0Y88D-S
https://www.arbeitsagentur.de/jobsuche/jobdetail/10001-1003039933-S,10001-1003039933-S
https://www.arbeitsagentur.de/jobsuche/jobdetail/11119-4791110374-S,11119-4791110374-S
https://www.arbeitsagentur.de/jobsuche/jobdetail/11119-4803149986-S,11119-4803149986-S
https://www.arbeitsagentur.de/jobsuche/jobdetail/11949-17214981-S,11949-17214981-S
https://www.arbeitsagentur.de/jobsuche/jobdetail/12288-4803162304-S,12288-4803162304-S
https://www.arbeitsagentur.de/jobsuche/jobdetail/11949-17215700-S,11949-17215700-S
https://www.arbeitsagentur.de/jobsuche/jobdetail/13270-2026-00003378-1-S,13270-2026-00003378-1-S
https://www.arbeitsagentur.de/jobsuche/jobdetail/10001-1003037117-S,10001-1003037117-S
https://www.arbeitsagentur.de/jobsuche/jobdetail/12811-2249271-S,12811-2249271-S
https://www.arbeitsagentur.de/jobsuche/jobdetail/17803-260506170923-PS1306-S,17803-260506170923-PS1306-S
https://www.arbeitsagentur.de/jobsuche/jobdetail/11949-17215694-S,11949-17215694-S
https://www.arbeitsagentur.de/jobsuche/jobdetail/16339-JS-BAX28445564-S,16339-JS-BAX28445564-S
https://www.arbeitsagentur.de/jobsuche/jobdetail/12608-1401702-23460-1-S,12608-1401702-23460-1-S
https://www.arbeitsagentur.de/jobsuche/jobdetail/10001-1003042260-S,10001-1003042260-S
https://www.arbeitsagentur.de/jobsuche/jobdetail/11949-17214207-S,11949-17214207-S
https://www.arbeitsagentur.de/jobsuche/jobdetail/14751-437A315-S,14751-437A315-S
https://www.arbeitsagentur.de/jobsuche/jobdetail/11949-17216213-S,11949-17216213-S
https://www.arbeitsagentur.de/jobsuche/jobdetail/13359-j105S19521-49770-S,13359-j105S19521-49770-S
https://www.arbeitsagentur.de/jobsuche/jobdetail/11949-17216581-S,11949-17216581-S
https://www.arbeitsagentur.de/jobsuche/jobdetail/12362-TR-267384_609518LS-S,12362-TR-267384_609518LS-S
https://www.arbeitsagentur.de/jobsuche/jobdetail/14471-K2NFV12P1FFJ3A5T-S,14471-K2NFV12P1FFJ3A5T-S
https://www.arbeitsagentur.de/jobsuche/jobdetail/15428-VXND2TBQQV4C860A-S,15428-VXND2TBQQV4C860A-S
https://www.arbeitsagentur.de/jobsuche/jobdetail/14385-602-2565636-26-S,14385-602-2565636-26-S
https://www.arbeitsagentur.de/jobsuche/jobdetail/10001-1003043319-S,10001-1003043319-S
https://www.arbeitsagentur.de/jobsuche/jobdetail/18024-100aR00015M3I-S,18024-100aR00015M3I-S
https://www.arbeitsagentur.de/jobsuche/jobdetail/10001-1003028275-S,10001-1003028275-S
https://www.arbeitsagentur.de/jobsuche/jobdetail/13635-0ce9e116_JB5140567-S,13635-0ce9e116_JB5140567-S
https://www.arbeitsagentur.de/jobsuche/jobdetail/13812-BB-388420-7878-6752-S,13812-BB-388420-7878-6752-S
https://www.arbeitsagentur.de/jobsuche/jobdetail/12147-20260430219069-S,12147-20260430219069-S
https://www.arbeitsagentur.de/jobsuche/jobdetail/11081-P7LWITMAC25FU19P-S,11081-P7LWITMAC25FU19P-S
https://www.arbeitsagentur.de/jobsuche/jobdetail/11119-4791109574-S,11119-4791109574-S
https://www.arbeitsagentur.de/jobsuche/jobdetail/11949-17215901-S,11949-17215901-S
https://www.arbeitsagentur.de/jobsuche/jobdetail/13424-C9608BFWIBY78NFF-S,13424-C9608BFWIBY78NFF-S
https://www.arbeitsagentur.de/jobsuche/jobdetail/10001-1003041140-S,10001-1003041140-S
https://www.arbeitsagentur.de/jobsuche/jobdetail/12811-2248058-S,12811-2248058-S
https://www.arbeitsagentur.de/jobsuche/jobdetail/13635-a37abd99_JB5140616-S,13635-a37abd99_JB5140616-S
https://www.arbeitsagentur.de/jobsuche/jobdetail/15428-2VN240CFQ3Q3MWPQ-S,15428-2VN240CFQ3Q3MWPQ-S
https://www.arbeitsagentur.de/jobsuche/jobdetail/11949-17216247-S,11949-17216247-S
https://www.arbeitsagentur.de/jobsuche/jobdetail/13635-81707822_JB5141000-S,13635-81707822_JB5141000-S
https://www.arbeitsagentur.de/jobsuche/jobdetail/10000-1206443518-S,10000-1206443518-S
https://www.arbeitsagentur.de/jobsuche/jobdetail/11949-17213501-S,11949-17213501-S
https://www.arbeitsagentur.de/jobsuche/jobdetail/17803-260506170707-PH1310-S,17803-260506170707-PH1310-S
https://www.arbeitsagentur.de/jobsuche/jobdetail/14751-70A21989-S,14751-70A21989-S
https://www.arbeitsagentur.de/jobsuche/jobdetail/11119-4791359425-S,11119-4791359425-S
https://www.arbeitsagentur.de/jobsuche/jobdetail/13270-2026-00003564-1-S,13270-2026-00003564-1-S
https://www.arbeitsagentur.de/jobsuche/jobdetail/12288-4803090305-S,12288-4803090305-S
https://www.arbeitsagentur.de/jobsuche/jobdetail/10001-1003033110-S,10001-1003033110-S
https://www.arbeitsagentur.de/jobsuche/jobdetail/13818-D2WHTVQHHX4CLM8Y-S,13818-D2WHTVQHHX4CLM8Y-S
https://www.arbeitsagentur.de/jobsuche/jobdetail/10000-1206248226-S,10000-1206248226-S
https://www.arbeitsagentur.de/jobsuche/jobdetail/11949-17215138-S,11949-17215138-S
https://www.arbeitsagentur.de/jobsuche/jobdetail/10001-1003035810-S,10001-1003035810-S
https://www.arbeitsagentur.de/jobsuche/jobdetail/15428-ZX8ISEQJ4JL78T59-S,15428-ZX8ISEQJ4JL78T59-S
https://www.arbeitsagentur.de/jobsuche/jobdetail/20242-4804156388-S,20242-4804156388-S
https://www.arbeitsagentur.de/jobsuche/jobdetail/12288-4803080381-S,12288-4803080381-S
https://www.arbeitsagentur.de/jobsuche/jobdetail/12811-2248958-S,12811-2248958-S
https://www.arbeitsagentur.de/jobsuche/jobdetail/14087-TB748GEUGJKWPD59-S,14087-TB748GEUGJKWPD59-S
https://www.arbeitsagentur.de/jobsuche/jobdetail/10001-1003041010-S,10001-1003041010-S
https://www.arbeitsagentur.de/jobsuche/jobdetail/10001-1003037446-S,10001-1003037446-S
https://www.arbeitsagentur.de/jobsuche/jobdetail/10000-1206447171-S,10000-1206447171-S
https://www.arbeitsagentur.de/jobsuche/jobdetail/17560-46e06f3618f44ae-S,17560-46e06f3618f44ae-S
https://www.arbeitsagentur.de/jobsuche/jobdetail/10000-1206448927-S,10000-1206448927-S
https://www.arbeitsagentur.de/jobsuche/jobdetail/10001-1003036208-S,10001-1003036208-S
https://www.arbeitsagentur.de/jobsuche/jobdetail/11864-RLS6KD00RR5B1MBE-S,11864-RLS6KD00RR5B1MBE-S
https://www.arbeitsagentur.de/jobsuche/jobdetail/12946-2910-1771038-0-S,12946-2910-1771038-0-S
https://www.arbeitsagentur.de/jobsuche/jobdetail/11949-17212030-S,11949-17212030-S
https://www.arbeitsagentur.de/jobsuche/jobdetail/10001-1003036581-S,10001-1003036581-S
https://www.arbeitsagentur.de/jobsuche/jobdetail/11081-E4Q7M5EZ0CU02DUS-S,11081-E4Q7M5EZ0CU02DUS-S
https://www.arbeitsagentur.de/jobsuche/jobdetail/10001-1003038101-S,10001-1003038101-S
https://www.arbeitsagentur.de/jobsuche/jobdetail/18024-100PJ000Rzh1p-S,18024-100PJ000Rzh1p-S
https://www.arbeitsagentur.de/jobsuche/jobdetail/11949-17215430-S,11949-17215430-S
https://www.arbeitsagentur.de/jobsuche/jobdetail/13465-00021a64936001-S,13465-00021a64936001-S
https://www.arbeitsagentur.de/jobsuche/jobdetail/10000-1206446283-S,10000-1206446283-S
https://www.arbeitsagentur.de/jobsuche/jobdetail/14751-70A22043-S,14751-70A22043-S
https://www.arbeitsagentur.de/jobsuche/jobdetail/10000-1206431535-S,10000-1206431535-S
https://www.arbeitsagentur.de/jobsuche/jobdetail/10000-1206431780-S,10000-1206431780-S
https://www.arbeitsagentur.de/jobsuche/jobdetail/11119-4804177557-S,11119-4804177557-S
https://www.arbeitsagentur.de/jobsuche/jobdetail/11119-4801697349-S,11119-4801697349-S
https://www.arbeitsagentur.de/jobsuche/jobdetail/17803-260507172937-OA1406-S,17803-260507172937-OA1406-S
https://www.arbeitsagentur.de/jobsuche/jobdetail/10001-1003040084-S,10001-1003040084-S
https://www.arbeitsagentur.de/jobsuche/jobdetail/14661-c9609cbaca4844f-S,14661-c9609cbaca4844f-S
https://www.arbeitsagentur.de/jobsuche/jobdetail/19128-k61273.1198-S,19128-k61273.1198-S
https://www.arbeitsagentur.de/jobsuche/jobdetail/11949-17215291-S,11949-17215291-S
https://www.arbeitsagentur.de/jobsuche/jobdetail/11949-17214627-S,11949-17214627-S
https://www.arbeitsagentur.de/jobsuche/jobdetail/10001-1003041622-S,10001-1003041622-S
https://www.arbeitsagentur.de/jobsuche/jobdetail/11949-17216002-S,11949-17216002-S
https://www.arbeitsagentur.de/jobsuche/jobdetail/10001-1003036861-S,10001-1003036861-S
https://www.arbeitsagentur.de/jobsuche/jobdetail/10001-1003040063-S,10001-1003040063-S
https://www.arbeitsagentur.de/jobsuche/jobdetail/11949-17215829-S,11949-17215829-S
https://www.arbeitsagentur.de/jobsuche/jobdetail/11119-4804144017-S,11119-4804144017-S
https://www.arbeitsagentur.de/jobsuche/jobdetail/13356-805510A48366C5-S,13356-805510A48366C5-S
https://www.arbeitsagentur.de/jobsuche/jobdetail/13635-e0c110fd_JB5139791-S,13635-e0c110fd_JB5139791-S
https://www.arbeitsagentur.de/jobsuche/jobdetail/10001-1003043296-S,10001-1003043296-S
https://www.arbeitsagentur.de/jobsuche/jobdetail/11949-17215859-S,11949-17215859-S
https://www.arbeitsagentur.de/jobsuche/jobdetail/11119-4804139566-S,11119-4804139566-S
https://www.arbeitsagentur.de/jobsuche/jobdetail/11959-105308-S,11959-105308-S
https://www.arbeitsagentur.de/jobsuche/jobdetail/17803-260507172937-OA1419-S,17803-260507172937-OA1419-S
https://www.arbeitsagentur.de/jobsuche/jobdetail/11949-17215662-S,11949-17215662-S
https://www.arbeitsagentur.de/jobsuche/jobdetail/10001-1003037918-S,10001-1003037918-S
https://www.arbeitsagentur.de/jobsuche/jobdetail/12288-4804126118-S,12288-4804126118-S
https://www.arbeitsagentur.de/jobsuche/jobdetail/10001-1003039227-S,10001-1003039227-S
https://www.arbeitsagentur.de/jobsuche/jobdetail/13356-105555A43242C24-S,13356-105555A43242C24-S
https://www.arbeitsagentur.de/jobsuche/jobdetail/10000-1206437200-S,10000-1206437200-S
https://www.arbeitsagentur.de/jobsuche/jobdetail/18914-CM26RI0HG1HW2I8V-S,18914-CM26RI0HG1HW2I8V-S
https://www.arbeitsagentur.de/jobsuche/jobdetail/12098-373A3527-S,12098-373A3527-S
https://www.arbeitsagentur.de/jobsuche/jobdetail/11849-P2095314-1-S,11849-P2095314-1-S
https://www.arbeitsagentur.de/jobsuche/jobdetail/13356-104240A40455C32-S,13356-104240A40455C32-S
https://www.arbeitsagentur.de/jobsuche/jobdetail/13635-d8462c94_JB5140693-S,13635-d8462c94_JB5140693-S
https://www.arbeitsagentur.de/jobsuche/jobdetail/10001-1003042505-S,10001-1003042505-S
https://www.arbeitsagentur.de/jobsuche/jobdetail/11949-17216256-S,11949-17216256-S
https://www.arbeitsagentur.de/jobsuche/jobdetail/10001-1003039979-S,10001-1003039979-S
https://www.arbeitsagentur.de/jobsuche/jobdetail/12633-3f37a54e_JB5139961-S,12633-3f37a54e_JB5139961-S
https://www.arbeitsagentur.de/jobsuche/jobdetail/10001-1003032708-S,10001-1003032708-S
https://www.arbeitsagentur.de/jobsuche/jobdetail/17803-260507173044-AF1402-S,17803-260507173044-AF1402-S
https://www.arbeitsagentur.de/jobsuche/jobdetail/13247-43975-01127464943-0-S,13247-43975-01127464943-0-S
https://www.arbeitsagentur.de/jobsuche/jobdetail/14413-k27218.3046-S,14413-k27218.3046-S
https://www.arbeitsagentur.de/jobsuche/jobdetail/17803-260507172806-PF1407-S,17803-260507172806-PF1407-S
https://www.arbeitsagentur.de/jobsuche/jobdetail/10001-1003036242-S,10001-1003036242-S
https://www.arbeitsagentur.de/jobsuche/jobdetail/10001-1003037012-S,10001-1003037012-S
https://www.arbeitsagentur.de/jobsuche/jobdetail/11949-17216757-S,11949-17216757-S
https://www.arbeitsagentur.de/jobsuche/jobdetail/11949-17215213-S,11949-17215213-S
https://www.arbeitsagentur.de/jobsuche/jobdetail/12618-173716-S,12618-173716-S
https://www.arbeitsagentur.de/jobsuche/jobdetail/10001-1003040721-S,10001-1003040721-S
https://www.arbeitsagentur.de/jobsuche/jobdetail/12953-AW_609654LS-S,12953-AW_609654LS-S
https://www.arbeitsagentur.de/jobsuche/jobdetail/10001-1003036534-S,10001-1003036534-S
https://www.arbeitsagentur.de/jobsuche/jobdetail/18548-k60632.1285-S,18548-k60632.1285-S
https://www.arbeitsagentur.de/jobsuche/jobdetail/14927-2m9saz3u0b6-S,14927-2m9saz3u0b6-S
https://www.arbeitsagentur.de/jobsuche/jobdetail/11949-17213956-S,11949-17213956-S
https://www.arbeitsagentur.de/jobsuche/jobdetail/14795-66456_118848-S,14795-66456_118848-S
https://www.arbeitsagentur.de/jobsuche/jobdetail/13635-2040dc8b_JB5140926-S,13635-2040dc8b_JB5140926-S
https://www.arbeitsagentur.de/jobsuche/jobdetail/10001-1003038701-S,10001-1003038701-S
https://www.arbeitsagentur.de/jobsuche/jobdetail/11119-4804163227-S,11119-4804163227-S
https://www.arbeitsagentur.de/jobsuche/jobdetail/15518-4BLCVQASCMU18BSS-S,15518-4BLCVQASCMU18BSS-S
https://www.arbeitsagentur.de/jobsuche/jobdetail/14927-1tb1cn0xf56-S,14927-1tb1cn0xf56-S
https://www.arbeitsagentur.de/jobsuche/jobdetail/13525-k45548.3509-S,13525-k45548.3509-S
https://www.arbeitsagentur.de/jobsuche/jobdetail/11949-17216314-S,11949-17216314-S
https://www.arbeitsagentur.de/jobsuche/jobdetail/14722-L2R6YUMNA5FZVYFF-S,14722-L2R6YUMNA5FZVYFF-S
https://www.arbeitsagentur.de/jobsuche/jobdetail/13635-0dd9de9e_JB5141009-S,13635-0dd9de9e_JB5141009-S
https://www.arbeitsagentur.de/jobsuche/jobdetail/11864-MJKZTGICUEHAI9CZ-S,11864-MJKZTGICUEHAI9CZ-S
https://www.arbeitsagentur.de/jobsuche/jobdetail/12618-173758-S,12618-173758-S
https://www.arbeitsagentur.de/jobsuche/jobdetail/10000-1206446781-S,10000-1206446781-S
https://www.arbeitsagentur.de/jobsuche/jobdetail/10001-1003037179-S,10001-1003037179-S
https://www.arbeitsagentur.de/jobsuche/jobdetail/11949-17216321-S,11949-17216321-S
https://www.arbeitsagentur.de/jobsuche/jobdetail/14792-1O12OPZ6504BSQ2Q-S,14792-1O12OPZ6504BSQ2Q-S
https://www.arbeitsagentur.de/jobsuche/jobdetail/10001-1003039118-S,10001-1003039118-S
https://www.arbeitsagentur.de/jobsuche/jobdetail/10001-1003040411-S,10001-1003040411-S
https://www.arbeitsagentur.de/jobsuche/jobdetail/12634-BB-640793-7878-2576-S,12634-BB-640793-7878-2576-S
https://www.arbeitsagentur.de/jobsuche/jobdetail/14751-373A95883-S,14751-373A95883-S
https://www.arbeitsagentur.de/jobsuche/jobdetail/11949-17216257-S,11949-17216257-S
https://www.arbeitsagentur.de/jobsuche/jobdetail/11949-17216309-S,11949-17216309-S
https://www.arbeitsagentur.de/jobsuche/jobdetail/20242-4804155033-S,20242-4804155033-S
https://www.arbeitsagentur.de/jobsuche/jobdetail/14751-422A666-S,14751-422A666-S
https://www.arbeitsagentur.de/jobsuche/jobdetail/14040-03VISO045P1AMT9A-S,14040-03VISO045P1AMT9A-S
https://www.arbeitsagentur.de/jobsuche/jobdetail/10001-1003035649-S,10001-1003035649-S
https://www.arbeitsagentur.de/jobsuche/jobdetail/12811-2249234-S,12811-2249234-S
https://www.arbeitsagentur.de/jobsuche/jobdetail/10001-1003039995-S,10001-1003039995-S
https://www.arbeitsagentur.de/jobsuche/jobdetail/18024-100PJ000VEj0u-S,18024-100PJ000VEj0u-S
https://www.arbeitsagentur.de/jobsuche/jobdetail/11119-4804136112-S,11119-4804136112-S
https://www.arbeitsagentur.de/jobsuche/jobdetail/14927-1wam0vteu23-S,14927-1wam0vteu23-S
https://www.arbeitsagentur.de/jobsuche/jobdetail/10001-1003040984-S,10001-1003040984-S
https://www.arbeitsagentur.de/jobsuche/jobdetail/12513-0007639506-S,12513-0007639506-S
https://www.arbeitsagentur.de/jobsuche/jobdetail/10001-1003036812-S,10001-1003036812-S
https://www.arbeitsagentur.de/jobsuche/jobdetail/10001-1003036032-S,10001-1003036032-S
https://www.arbeitsagentur.de/jobsuche/jobdetail/14795-65712_118795-S,14795-65712_118795-S
https://www.arbeitsagentur.de/jobsuche/jobdetail/10001-1003043069-S,10001-1003043069-S
https://www.arbeitsagentur.de/jobsuche/jobdetail/12704-IYMTB14IOU8D1XV3-S,12704-IYMTB14IOU8D1XV3-S
https://www.arbeitsagentur.de/jobsuche/jobdetail/14661-37c8d10e62f043b-S,14661-37c8d10e62f043b-S
https://www.arbeitsagentur.de/jobsuche/jobdetail/20072-pus75upbxl-S,20072-pus75upbxl-S
https://www.arbeitsagentur.de/jobsuche/jobdetail/13635-9ea0c0bc_JB5141093-S,13635-9ea0c0bc_JB5141093-S
https://www.arbeitsagentur.de/jobsuche/jobdetail/14927-159ywd91csv-S,14927-159ywd91csv-S
https://www.arbeitsagentur.de/jobsuche/jobdetail/17724-XAQ44IY1792WN169-S,17724-XAQ44IY1792WN169-S
https://www.arbeitsagentur.de/jobsuche/jobdetail/12288-4804112818-S,12288-4804112818-S
https://www.arbeitsagentur.de/jobsuche/jobdetail/11949-17215214-S,11949-17215214-S
https://www.arbeitsagentur.de/jobsuche/jobdetail/11949-17216605-S,11949-17216605-S
https://www.arbeitsagentur.de/jobsuche/jobdetail/12811-2249399-S,12811-2249399-S
https://www.arbeitsagentur.de/jobsuche/jobdetail/14751-437A374-S,14751-437A374-S
https://www.arbeitsagentur.de/jobsuche/jobdetail/10001-1003040940-S,10001-1003040940-S
https://www.arbeitsagentur.de/jobsuche/jobdetail/11949-17216532-S,11949-17216532-S
https://www.arbeitsagentur.de/jobsuche/jobdetail/10001-1003041749-S,10001-1003041749-S
https://www.arbeitsagentur.de/jobsuche/jobdetail/11949-17216039-S,11949-17216039-S
https://www.arbeitsagentur.de/jobsuche/jobdetail/12787-254664060526-S,12787-254664060526-S
https://www.arbeitsagentur.de/jobsuche/jobdetail/12704-XCRHKHYKPNOJF4MB-S,12704-XCRHKHYKPNOJF4MB-S
https://www.arbeitsagentur.de/jobsuche/jobdetail/14795-67133_118869-S,14795-67133_118869-S
https://www.arbeitsagentur.de/jobsuche/jobdetail/16291-dd91de658eca4c4-S,16291-dd91de658eca4c4-S
https://www.arbeitsagentur.de/jobsuche/jobdetail/10001-1003035995-S,10001-1003035995-S
https://www.arbeitsagentur.de/jobsuche/jobdetail/10000-1206445055-S,10000-1206445055-S
https://www.arbeitsagentur.de/jobsuche/jobdetail/17560-a59fca3782ca49f-S,17560-a59fca3782ca49f-S
https://www.arbeitsagentur.de/jobsuche/jobdetail/12811-2249365-S,12811-2249365-S
https://www.arbeitsagentur.de/jobsuche/jobdetail/13628-8O1EZAWJU28Y1YJZ-S,13628-8O1EZAWJU28Y1YJZ-S
https://www.arbeitsagentur.de/jobsuche/jobdetail/14751-70A21983-S,14751-70A21983-S
https://www.arbeitsagentur.de/jobsuche/jobdetail/11949-17216481-S,11949-17216481-S
https://www.arbeitsagentur.de/jobsuche/jobdetail/10001-1003040102-S,10001-1003040102-S
https://www.arbeitsagentur.de/jobsuche/jobdetail/12513-0007639504-S,12513-0007639504-S
https://www.arbeitsagentur.de/jobsuche/jobdetail/10000-1206449676-S,10000-1206449676-S
https://www.arbeitsagentur.de/jobsuche/jobdetail/10001-1003041074-S,10001-1003041074-S
https://www.arbeitsagentur.de/jobsuche/jobdetail/11949-17215629-S,11949-17215629-S
https://www.arbeitsagentur.de/jobsuche/jobdetail/12384-944065852-S,12384-944065852-S
https://www.arbeitsagentur.de/jobsuche/jobdetail/10000-1206439801-S,10000-1206439801-S
https://www.arbeitsagentur.de/jobsuche/jobdetail/10001-1003038265-S,10001-1003038265-S
https://www.arbeitsagentur.de/jobsuche/jobdetail/20401-k61967.1025-S,20401-k61967.1025-S
https://www.arbeitsagentur.de/jobsuche/jobdetail/13356-101813A33876C42-S,13356-101813A33876C42-S
https://www.arbeitsagentur.de/jobsuche/jobdetail/10001-1003039892-S,10001-1003039892-S
https://www.arbeitsagentur.de/jobsuche/jobdetail/10001-1003034075-S,10001-1003034075-S
https://www.arbeitsagentur.de/jobsuche/jobdetail/14271-1570774-1-S,14271-1570774-1-S
https://www.arbeitsagentur.de/jobsuche/jobdetail/10001-1003042288-S,10001-1003042288-S
https://www.arbeitsagentur.de/jobsuche/jobdetail/11949-17215846-S,11949-17215846-S
https://www.arbeitsagentur.de/jobsuche/jobdetail/12288-4804120670-S,12288-4804120670-S
https://www.arbeitsagentur.de/jobsuche/jobdetail/13916-44160752-56-S,13916-44160752-56-S
https://www.arbeitsagentur.de/jobsuche/jobdetail/11949-17216028-S,11949-17216028-S
https://www.arbeitsagentur.de/jobsuche/jobdetail/11949-17215887-S,11949-17215887-S
https://www.arbeitsagentur.de/jobsuche/jobdetail/10001-1003040127-S,10001-1003040127-S
https://www.arbeitsagentur.de/jobsuche/jobdetail/11864-MPMG47F2DQ3H114B-S,11864-MPMG47F2DQ3H114B-S
https://www.arbeitsagentur.de/jobsuche/jobdetail/14722-6YMUN7C8YZK2Y735-S,14722-6YMUN7C8YZK2Y735-S
https://www.arbeitsagentur.de/jobsuche/jobdetail/14722-ZLT1LWAR1NSJ2HJ6-S,14722-ZLT1LWAR1NSJ2HJ6-S
https://www.arbeitsagentur.de/jobsuche/jobdetail/10001-1003037814-S,10001-1003037814-S
https://www.arbeitsagentur.de/jobsuche/jobdetail/13356-196596A048981C1-S,13356-196596A048981C1-S
https://www.arbeitsagentur.de/jobsuche/jobdetail/13669-M2VOT7M7TAL54CHB-S,13669-M2VOT7M7TAL54CHB-S
https://www.arbeitsagentur.de/jobsuche/jobdetail/11949-17215921-S,11949-17215921-S
https://www.arbeitsagentur.de/jobsuche/jobdetail/17864-RNCI2MFALTXJWXD1-S,17864-RNCI2MFALTXJWXD1-S
https://www.arbeitsagentur.de/jobsuche/jobdetail/10001-1003041273-S,10001-1003041273-S
https://www.arbeitsagentur.de/jobsuche/jobdetail/10001-1003035949-S,10001-1003035949-S
https://www.arbeitsagentur.de/jobsuche/jobdetail/14385-611-2565649-26-S,14385-611-2565649-26-S
https://www.arbeitsagentur.de/jobsuche/jobdetail/10001-1003041305-S,10001-1003041305-S
https://www.arbeitsagentur.de/jobsuche/jobdetail/13812-BB-388393-7878-1109-S,13812-BB-388393-7878-1109-S
https://www.arbeitsagentur.de/jobsuche/jobdetail/13356-102626A43245C24-S,13356-102626A43245C24-S
https://www.arbeitsagentur.de/jobsuche/jobdetail/14927-2fb0kuxc82n-S,14927-2fb0kuxc82n-S
https://www.arbeitsagentur.de/jobsuche/jobdetail/10001-1003033915-S,10001-1003033915-S
https://www.arbeitsagentur.de/jobsuche/jobdetail/16977-2249037-S,16977-2249037-S
https://www.arbeitsagentur.de/jobsuche/jobdetail/11949-17215731-S,11949-17215731-S
https://www.arbeitsagentur.de/jobsuche/jobdetail/11949-17213460-S,11949-17213460-S
https://www.arbeitsagentur.de/jobsuche/jobdetail/13635-ec008bee_JB5140225-S,13635-ec008bee_JB5140225-S
https://www.arbeitsagentur.de/jobsuche/jobdetail/15632-k51545.1711-S,15632-k51545.1711-S
https://www.arbeitsagentur.de/jobsuche/jobdetail/10001-1003041419-S,10001-1003041419-S
https://www.arbeitsagentur.de/jobsuche/jobdetail/12287-JOB-669781-S,12287-JOB-669781-S
https://www.arbeitsagentur.de/jobsuche/jobdetail/14751-70A22046-S,14751-70A22046-S
https://www.arbeitsagentur.de/jobsuche/jobdetail/11949-17215415-S,11949-17215415-S
https://www.arbeitsagentur.de/jobsuche/jobdetail/17489-ad8453e9d5a24a1-S,17489-ad8453e9d5a24a1-S
https://www.arbeitsagentur.de/jobsuche/jobdetail/12759-9SSU1PML7DYRR0DA-S,12759-9SSU1PML7DYRR0DA-S
https://www.arbeitsagentur.de/jobsuche/jobdetail/10001-1003036878-S,10001-1003036878-S
https://www.arbeitsagentur.de/jobsuche/jobdetail/13356-405659A38616C34-S,13356-405659A38616C34-S
https://www.arbeitsagentur.de/jobsuche/jobdetail/10001-1003040116-S,10001-1003040116-S
https://www.arbeitsagentur.de/jobsuche/jobdetail/10001-1003040252-S,10001-1003040252-S
https://www.arbeitsagentur.de/jobsuche/jobdetail/19827-SIA9BLCVWD9WYY91-S,19827-SIA9BLCVWD9WYY91-S
https://www.arbeitsagentur.de/jobsuche/jobdetail/13812-BB-388401-7878-6176-S,13812-BB-388401-7878-6176-S
https://www.arbeitsagentur.de/jobsuche/jobdetail/10001-1003038385-S,10001-1003038385-S
https://www.arbeitsagentur.de/jobsuche/jobdetail/15379-LUSMKU3KQznvrk-S,15379-LUSMKU3KQznvrk-S
https://www.arbeitsagentur.de/jobsuche/jobdetail/20465-EHA3E6TFAN2AJ5Q7-S,20465-EHA3E6TFAN2AJ5Q7-S
https://www.arbeitsagentur.de/jobsuche/jobdetail/10000-1206429515-S,10000-1206429515-S
https://www.arbeitsagentur.de/jobsuche/jobdetail/11949-17216566-S,11949-17216566-S
https://www.arbeitsagentur.de/jobsuche/jobdetail/11949-17214367-S,11949-17214367-S
https://www.arbeitsagentur.de/jobsuche/jobdetail/13356-102628A48224C6-S,13356-102628A48224C6-S
https://www.arbeitsagentur.de/jobsuche/jobdetail/13465-00021a6487a001-S,13465-00021a6487a001-S
https://www.arbeitsagentur.de/jobsuche/jobdetail/11949-17213575-S,11949-17213575-S
https://www.arbeitsagentur.de/jobsuche/jobdetail/10001-1003042994-S,10001-1003042994-S
https://www.arbeitsagentur.de/jobsuche/jobdetail/11949-17216661-S,11949-17216661-S
https://www.arbeitsagentur.de/jobsuche/jobdetail/11119-4791109313-S,11119-4791109313-S
https://www.arbeitsagentur.de/jobsuche/jobdetail/10000-1206435790-S,10000-1206435790-S
https://www.arbeitsagentur.de/jobsuche/jobdetail/11949-17216724-S,11949-17216724-S
https://www.arbeitsagentur.de/jobsuche/jobdetail/16915-IGNL5P4IOIEG4VHJ-S,16915-IGNL5P4IOIEG4VHJ-S
https://www.arbeitsagentur.de/jobsuche/jobdetail/10001-1003036124-S,10001-1003036124-S
https://www.arbeitsagentur.de/jobsuche/jobdetail/11852-944078186-S,11852-944078186-S
https://www.arbeitsagentur.de/jobsuche/jobdetail/14385-565-2565604-26-S,14385-565-2565604-26-S
https://www.arbeitsagentur.de/jobsuche/jobdetail/13356-101813A47890C7-S,13356-101813A47890C7-S
https://www.arbeitsagentur.de/jobsuche/jobdetail/14333-2026zdwx3rz0-000-S,14333-2026zdwx3rz0-000-S
https://www.arbeitsagentur.de/jobsuche/jobdetail/14742-3101336_3998137-S,14742-3101336_3998137-S
https://www.arbeitsagentur.de/jobsuche/jobdetail/17803-260507173118-HE1401-S,17803-260507173118-HE1401-S
https://www.arbeitsagentur.de/jobsuche/jobdetail/10001-1003036075-S,10001-1003036075-S
https://www.arbeitsagentur.de/jobsuche/jobdetail/10000-1206447349-S,10000-1206447349-S
https://www.arbeitsagentur.de/jobsuche/jobdetail/11949-17165062-S,11949-17165062-S
https://www.arbeitsagentur.de/jobsuche/jobdetail/12811-2249229-S,12811-2249229-S
https://www.arbeitsagentur.de/jobsuche/jobdetail/12288-4803083743-S,12288-4803083743-S
https://www.arbeitsagentur.de/jobsuche/jobdetail/16741-4804217250-S,16741-4804217250-S
https://www.arbeitsagentur.de/jobsuche/jobdetail/13635-589c9bb0_JB5140551-S,13635-589c9bb0_JB5140551-S
https://www.arbeitsagentur.de/jobsuche/jobdetail/11949-17216587-S,11949-17216587-S
https://www.arbeitsagentur.de/jobsuche/jobdetail/12147-20260507219337-S,12147-20260507219337-S
https://www.arbeitsagentur.de/jobsuche/jobdetail/17803-260507172806-PF1415-S,17803-260507172806-PF1415-S
https://www.arbeitsagentur.de/jobsuche/jobdetail/12513-0007639530-S,12513-0007639530-S
https://www.arbeitsagentur.de/jobsuche/jobdetail/14048-b4d15b8b336c7fdc-S,14048-b4d15b8b336c7fdc-S
https://www.arbeitsagentur.de/jobsuche/jobdetail/12461-81a9961d48dc404-S,12461-81a9961d48dc404-S
https://www.arbeitsagentur.de/jobsuche/jobdetail/10001-1003038287-S,10001-1003038287-S
https://www.arbeitsagentur.de/jobsuche/jobdetail/10001-1003036801-S,10001-1003036801-S
https://www.arbeitsagentur.de/jobsuche/jobdetail/10001-1003042236-S,10001-1003042236-S
https://www.arbeitsagentur.de/jobsuche/jobdetail/13465-00021a64922001-S,13465-00021a64922001-S
https://www.arbeitsagentur.de/jobsuche/jobdetail/11119-4801686968-S,11119-4801686968-S
https://www.arbeitsagentur.de/jobsuche/jobdetail/14167-TABZV4S8FKJTXHEZ-S,14167-TABZV4S8FKJTXHEZ-S
https://www.arbeitsagentur.de/jobsuche/jobdetail/17864-8WVZ2UZEPSBUCF6G-S,17864-8WVZ2UZEPSBUCF6G-S
https://www.arbeitsagentur.de/jobsuche/jobdetail/11949-17215740-S,11949-17215740-S
https://www.arbeitsagentur.de/jobsuche/jobdetail/10001-1003043272-S,10001-1003043272-S
https://www.arbeitsagentur.de/jobsuche/jobdetail/13356-101850A47063C12-S,13356-101850A47063C12-S
https://www.arbeitsagentur.de/jobsuche/jobdetail/12288-4803091801-S,12288-4803091801-S
https://www.arbeitsagentur.de/jobsuche/jobdetail/11864-HCDLIM42D1P4ES34-S,11864-HCDLIM42D1P4ES34-S
https://www.arbeitsagentur.de/jobsuche/jobdetail/14792-MTSWBEO6CLQAAXH4-S,14792-MTSWBEO6CLQAAXH4-S
https://www.arbeitsagentur.de/jobsuche/jobdetail/14751-62A117727-S,14751-62A117727-S
https://www.arbeitsagentur.de/jobsuche/jobdetail/10000-1206438159-S,10000-1206438159-S
https://www.arbeitsagentur.de/jobsuche/jobdetail/17803-260507172806-PF1411-S,17803-260507172806-PF1411-S
https://www.arbeitsagentur.de/jobsuche/jobdetail/11119-4803038077-S,11119-4803038077-S
https://www.arbeitsagentur.de/jobsuche/jobdetail/10000-1206446281-S,10000-1206446281-S
https://www.arbeitsagentur.de/jobsuche/jobdetail/11949-17215026-S,11949-17215026-S
https://www.arbeitsagentur.de/jobsuche/jobdetail/10001-1003040739-S,10001-1003040739-S
https://www.arbeitsagentur.de/jobsuche/jobdetail/14471-YCZY0X8GKNG1PAXX-S,14471-YCZY0X8GKNG1PAXX-S
https://www.arbeitsagentur.de/jobsuche/jobdetail/16864-ZUJNX9Q4V80244RO-S,16864-ZUJNX9Q4V80244RO-S
https://www.arbeitsagentur.de/jobsuche/jobdetail/11973-c-841627-S,11973-c-841627-S
https://www.arbeitsagentur.de/jobsuche/jobdetail/14040-TTPWOUUDKPZXQEKO-S,14040-TTPWOUUDKPZXQEKO-S
https://www.arbeitsagentur.de/jobsuche/jobdetail/11864-O3Y7Z9W6H7ZLEJNB-S,11864-O3Y7Z9W6H7ZLEJNB-S
https://www.arbeitsagentur.de/jobsuche/jobdetail/11949-17216034-S,11949-17216034-S
https://www.arbeitsagentur.de/jobsuche/jobdetail/12618-173511-S,12618-173511-S
https://www.arbeitsagentur.de/jobsuche/jobdetail/10000-1206438780-S,10000-1206438780-S
https://www.arbeitsagentur.de/jobsuche/jobdetail/10000-1206441140-S,10000-1206441140-S
https://www.arbeitsagentur.de/jobsuche/jobdetail/11119-4802935686-S,11119-4802935686-S
https://www.arbeitsagentur.de/jobsuche/jobdetail/13916-44160712-56-S,13916-44160712-56-S
https://www.arbeitsagentur.de/jobsuche/jobdetail/10001-1003041719-S,10001-1003041719-S
https://www.arbeitsagentur.de/jobsuche/jobdetail/10001-1003040564-S,10001-1003040564-S
https://www.arbeitsagentur.de/jobsuche/jobdetail/13465-00021a648de001-S,13465-00021a648de001-S
https://www.arbeitsagentur.de/jobsuche/jobdetail/11949-17216596-S,11949-17216596-S
https://www.arbeitsagentur.de/jobsuche/jobdetail/10000-1206439306-S,10000-1206439306-S
https://www.arbeitsagentur.de/jobsuche/jobdetail/12209-13742759-S,12209-13742759-S
https://www.arbeitsagentur.de/jobsuche/jobdetail/10001-1003035047-S,10001-1003035047-S
https://www.arbeitsagentur.de/jobsuche/jobdetail/10001-1003037623-S,10001-1003037623-S
https://www.arbeitsagentur.de/jobsuche/jobdetail/10000-1206440959-S,10000-1206440959-S
https://www.arbeitsagentur.de/jobsuche/jobdetail/11119-4803888083-S,11119-4803888083-S
https://www.arbeitsagentur.de/jobsuche/jobdetail/10000-1206435019-S,10000-1206435019-S
https://www.arbeitsagentur.de/jobsuche/jobdetail/11949-17214075-S,11949-17214075-S
https://www.arbeitsagentur.de/jobsuche/jobdetail/10001-1003043030-S,10001-1003043030-S
https://www.arbeitsagentur.de/jobsuche/jobdetail/10000-1206446601-S,10000-1206446601-S
https://www.arbeitsagentur.de/jobsuche/jobdetail/14076-BB-13157-7878-37573-S,14076-BB-13157-7878-37573-S
https://www.arbeitsagentur.de/jobsuche/jobdetail/12668-9b7129a714c145b-S,12668-9b7129a714c145b-S
https://www.arbeitsagentur.de/jobsuche/jobdetail/18024-100PJ000Tu11p-S,18024-100PJ000Tu11p-S
https://www.arbeitsagentur.de/jobsuche/jobdetail/10001-1003040994-S,10001-1003040994-S
https://www.arbeitsagentur.de/jobsuche/jobdetail/10000-1206428314-S,10000-1206428314-S
https://www.arbeitsagentur.de/jobsuche/jobdetail/16185-L9JUR9SW5862MYPE-S,16185-L9JUR9SW5862MYPE-S
https://www.arbeitsagentur.de/jobsuche/jobdetail/10000-1206447254-S,10000-1206447254-S
https://www.arbeitsagentur.de/jobsuche/jobdetail/12122-209187-1771053-0-S,12122-209187-1771053-0-S
https://www.arbeitsagentur.de/jobsuche/jobdetail/10001-1003038121-S,10001-1003038121-S
https://www.arbeitsagentur.de/jobsuche/jobdetail/17803-260507172806-PF1403-S,17803-260507172806-PF1403-S
https://www.arbeitsagentur.de/jobsuche/jobdetail/10001-1003035544-S,10001-1003035544-S
https://www.arbeitsagentur.de/jobsuche/jobdetail/10001-1003035761-S,10001-1003035761-S
https://www.arbeitsagentur.de/jobsuche/jobdetail/19417-ee445b9090c018b47eb-S,19417-ee445b9090c018b47eb-S
https://www.arbeitsagentur.de/jobsuche/jobdetail/10001-1003035435-S,10001-1003035435-S
https://www.arbeitsagentur.de/jobsuche/jobdetail/10001-1003037495-S,10001-1003037495-S
https://www.arbeitsagentur.de/jobsuche/jobdetail/10001-1003042213-S,10001-1003042213-S
https://www.arbeitsagentur.de/jobsuche/jobdetail/10001-1003034771-S,10001-1003034771-S
https://www.arbeitsagentur.de/jobsuche/jobdetail/16291-bde40b96e38440f-S,16291-bde40b96e38440f-S
https://www.arbeitsagentur.de/jobsuche/jobdetail/11949-17216550-S,11949-17216550-S
https://www.arbeitsagentur.de/jobsuche/jobdetail/12790-j127S9368-22348-S,12790-j127S9368-22348-S
https://www.arbeitsagentur.de/jobsuche/jobdetail/10001-1003043176-S,10001-1003043176-S
https://www.arbeitsagentur.de/jobsuche/jobdetail/10001-1003039950-S,10001-1003039950-S
https://www.arbeitsagentur.de/jobsuche/jobdetail/12462-1571626-1-S,12462-1571626-1-S
https://www.arbeitsagentur.de/jobsuche/jobdetail/17724-6IDI8NUEQ6BA7EYC-S,17724-6IDI8NUEQ6BA7EYC-S
https://www.arbeitsagentur.de/jobsuche/jobdetail/14927-kola3jcscc-S,14927-kola3jcscc-S
https://www.arbeitsagentur.de/jobsuche/jobdetail/16963-REF325F-6471974248-S,16963-REF325F-6471974248-S
https://www.arbeitsagentur.de/jobsuche/jobdetail/12826-SA0137610_JB5141200-S,12826-SA0137610_JB5141200-S
https://www.arbeitsagentur.de/jobsuche/jobdetail/14751-70A22068-S,14751-70A22068-S
https://www.arbeitsagentur.de/jobsuche/jobdetail/11949-17215171-S,11949-17215171-S
https://www.arbeitsagentur.de/jobsuche/jobdetail/10000-1206449476-S,10000-1206449476-S
https://www.arbeitsagentur.de/jobsuche/jobdetail/11949-17214073-S,11949-17214073-S
https://www.arbeitsagentur.de/jobsuche/jobdetail/20242-4804174525-S,20242-4804174525-S
https://www.arbeitsagentur.de/jobsuche/jobdetail/11949-17216409-S,11949-17216409-S
https://www.arbeitsagentur.de/jobsuche/jobdetail/17985-K8T87BXCWTOFJRA8-S,17985-K8T87BXCWTOFJRA8-S
https://www.arbeitsagentur.de/jobsuche/jobdetail/17560-9d765e1b499c4cb-S,17560-9d765e1b499c4cb-S
https://www.arbeitsagentur.de/jobsuche/jobdetail/10001-1003037855-S,10001-1003037855-S
https://www.arbeitsagentur.de/jobsuche/jobdetail/10001-1003036261-S,10001-1003036261-S
https://www.arbeitsagentur.de/jobsuche/jobdetail/13356-103540A48394C5-S,13356-103540A48394C5-S
https://www.arbeitsagentur.de/jobsuche/jobdetail/10001-1003039688-S,10001-1003039688-S
https://www.arbeitsagentur.de/jobsuche/jobdetail/14888-4TQQ71ZH46ASO0K2-S,14888-4TQQ71ZH46ASO0K2-S
https://www.arbeitsagentur.de/jobsuche/jobdetail/10001-1003041423-S,10001-1003041423-S
https://www.arbeitsagentur.de/jobsuche/jobdetail/10000-1206447371-S,10000-1206447371-S
https://www.arbeitsagentur.de/jobsuche/jobdetail/12287-JOB-597761-S,12287-JOB-597761-S
https://www.arbeitsagentur.de/jobsuche/jobdetail/10001-1003036262-S,10001-1003036262-S
https://www.arbeitsagentur.de/jobsuche/jobdetail/13635-7fab7318_JB5140525-S,13635-7fab7318_JB5140525-S
https://www.arbeitsagentur.de/jobsuche/jobdetail/12288-4803176981-S,12288-4803176981-S
https://www.arbeitsagentur.de/jobsuche/jobdetail/10001-1003041991-S,10001-1003041991-S
https://www.arbeitsagentur.de/jobsuche/jobdetail/12618-173710-S,12618-173710-S
https://www.arbeitsagentur.de/jobsuche/jobdetail/14927-2lqswoxwvfg-S,14927-2lqswoxwvfg-S
https://www.arbeitsagentur.de/jobsuche/jobdetail/11119-4792610581-S,11119-4792610581-S
https://www.arbeitsagentur.de/jobsuche/jobdetail/14471-I0ORTQHKZ6A3FNBN-S,14471-I0ORTQHKZ6A3FNBN-S
https://www.arbeitsagentur.de/jobsuche/jobdetail/10001-1003038089-S,10001-1003038089-S
https://www.arbeitsagentur.de/jobsuche/jobdetail/11949-17216713-S,11949-17216713-S
https://www.arbeitsagentur.de/jobsuche/jobdetail/11119-4804166461-S,11119-4804166461-S
https://www.arbeitsagentur.de/jobsuche/jobdetail/13356-109526A44085C1-S,13356-109526A44085C1-S
https://www.arbeitsagentur.de/jobsuche/jobdetail/18914-VUB7A1U73LTPUIHT-S,18914-VUB7A1U73LTPUIHT-S
https://www.arbeitsagentur.de/jobsuche/jobdetail/12461-522f0b77e41d45f-S,12461-522f0b77e41d45f-S
https://www.arbeitsagentur.de/jobsuche/jobdetail/14087-DJWIEXAKMQAGHXLY-S,14087-DJWIEXAKMQAGHXLY-S
https://www.arbeitsagentur.de/jobsuche/jobdetail/12826-SA0137600_JB5141027-S,12826-SA0137600_JB5141027-S
https://www.arbeitsagentur.de/jobsuche/jobdetail/11949-17215019-S,11949-17215019-S
https://www.arbeitsagentur.de/jobsuche/jobdetail/10001-1003037074-S,10001-1003037074-S
https://www.arbeitsagentur.de/jobsuche/jobdetail/10001-1003037344-S,10001-1003037344-S
https://www.arbeitsagentur.de/jobsuche/jobdetail/12811-2248842-S,12811-2248842-S
https://www.arbeitsagentur.de/jobsuche/jobdetail/10001-1003040375-S,10001-1003040375-S
https://www.arbeitsagentur.de/jobsuche/jobdetail/12288-4803082109-S,12288-4803082109-S
https://www.arbeitsagentur.de/jobsuche/jobdetail/10001-1003035646-S,10001-1003035646-S
https://www.arbeitsagentur.de/jobsuche/jobdetail/10001-1003040614-S,10001-1003040614-S
https://www.arbeitsagentur.de/jobsuche/jobdetail/10001-1003028075-S,10001-1003028075-S
https://www.arbeitsagentur.de/jobsuche/jobdetail/11949-17214611-S,11949-17214611-S
https://www.arbeitsagentur.de/jobsuche/jobdetail/10001-1003039178-S,10001-1003039178-S
https://www.arbeitsagentur.de/jobsuche/jobdetail/11119-4791095179-S,11119-4791095179-S
https://www.arbeitsagentur.de/jobsuche/jobdetail/10001-1003035948-S,10001-1003035948-S
https://www.arbeitsagentur.de/jobsuche/jobdetail/11119-4804177560-S,11119-4804177560-S
https://www.arbeitsagentur.de/jobsuche/jobdetail/11949-17214984-S,11949-17214984-S
https://www.arbeitsagentur.de/jobsuche/jobdetail/10001-1003040148-S,10001-1003040148-S
https://www.arbeitsagentur.de/jobsuche/jobdetail/10000-1206431319-S,10000-1206431319-S
https://www.arbeitsagentur.de/jobsuche/jobdetail/14722-CYS9GMT684ADUT6T-S,14722-CYS9GMT684ADUT6T-S
https://www.arbeitsagentur.de/jobsuche/jobdetail/10001-1003041296-S,10001-1003041296-S
https://www.arbeitsagentur.de/jobsuche/jobdetail/10000-1206447500-S,10000-1206447500-S
https://www.arbeitsagentur.de/jobsuche/jobdetail/14795-66956_118913-S,14795-66956_118913-S
https://www.arbeitsagentur.de/jobsuche/jobdetail/11119-4802973104-S,11119-4802973104-S
https://www.arbeitsagentur.de/jobsuche/jobdetail/10001-1003036369-S,10001-1003036369-S
https://www.arbeitsagentur.de/jobsuche/jobdetail/10000-1206380556-S,10000-1206380556-S
https://www.arbeitsagentur.de/jobsuche/jobdetail/16291-4862b697b78b48a-S,16291-4862b697b78b48a-S
https://www.arbeitsagentur.de/jobsuche/jobdetail/11119-4804138655-S,11119-4804138655-S
https://www.arbeitsagentur.de/jobsuche/jobdetail/18024-100aR0001BY36-S,18024-100aR0001BY36-S
https://www.arbeitsagentur.de/jobsuche/jobdetail/14751-422A667-S,14751-422A667-S
https://www.arbeitsagentur.de/jobsuche/jobdetail/10001-1003037139-S,10001-1003037139-S
https://www.arbeitsagentur.de/jobsuche/jobdetail/11868-13742789-S,11868-13742789-S
https://www.arbeitsagentur.de/jobsuche/jobdetail/11949-17214986-S,11949-17214986-S
https://www.arbeitsagentur.de/jobsuche/jobdetail/14795-65402_118797-S,14795-65402_118797-S
https://www.arbeitsagentur.de/jobsuche/jobdetail/20309-8324-1771025-0-S,20309-8324-1771025-0-S
https://www.arbeitsagentur.de/jobsuche/jobdetail/11119-4792611374-S,11119-4792611374-S
https://www.arbeitsagentur.de/jobsuche/jobdetail/18024-100PJ000UAX1m-S,18024-100PJ000UAX1m-S
https://www.arbeitsagentur.de/jobsuche/jobdetail/11119-4801702873-S,11119-4801702873-S
https://www.arbeitsagentur.de/jobsuche/jobdetail/10001-1003037912-S,10001-1003037912-S
https://www.arbeitsagentur.de/jobsuche/jobdetail/13465-00021a648b2001-S,13465-00021a648b2001-S
https://www.arbeitsagentur.de/jobsuche/jobdetail/11949-17214899-S,11949-17214899-S
https://www.arbeitsagentur.de/jobsuche/jobdetail/11949-17215265-S,11949-17215265-S
https://www.arbeitsagentur.de/jobsuche/jobdetail/11949-17216447-S,11949-17216447-S
https://www.arbeitsagentur.de/jobsuche/jobdetail/12811-2249073-S,12811-2249073-S
https://www.arbeitsagentur.de/jobsuche/jobdetail/12054-BXH1N25TJ95XH4I1-S,12054-BXH1N25TJ95XH4I1-S
https://www.arbeitsagentur.de/jobsuche/jobdetail/10001-1003039790-S,10001-1003039790-S
https://www.arbeitsagentur.de/jobsuche/jobdetail/10001-1003036258-S,10001-1003036258-S
https://www.arbeitsagentur.de/jobsuche/jobdetail/11949-17216743-S,11949-17216743-S
https://www.arbeitsagentur.de/jobsuche/jobdetail/11849-P2019294-8-S,11849-P2019294-8-S
https://www.arbeitsagentur.de/jobsuche/jobdetail/11949-17215466-S,11949-17215466-S
https://www.arbeitsagentur.de/jobsuche/jobdetail/14661-ff97cf6eb30e4e9-S,14661-ff97cf6eb30e4e9-S
https://www.arbeitsagentur.de/jobsuche/jobdetail/11949-17215406-S,11949-17215406-S
https://www.arbeitsagentur.de/jobsuche/jobdetail/17309-c748ed36d200b166-S,17309-c748ed36d200b166-S
https://www.arbeitsagentur.de/jobsuche/jobdetail/14792-QHO5SEUF5XAFHR9Q-S,14792-QHO5SEUF5XAFHR9Q-S
https://www.arbeitsagentur.de/jobsuche/jobdetail/17560-f3c7cdc7c2dc4d5-S,17560-f3c7cdc7c2dc4d5-S
https://www.arbeitsagentur.de/jobsuche/jobdetail/13356-102688A41512C30-S,13356-102688A41512C30-S
https://www.arbeitsagentur.de/jobsuche/jobdetail/11973-c-397106-S,11973-c-397106-S
https://www.arbeitsagentur.de/jobsuche/jobdetail/11949-17216265-S,11949-17216265-S
https://www.arbeitsagentur.de/jobsuche/jobdetail/12032-RG2C792F1-S,12032-RG2C792F1-S
https://www.arbeitsagentur.de/jobsuche/jobdetail/14373-k36443.3994-S,14373-k36443.3994-S
https://www.arbeitsagentur.de/jobsuche/jobdetail/12704-WOLBS0V47A0F7H9D-S,12704-WOLBS0V47A0F7H9D-S
https://www.arbeitsagentur.de/jobsuche/jobdetail/11119-4804127003-S,11119-4804127003-S
https://www.arbeitsagentur.de/jobsuche/jobdetail/14751-408A1928-S,14751-408A1928-S
https://www.arbeitsagentur.de/jobsuche/jobdetail/11081-6IF1RJ83UXKZRBDA-S,11081-6IF1RJ83UXKZRBDA-S
https://www.arbeitsagentur.de/jobsuche/jobdetail/11081-JZSMV9UW7OB0TO6S-S,11081-JZSMV9UW7OB0TO6S-S
https://www.arbeitsagentur.de/jobsuche/jobdetail/10001-1003043303-S,10001-1003043303-S
https://www.arbeitsagentur.de/jobsuche/jobdetail/10001-1003037633-S,10001-1003037633-S
https://www.arbeitsagentur.de/jobsuche/jobdetail/11119-4791109805-S,11119-4791109805-S
https://www.arbeitsagentur.de/jobsuche/jobdetail/12916-0003X0333045520-S,12916-0003X0333045520-S
https://www.arbeitsagentur.de/jobsuche/jobdetail/10001-1003040868-S,10001-1003040868-S
https://www.arbeitsagentur.de/jobsuche/jobdetail/17489-32b98d15f3d1461-S,17489-32b98d15f3d1461-S
https://www.arbeitsagentur.de/jobsuche/jobdetail/11949-17215223-S,11949-17215223-S
https://www.arbeitsagentur.de/jobsuche/jobdetail/10001-1003040542-S,10001-1003040542-S
https://www.arbeitsagentur.de/jobsuche/jobdetail/13635-cb3a485e_JB5140431-S,13635-cb3a485e_JB5140431-S
https://www.arbeitsagentur.de/jobsuche/jobdetail/11949-17216607-S,11949-17216607-S
https://www.arbeitsagentur.de/jobsuche/jobdetail/10000-1206442799-S,10000-1206442799-S
https://www.arbeitsagentur.de/jobsuche/jobdetail/10000-1206387353-S,10000-1206387353-S
https://www.arbeitsagentur.de/jobsuche/jobdetail/11949-17215206-S,11949-17215206-S
https://www.arbeitsagentur.de/jobsuche/jobdetail/18024-100PC000AqA0h-S,18024-100PC000AqA0h-S
https://www.arbeitsagentur.de/jobsuche/jobdetail/10001-1003037748-S,10001-1003037748-S
https://www.arbeitsagentur.de/jobsuche/jobdetail/18024-100PJ000VYT09-S,18024-100PJ000VYT09-S
https://www.arbeitsagentur.de/jobsuche/jobdetail/10000-1206444758-S,10000-1206444758-S
https://www.arbeitsagentur.de/jobsuche/jobdetail/11949-17213232-S,11949-17213232-S
https://www.arbeitsagentur.de/jobsuche/jobdetail/10001-1003035597-S,10001-1003035597-S
https://www.arbeitsagentur.de/jobsuche/jobdetail/10001-1003035017-S,10001-1003035017-S
https://www.arbeitsagentur.de/jobsuche/jobdetail/14751-373A96591-S,14751-373A96591-S
https://www.arbeitsagentur.de/jobsuche/jobdetail/12147-20260506219317-S,12147-20260506219317-S
https://www.arbeitsagentur.de/jobsuche/jobdetail/20730-2248799-S,20730-2248799-S
https://www.arbeitsagentur.de/jobsuche/jobdetail/11949-17213304-S,11949-17213304-S
https://www.arbeitsagentur.de/jobsuche/jobdetail/11949-17215926-S,11949-17215926-S
https://www.arbeitsagentur.de/jobsuche/jobdetail/11119-4804199626-S,11119-4804199626-S
https://www.arbeitsagentur.de/jobsuche/jobdetail/14751-417A10525-S,14751-417A10525-S
https://www.arbeitsagentur.de/jobsuche/jobdetail/10001-1003035656-S,10001-1003035656-S
https://www.arbeitsagentur.de/jobsuche/jobdetail/12288-4803154053-S,12288-4803154053-S
https://www.arbeitsagentur.de/jobsuche/jobdetail/12811-2248954-S,12811-2248954-S
https://www.arbeitsagentur.de/jobsuche/jobdetail/16291-89875a7000b64c4-S,16291-89875a7000b64c4-S
https://www.arbeitsagentur.de/jobsuche/jobdetail/11119-4791109713-S,11119-4791109713-S
https://www.arbeitsagentur.de/jobsuche/jobdetail/16864-LSCZOXHNLX0UHGT0-S,16864-LSCZOXHNLX0UHGT0-S
https://www.arbeitsagentur.de/jobsuche/jobdetail/11949-17215245-S,11949-17215245-S
https://www.arbeitsagentur.de/jobsuche/jobdetail/10001-1003042570-S,10001-1003042570-S
https://www.arbeitsagentur.de/jobsuche/jobdetail/10001-1003038770-S,10001-1003038770-S
https://www.arbeitsagentur.de/jobsuche/jobdetail/14751-70A22070-S,14751-70A22070-S
https://www.arbeitsagentur.de/jobsuche/jobdetail/14751-417A10310-S,14751-417A10310-S
https://www.arbeitsagentur.de/jobsuche/jobdetail/18248-PKYZQPNWTTESMZSS-S,18248-PKYZQPNWTTESMZSS-S
https://www.arbeitsagentur.de/jobsuche/jobdetail/12438-13742011-S,12438-13742011-S
https://www.arbeitsagentur.de/jobsuche/jobdetail/10001-1003039823-S,10001-1003039823-S
https://www.arbeitsagentur.de/jobsuche/jobdetail/14751-373A95898-S,14751-373A95898-S
https://www.arbeitsagentur.de/jobsuche/jobdetail/13635-23216620_JB5139911-S,13635-23216620_JB5139911-S
https://www.arbeitsagentur.de/jobsuche/jobdetail/12288-4803123586-S,12288-4803123586-S
https://www.arbeitsagentur.de/jobsuche/jobdetail/10001-1003039580-S,10001-1003039580-S
https://www.arbeitsagentur.de/jobsuche/jobdetail/18934-14795-1771070-0-S,18934-14795-1771070-0-S
https://www.arbeitsagentur.de/jobsuche/jobdetail/10000-1206449465-S,10000-1206449465-S
https://www.arbeitsagentur.de/jobsuche/jobdetail/14751-70A22001-S,14751-70A22001-S
https://www.arbeitsagentur.de/jobsuche/jobdetail/12826-SA0137547_JB5140368-S,12826-SA0137547_JB5140368-S
https://www.arbeitsagentur.de/jobsuche/jobdetail/14927-2d8e4of4j3v-S,14927-2d8e4of4j3v-S
https://www.arbeitsagentur.de/jobsuche/jobdetail/10001-1003042452-S,10001-1003042452-S
https://www.arbeitsagentur.de/jobsuche/jobdetail/12759-UGRASUR71VFY7UYR-S,12759-UGRASUR71VFY7UYR-S
https://www.arbeitsagentur.de/jobsuche/jobdetail/15986-REF285440K-1-S,15986-REF285440K-1-S
https://www.arbeitsagentur.de/jobsuche/jobdetail/10001-1003036250-S,10001-1003036250-S
https://www.arbeitsagentur.de/jobsuche/jobdetail/12456-1571569-1-S,12456-1571569-1-S
https://www.arbeitsagentur.de/jobsuche/jobdetail/16963-REF347E-1482863248-S,16963-REF347E-1482863248-S
https://www.arbeitsagentur.de/jobsuche/jobdetail/12162-R9KJEG1UM0RWP9G5-S,12162-R9KJEG1UM0RWP9G5-S
https://www.arbeitsagentur.de/jobsuche/jobdetail/10001-1003028791-S,10001-1003028791-S
https://www.arbeitsagentur.de/jobsuche/jobdetail/11119-4803003857-S,11119-4803003857-S
https://www.arbeitsagentur.de/jobsuche/jobdetail/13356-102655A38345C37-S,13356-102655A38345C37-S
https://www.arbeitsagentur.de/jobsuche/jobdetail/10001-1003043127-S,10001-1003043127-S
https://www.arbeitsagentur.de/jobsuche/jobdetail/10000-1206444925-S,10000-1206444925-S
https://www.arbeitsagentur.de/jobsuche/jobdetail/18024-100PJ000VLe0d-S,18024-100PJ000VLe0d-S
https://www.arbeitsagentur.de/jobsuche/jobdetail/11949-17214157-S,11949-17214157-S
https://www.arbeitsagentur.de/jobsuche/jobdetail/11949-17215567-S,11949-17215567-S
https://www.arbeitsagentur.de/jobsuche/jobdetail/11949-17215795-S,11949-17215795-S
https://www.arbeitsagentur.de/jobsuche/jobdetail/12306-AQX5O0T03NFRK4G3-S,12306-AQX5O0T03NFRK4G3-S
https://www.arbeitsagentur.de/jobsuche/jobdetail/10001-1003041375-S,10001-1003041375-S
https://www.arbeitsagentur.de/jobsuche/jobdetail/10001-1003043034-S,10001-1003043034-S
https://www.arbeitsagentur.de/jobsuche/jobdetail/10001-1003038996-S,10001-1003038996-S
https://www.arbeitsagentur.de/jobsuche/jobdetail/10000-1206445323-S,10000-1206445323-S
https://www.arbeitsagentur.de/jobsuche/jobdetail/13038-4804112426-S,13038-4804112426-S
https://www.arbeitsagentur.de/jobsuche/jobdetail/12288-4803084562-S,12288-4803084562-S
https://www.arbeitsagentur.de/jobsuche/jobdetail/18663-0064595963-S,18663-0064595963-S
https://www.arbeitsagentur.de/jobsuche/jobdetail/10001-1003043170-S,10001-1003043170-S
https://www.arbeitsagentur.de/jobsuche/jobdetail/10000-1206448706-S,10000-1206448706-S
https://www.arbeitsagentur.de/jobsuche/jobdetail/10001-1003036506-S,10001-1003036506-S
https://www.arbeitsagentur.de/jobsuche/jobdetail/13635-c6cf172d_JB5140986-S,13635-c6cf172d_JB5140986-S
https://www.arbeitsagentur.de/jobsuche/jobdetail/11949-17216456-S,11949-17216456-S
https://www.arbeitsagentur.de/jobsuche/jobdetail/11119-4803039068-S,11119-4803039068-S
https://www.arbeitsagentur.de/jobsuche/jobdetail/15450-7b3ef1bc_JB5140448-S,15450-7b3ef1bc_JB5140448-S
https://www.arbeitsagentur.de/jobsuche/jobdetail/10000-1206442649-S,10000-1206442649-S
https://www.arbeitsagentur.de/jobsuche/jobdetail/13392-k59006.2455-S,13392-k59006.2455-S
https://www.arbeitsagentur.de/jobsuche/jobdetail/18024-100PJ000VSo0M-S,18024-100PJ000VSo0M-S
https://www.arbeitsagentur.de/jobsuche/jobdetail/10001-1003041797-S,10001-1003041797-S
https://www.arbeitsagentur.de/jobsuche/jobdetail/10001-1003040049-S,10001-1003040049-S
https://www.arbeitsagentur.de/jobsuche/jobdetail/10001-1003035652-S,10001-1003035652-S
https://www.arbeitsagentur.de/jobsuche/jobdetail/10001-1003039809-S,10001-1003039809-S
https://www.arbeitsagentur.de/jobsuche/jobdetail/10001-1003036583-S,10001-1003036583-S
https://www.arbeitsagentur.de/jobsuche/jobdetail/11949-17216005-S,11949-17216005-S
https://www.arbeitsagentur.de/jobsuche/jobdetail/10001-1003041107-S,10001-1003041107-S
https://www.arbeitsagentur.de/jobsuche/jobdetail/10000-1206450543-S,10000-1206450543-S
https://www.arbeitsagentur.de/jobsuche/jobdetail/18024-1002X000Pss1D-S,18024-1002X000Pss1D-S
https://www.arbeitsagentur.de/jobsuche/jobdetail/15138-0064601768-S,15138-0064601768-S
https://www.arbeitsagentur.de/jobsuche/jobdetail/12811-2249033-S,12811-2249033-S
https://www.arbeitsagentur.de/jobsuche/jobdetail/10001-1003040905-S,10001-1003040905-S
https://www.arbeitsagentur.de/jobsuche/jobdetail/17405-k60982.1559-S,17405-k60982.1559-S
https://www.arbeitsagentur.de/jobsuche/jobdetail/14751-429A17-S,14751-429A17-S
https://www.arbeitsagentur.de/jobsuche/jobdetail/14927-1z8lu34ihnw-S,14927-1z8lu34ihnw-S
https://www.arbeitsagentur.de/jobsuche/jobdetail/12362-TR-277745_609526LS-S,12362-TR-277745_609526LS-S
https://www.arbeitsagentur.de/jobsuche/jobdetail/11119-4804221895-S,11119-4804221895-S
https://www.arbeitsagentur.de/jobsuche/jobdetail/10001-1003040007-S,10001-1003040007-S
https://www.arbeitsagentur.de/jobsuche/jobdetail/12122-200376-1747445-0-S,12122-200376-1747445-0-S
https://www.arbeitsagentur.de/jobsuche/jobdetail/16291-210b63c05ab442c-S,16291-210b63c05ab442c-S
https://www.arbeitsagentur.de/jobsuche/jobdetail/12608-1401704-23460-1-S,12608-1401704-23460-1-S
https://www.arbeitsagentur.de/jobsuche/jobdetail/10001-1003040197-S,10001-1003040197-S
https://www.arbeitsagentur.de/jobsuche/jobdetail/16963-REF376T-6050935248-S,16963-REF376T-6050935248-S
https://www.arbeitsagentur.de/jobsuche/jobdetail/10000-1206445981-S,10000-1206445981-S
https://www.arbeitsagentur.de/jobsuche/jobdetail/10001-1003041236-S,10001-1003041236-S
https://www.arbeitsagentur.de/jobsuche/jobdetail/10001-1003037634-S,10001-1003037634-S
https://www.arbeitsagentur.de/jobsuche/jobdetail/15754-CK6WXW6MEB2824YW-S,15754-CK6WXW6MEB2824YW-S
https://www.arbeitsagentur.de/jobsuche/jobdetail/10001-1003040026-S,10001-1003040026-S
https://www.arbeitsagentur.de/jobsuche/jobdetail/19935-5gujzusgl9-S,19935-5gujzusgl9-S
https://www.arbeitsagentur.de/jobsuche/jobdetail/10001-1003041333-S,10001-1003041333-S
https://www.arbeitsagentur.de/jobsuche/jobdetail/14811-00005d09746001-S,14811-00005d09746001-S
https://www.arbeitsagentur.de/jobsuche/jobdetail/14751-70A22047-S,14751-70A22047-S
https://www.arbeitsagentur.de/jobsuche/jobdetail/17560-fec9afa918634a9-S,17560-fec9afa918634a9-S
https://www.arbeitsagentur.de/jobsuche/jobdetail/17803-260507173118-HE1424-S,17803-260507173118-HE1424-S
https://www.arbeitsagentur.de/jobsuche/jobdetail/17803-260507173044-AF1422-S,17803-260507173044-AF1422-S
https://www.arbeitsagentur.de/jobsuche/jobdetail/10001-1003041504-S,10001-1003041504-S
https://www.arbeitsagentur.de/jobsuche/jobdetail/14599-T0O73E1JBCD539MI-S,14599-T0O73E1JBCD539MI-S
https://www.arbeitsagentur.de/jobsuche/jobdetail/13270-2026-00003596-2-S,13270-2026-00003596-2-S
https://www.arbeitsagentur.de/jobsuche/jobdetail/12147-20260506219304-S,12147-20260506219304-S
https://www.arbeitsagentur.de/jobsuche/jobdetail/15303-MAZBB7C7A2J68TDR-S,15303-MAZBB7C7A2J68TDR-S
https://www.arbeitsagentur.de/jobsuche/jobdetail/12826-SA0135521_JB5140609-S,12826-SA0135521_JB5140609-S
https://www.arbeitsagentur.de/jobsuche/jobdetail/10000-1206450013-S,10000-1206450013-S
https://www.arbeitsagentur.de/jobsuche/jobdetail/11081-KZRYEU361L68NWZE-S,11081-KZRYEU361L68NWZE-S
https://www.arbeitsagentur.de/jobsuche/jobdetail/10001-1003037132-S,10001-1003037132-S
https://www.arbeitsagentur.de/jobsuche/jobdetail/11949-17213332-S,11949-17213332-S
https://www.arbeitsagentur.de/jobsuche/jobdetail/17803-260507172724-PH1410-S,17803-260507172724-PH1410-S
https://www.arbeitsagentur.de/jobsuche/jobdetail/10001-1003042620-S,10001-1003042620-S
https://www.arbeitsagentur.de/jobsuche/jobdetail/19935-qf2k26yf77-S,19935-qf2k26yf77-S
https://www.arbeitsagentur.de/jobsuche/jobdetail/11949-17215388-S,11949-17215388-S
https://www.arbeitsagentur.de/jobsuche/jobdetail/11864-HRIUXM9OX2IJK7BQ-S,11864-HRIUXM9OX2IJK7BQ-S
https://www.arbeitsagentur.de/jobsuche/jobdetail/10000-1206445407-S,10000-1206445407-S
https://www.arbeitsagentur.de/jobsuche/jobdetail/12608-1401672-7912-1-S,12608-1401672-7912-1-S
https://www.arbeitsagentur.de/jobsuche/jobdetail/17459-k59342.7808-S,17459-k59342.7808-S
https://www.arbeitsagentur.de/jobsuche/jobdetail/11119-4804147581-S,11119-4804147581-S
https://www.arbeitsagentur.de/jobsuche/jobdetail/12222-C7M6MTDFI0XIQH07-S,12222-C7M6MTDFI0XIQH07-S
https://www.arbeitsagentur.de/jobsuche/jobdetail/10001-1003040535-S,10001-1003040535-S
https://www.arbeitsagentur.de/jobsuche/jobdetail/10001-1003041082-S,10001-1003041082-S
https://www.arbeitsagentur.de/jobsuche/jobdetail/13635-7685fccc_JB5140831-S,13635-7685fccc_JB5140831-S
https://www.arbeitsagentur.de/jobsuche/jobdetail/10001-1003036817-S,10001-1003036817-S
https://www.arbeitsagentur.de/jobsuche/jobdetail/13103-24356_JB5140341-S,13103-24356_JB5140341-S
https://www.arbeitsagentur.de/jobsuche/jobdetail/10001-1003038481-S,10001-1003038481-S
https://www.arbeitsagentur.de/jobsuche/jobdetail/13356-102655A38441C36-S,13356-102655A38441C36-S
https://www.arbeitsagentur.de/jobsuche/jobdetail/12811-2248773-S,12811-2248773-S
https://www.arbeitsagentur.de/jobsuche/jobdetail/10001-1003038959-S,10001-1003038959-S
https://www.arbeitsagentur.de/jobsuche/jobdetail/13356-109526A48330C5-S,13356-109526A48330C5-S
https://www.arbeitsagentur.de/jobsuche/jobdetail/14927-6o20plop9j-S,14927-6o20plop9j-S
https://www.arbeitsagentur.de/jobsuche/jobdetail/12608-1401765-28725-1-S,12608-1401765-28725-1-S
https://www.arbeitsagentur.de/jobsuche/jobdetail/13635-aae896ed_JB5139793-S,13635-aae896ed_JB5139793-S
https://www.arbeitsagentur.de/jobsuche/jobdetail/11119-4791109487-S,11119-4791109487-S
https://www.arbeitsagentur.de/jobsuche/jobdetail/10001-1003033886-S,10001-1003033886-S
https://www.arbeitsagentur.de/jobsuche/jobdetail/16195-0064611793-S,16195-0064611793-S
https://www.arbeitsagentur.de/jobsuche/jobdetail/14792-V66ZXE1VDBLUHE1A-S,14792-V66ZXE1VDBLUHE1A-S
https://www.arbeitsagentur.de/jobsuche/jobdetail/12787-258405070526-S,12787-258405070526-S
https://www.arbeitsagentur.de/jobsuche/jobdetail/18024-100PJ000PGU1p-S,18024-100PJ000PGU1p-S
https://www.arbeitsagentur.de/jobsuche/jobdetail/11864-TD5GTTV6YY09NUNE-S,11864-TD5GTTV6YY09NUNE-S
https://www.arbeitsagentur.de/jobsuche/jobdetail/10001-1003041955-S,10001-1003041955-S
https://www.arbeitsagentur.de/jobsuche/jobdetail/18024-100PJ000Vco00-S,18024-100PJ000Vco00-S
https://www.arbeitsagentur.de/jobsuche/jobdetail/10001-1003040916-S,10001-1003040916-S
https://www.arbeitsagentur.de/jobsuche/jobdetail/10001-1003042243-S,10001-1003042243-S
https://www.arbeitsagentur.de/jobsuche/jobdetail/10000-1206441109-S,10000-1206441109-S
https://www.arbeitsagentur.de/jobsuche/jobdetail/13356-101820A18711C94-S,13356-101820A18711C94-S
https://www.arbeitsagentur.de/jobsuche/jobdetail/11119-4792608740-S,11119-4792608740-S
https://www.arbeitsagentur.de/jobsuche/jobdetail/19274-363FTW38PWR9UGRT-S,19274-363FTW38PWR9UGRT-S
